	Df	SumsOfSqs	MeanSqs	F.Model	R2	Pr(>F)
IncomeGroup	4	4401.47949018095	1100.36987254524	213.862407257549	0.302043294160049	0.001
Ethnicity	9	5621.35639962318	624.595155513686	121.393203187748	0.385755064490839	0.001
EducationLevel	4	1569.38564419133	392.346411047833	76.254494092485	0.107696153267672	0.001
GeoRegion	1	505.272320740165	505.272320740165	98.202211392931	0.03467336756759	0.001
Residuals	481	2474.85247866337	5.14522344836459	NA	0.169832120513849	NA
Total	499	14572.346333399	NA	NA	1	NA
