	Df	SumsOfSqs	MeanSqs	F.Model	R2	Pr(>F)
IncomeGroup	4	4320.09596088251	1080.02399022063	210.608066583705	0.286519061461723	0.001
Ethnicity	9	5780.81379312167	642.312643680186	125.25298072325	0.383397349847722	0.001
EducationLevel	4	1892.98641823043	473.246604557607	92.2845726628908	0.125547371359865	0.001
GeoRegion	1	617.342658046442	617.342658046442	120.383755183296	0.0409436365732067	0.001
Residuals	481	2466.62698026171	5.12812262008672	NA	0.163592580757483	NA
Total	499	15077.8658105428	NA	NA	1	NA
