	Df	SumsOfSqs	MeanSqs	F.Model	R2	Pr(>F)
IncomeGroup	4	4450.67071931344	1112.66767982836	211.587924843067	0.297140108108545	0.001
Ethnicity	9	5919.37099672396	657.707888524884	125.071528371672	0.39519493775816	0.001
EducationLevel	4	1590.00086985085	397.500217462712	75.5897269799166	0.106153220526959	0.001
GeoRegion	1	488.902197218533	488.902197218533	92.9709770815332	0.0326405750723409	0.001
Residuals	481	2529.41255695187	5.2586539645569	NA	0.168871158533995	NA
Total	499	14978.3573400586	NA	NA	1	NA
