	Df	SumsOfSqs	MeanSqs	F.Model	R2	Pr(>F)
IncomeGroup	4	3770.7088105432	942.677202635799	172.983631258145	0.258790578013559	0.001
Ethnicity	9	5965.3276741823	662.814186020256	121.628065711793	0.409411247170669	0.001
EducationLevel	4	1660.2489197028	415.062229925699	76.1649603171639	0.113945891651702	0.001
GeoRegion	1	552.99970056404	552.99970056404	101.476832176234	0.0379533714590061	0.001
Residuals	481	2621.21757515406	5.44951678826207	NA	0.179898911705064	NA
Total	499	14570.5026801464	NA	NA	1	NA
