	Df	SumsOfSqs	MeanSqs	F.Model	R2	Pr(>F)
IncomeGroup	4	3723.70879123806	930.927197809515	168.178597856107	0.269192934637582	0.001
Ethnicity	9	5169.52882278661	574.392091420735	103.768003321933	0.373713604504721	0.001
EducationLevel	4	1732.17443872108	433.043609680271	78.2323980413742	0.125221693372135	0.001
GeoRegion	1	544.947458918565	544.947458918565	98.4486217201761	0.0393951336997027	0.001
Residuals	481	2662.50276702564	5.5353487879951	NA	0.19247663378586	NA
Total	499	13832.86227869	NA	NA	1	NA
