	Df	SumsOfSqs	MeanSqs	F.Model	R2	Pr(>F)
IncomeGroup	4	4054.27617043287	1013.56904260822	197.636558032796	0.289094566640896	0.001
Ethnicity	9	5238.22653385843	582.025170428715	113.489507410346	0.373517433473449	0.001
EducationLevel	4	1735.87560868645	433.968902171613	84.6199089681759	0.123778496022419	0.001
GeoRegion	1	528.88595067285	528.88595067285	103.1278526561	0.0377127872608395	0.001
Residuals	481	2466.78405223821	5.12844917305242	NA	0.175896716602397	NA
Total	499	14024.0483158888	NA	NA	1	NA
