	Df	SumsOfSqs	MeanSqs	F.Model	R2	Pr(>F)
IncomeGroup	4	4522.41838569712	1130.60459642428	219.566934689285	0.293917302751893	0.001
Ethnicity	9	6137.77051149719	681.974501277466	132.441572637614	0.398900941884278	0.001
EducationLevel	4	1608.02343912574	402.005859781435	78.0707902997206	0.104507339145006	0.001
GeoRegion	1	641.702864095872	641.702864095872	124.620695242593	0.0417050256959252	0.001
Residuals	481	2476.78828166752	5.14924798683476	NA	0.160969390522898	NA
Total	499	15386.7034820834	NA	NA	1	NA
