	Df	SumsOfSqs	MeanSqs	F.Model	R2	Pr(>F)
IncomeGroup	4	3852.85600400949	963.214001002373	190.331996541967	0.267916121180801	0.001
Ethnicity	9	5743.97665712272	638.219628569191	126.112801528461	0.399419013980256	0.001
EducationLevel	4	1692.29278716859	423.073196792148	83.5996633614588	0.117676995706206	0.001
GeoRegion	1	657.504957655283	657.504957655283	129.923600774636	0.0457209347374603	0.001
Residuals	481	2434.19888878213	5.0607045504826	NA	0.169266934395277	NA
Total	499	14380.8292947382	NA	NA	1	NA
