	Df	SumsOfSqs	MeanSqs	F.Model	R2	Pr(>F)
IncomeGroup	4	3842.92981392007	960.732453480018	174.117844787251	0.25568253329884	0.001
Ethnicity	9	5772.48745359528	641.38749484392	116.24152787927	0.38406223559557	0.001
EducationLevel	4	2210.26300288425	552.565750721062	100.143965440428	0.147055936797783	0.001
GeoRegion	1	550.382797544446	550.382797544446	99.7483390607766	0.0366187452736011	0.001
Residuals	481	2654.02038882648	5.51771390608417	NA	0.176580549034206	NA
Total	499	15030.0834567705	NA	NA	1	NA
