	Df	SumsOfSqs	MeanSqs	F.Model	R2	Pr(>F)
IncomeGroup	4	3566.87269297677	891.718173244191	167.010238376463	0.242155381467277	0.001
Ethnicity	9	6130.58832048232	681.176480053591	127.577803978474	0.416206318854144	0.001
EducationLevel	4	1921.57267270865	480.393168177162	89.973020556262	0.130455781192606	0.001
GeoRegion	1	542.44767819078	542.44767819078	101.59523351622	0.0368268328435075	0.001
Residuals	481	2568.20447357019	5.33930243985487	NA	0.174355685642467	NA
Total	499	14729.6858379287	NA	NA	1	NA
