	Df	SumsOfSqs	MeanSqs	F.Model	R2	Pr(>F)
IncomeGroup	4	3457.04895063636	864.262237659089	177.789916163675	0.245284810743204	0.001
Ethnicity	9	5870.57070928873	652.285634365414	134.183588262179	0.416529197573966	0.001
EducationLevel	4	1838.29905260626	459.574763151564	94.5404705323793	0.130431139867122	0.001
GeoRegion	1	589.891103308262	589.891103308262	121.348226537051	0.04185400024707	0.001
Residuals	481	2338.20986748942	4.86114317565369	NA	0.165900851568637	NA
Total	499	14094.019683329	NA	NA	1	NA
