	Df	SumsOfSqs	MeanSqs	F.Model	R2	Pr(>F)
IncomeGroup	4	4641.89790425605	1160.47447606401	207.219875548864	0.294523481964841	0.001
Ethnicity	9	5726.06169201384	636.229076890427	113.608108453159	0.363312520495363	0.001
EducationLevel	4	2140.4143223114	535.10358057785	95.5506559258243	0.135807010851438	0.001
GeoRegion	1	558.631511210997	558.631511210997	99.7519158055411	0.0354445748723362	0.001
Residuals	481	2693.70021340045	5.60020834386787	NA	0.170912411816021	NA
Total	499	15760.7056431927	NA	NA	1	NA
