	Df	SumsOfSqs	MeanSqs	F.Model	R2	Pr(>F)
IncomeGroup	4	4860.66845622169	1215.16711405542	221.724626628527	0.310628434171758	0.001
Ethnicity	9	5840.67292675466	648.963658528296	118.412704901514	0.373257115165897	0.001
EducationLevel	4	1704.62226017948	426.15556504487	77.7581802966181	0.108936486473606	0.001
GeoRegion	1	605.758589504538	605.758589504538	110.529321877938	0.03871192693734	0.001
Residuals	481	2636.13199286118	5.48052389368228	NA	0.168466037251399	NA
Total	499	15647.8542255216	NA	NA	1	NA
