	Df	SumsOfSqs	MeanSqs	F.Model	R2	Pr(>F)
IncomeGroup	4	3627.14196468531	906.785491171327	178.854116696163	0.242350286507496	0.001
Ethnicity	9	6269.08537105776	696.565041228641	137.390293937595	0.418873771859001	0.001
EducationLevel	4	2144.16925678487	536.042314196217	105.728836147884	0.143264321816381	0.001
GeoRegion	1	487.472947700873	487.472947700873	96.1490278827606	0.0325708807899417	0.001
Residuals	481	2438.65687472188	5.0699727125195	NA	0.16294073902718	NA
Total	499	14966.5264149507	NA	NA	1	NA
