	Df	SumsOfSqs	MeanSqs	F.Model	R2	Pr(>F)
IncomeGroup	4	4084.85124381822	1021.21281095455	210.864300181348	0.283680257180684	0.001
Ethnicity	9	5855.15375174153	650.572639082392	134.33296447683	0.40662227899734	0.001
EducationLevel	4	1490.79286216111	372.698215540277	76.9562891845031	0.103530943306931	0.001
GeoRegion	1	639.21673990604	639.21673990604	131.988150832636	0.0443916212237014	0.001
Residuals	481	2329.47616854391	4.84298579738859	NA	0.161774899291343	NA
Total	499	14399.4907661708	NA	NA	1	NA
