	Df	SumsOfSqs	MeanSqs	F.Model	R2	Pr(>F)
IncomeGroup	4	3670.37703435689	917.594258589223	177.264633300063	0.250860931324112	0.001
Ethnicity	9	6527.11087601512	725.234541779458	140.103791955641	0.446111420675829	0.001
EducationLevel	4	1545.85879849023	386.464699622557	74.6588403542745	0.105655515565523	0.001
GeoRegion	1	397.923090885382	397.923090885382	76.8724195112934	0.0271970307792553	0.001
Residuals	481	2489.85277076846	5.17640908683671	NA	0.170175101655281	NA
Total	499	14631.1225705161	NA	NA	1	NA
