	Df	SumsOfSqs	MeanSqs	F.Model	R2	Pr(>F)
IncomeGroup	4	3985.60653110111	996.401632775277	196.288466197192	0.292443851725417	0.001
Ethnicity	9	5003.33275653368	555.925861837075	109.515913212039	0.367119506495895	0.001
EducationLevel	4	1663.72281150992	415.93070287748	81.9372399910084	0.122075649817591	0.001
GeoRegion	1	534.301887728507	534.301887728507	105.25604794161	0.0392043973262753	0.001
Residuals	481	2441.65739663702	5.07621080381916	NA	0.179156594634823	NA
Total	499	13628.6213835102	NA	NA	1	NA
