	Df	SumsOfSqs	MeanSqs	F.Model	R2	Pr(>F)
IncomeGroup	4	5122.07257127306	1280.51814281827	244.261282855129	0.328557452974148	0.001
Ethnicity	9	5321.53487039006	591.281652265562	112.788105128459	0.341352044235856	0.001
EducationLevel	4	1994.1814210491	498.545355262276	95.0984792529504	0.127917587919964	0.001
GeoRegion	1	630.190851259376	630.190851259376	120.210109193296	0.0404238514968812	0.001
Residuals	481	2521.59990112266	5.24241143684544	NA	0.161749063373151	NA
Total	499	15589.5796150943	NA	NA	1	NA
