	Df	SumsOfSqs	MeanSqs	F.Model	R2	Pr(>F)
IncomeGroup	4	3784.01298907609	946.003247269022	176.810282412636	0.252135306754244	0.001
Ethnicity	9	5882.21313930656	653.579237700729	122.155531633222	0.391941998760164	0.001
EducationLevel	4	2213.10520882705	553.276302206763	103.408671722643	0.147463014085284	0.001
GeoRegion	1	554.999393204725	554.999393204725	103.730721574853	0.0369805660440557	0.001
Residuals	481	2573.53563224601	5.35038592982538	NA	0.171479114356253	NA
Total	499	15007.8663626604	NA	NA	1	NA
