	Df	SumsOfSqs	MeanSqs	F.Model	R2	Pr(>F)
IncomeGroup	4	4840.86466579124	1210.21616644781	232.985299546634	0.308411929661912	0.001
Ethnicity	9	6057.43366947325	673.048185497028	129.572168555316	0.385919651917376	0.001
EducationLevel	4	1803.44542383361	450.861355958404	86.7977729799234	0.114897672544944	0.001
GeoRegion	1	495.855933090972	495.855933090972	95.4599238599395	0.0315910267518083	0.001
Residuals	481	2498.50088050247	5.19438852495316	NA	0.15917971912396	NA
Total	499	15696.1005726915	NA	NA	1	NA
