	Df	SumsOfSqs	MeanSqs	F.Model	R2	Pr(>F)
IncomeGroup	4	4549.68745932614	1137.42186483154	205.271963649269	0.284300775477666	0.001
Ethnicity	9	5963.56417594978	662.618241772197	119.583552808307	0.372651074384891	0.001
EducationLevel	4	2258.48795018585	564.621987546462	101.898044768448	0.141128348130511	0.001
GeoRegion	1	566.094091323897	566.094091323897	102.163717200492	0.0353740758229019	0.001
Residuals	481	2665.24423139807	5.54104829812489	NA	0.16654572618403	NA
Total	499	16003.0779081837	NA	NA	1	NA
