	Df	SumsOfSqs	MeanSqs	F.Model	R2	Pr(>F)
IncomeGroup	4	4231.08547855513	1057.77136963878	198.574791088432	0.27118292603988	0.001
Ethnicity	9	5900.77019649881	655.641132944312	123.083120549821	0.378198014643257	0.001
EducationLevel	4	2184.56272648735	546.140681621838	102.526665847445	0.140015160480474	0.001
GeoRegion	1	723.713025834642	723.713025834642	135.862216579152	0.0463849328863084	0.001
Residuals	481	2562.1984845482	5.32681597619168	NA	0.164218965950081	NA
Total	499	15602.3299119241	NA	NA	1	NA
