	Df	SumsOfSqs	MeanSqs	F.Model	R2	Pr(>F)
IncomeGroup	4	4324.50004306458	1081.12501076614	203.766424824595	0.280910458772657	0.001
Ethnicity	9	6297.53948461333	699.726609401481	131.881871321555	0.409074965463062	0.001
EducationLevel	4	1651.51286042073	412.878215105184	77.8177518253175	0.107278813890581	0.001
GeoRegion	1	568.98777815213	568.98777815213	107.240702202225	0.036960253487125	0.001
Residuals	481	2552.04521856904	5.30570731511234	NA	0.165775508386575	NA
Total	499	15394.5853848198	NA	NA	1	NA
