	Df	SumsOfSqs	MeanSqs	F.Model	R2	Pr(>F)
IncomeGroup	4	4702.52915788396	1175.63228947099	231.37072346834	0.321490366637581	0.001
Ethnicity	9	5732.80714712522	636.978571902802	125.360790389058	0.391925750955081	0.001
EducationLevel	4	1279.83724964985	319.959312412464	62.969704265792	0.0874966072111527	0.001
GeoRegion	1	468.065780999435	468.065780999435	92.1178495610597	0.0319995122819667	0.001
Residuals	481	2444.03925768476	5.08116269788931	NA	0.167087762914219	NA
Total	499	14627.2785933432	NA	NA	1	NA
