	Df	SumsOfSqs	MeanSqs	F.Model	R2	Pr(>F)
IncomeGroup	4	4791.78848551524	1197.94712137881	216.410671493565	0.289500043091822	0.001
Ethnicity	9	6586.17770295869	731.797522550966	132.200153434404	0.397909618627902	0.001
EducationLevel	4	1884.01345543	471.003363857501	85.0873568866799	0.113824301339944	0.001
GeoRegion	1	627.375800867883	627.375800867883	113.336236568074	0.0379034512760822	0.001
Residuals	481	2662.58850086485	5.53552702882506	NA	0.160862585664251	NA
Total	499	16551.9439456367	NA	NA	1	NA
