	Df	SumsOfSqs	MeanSqs	F.Model	R2	Pr(>F)
IncomeGroup	4	3698.46337079739	924.615842699347	177.56383442891	0.260064310161398	0.001
Ethnicity	9	5368.87413236626	596.541570262918	114.560235419381	0.377522340386508	0.001
EducationLevel	4	2055.49599675758	513.873999189395	98.6847007109495	0.144536012620026	0.001
GeoRegion	1	593.83006824055	593.83006824055	114.039516788011	0.0417562624168367	0.001
Residuals	481	2504.67794733529	5.20723065974074	NA	0.176121074415232	NA
Total	499	14221.3415154971	NA	NA	1	NA
