	Df	SumsOfSqs	MeanSqs	F.Model	R2	Pr(>F)
IncomeGroup	4	3868.20500111686	967.051250279215	167.646863750791	0.243861026039725	0.001
Ethnicity	9	6418.3194818271	713.1466090919	123.630254729777	0.40462642849518	0.001
EducationLevel	4	2112.65426097991	528.163565244976	91.5618125049642	0.133186849094349	0.001
GeoRegion	1	688.563051439876	688.563051439876	119.368478180697	0.0434086849504332	0.001
Residuals	481	2774.59202622338	5.76838259090099	NA	0.174917011420313	NA
Total	499	15862.3338215871	NA	NA	1	NA
