	Df	SumsOfSqs	MeanSqs	F.Model	R2	Pr(>F)
IncomeGroup	4	4597.9626625689	1149.49066564223	222.737577890315	0.314034700358306	0.001
Ethnicity	9	5359.53141724381	595.503490804868	115.391111151822	0.366048827750755	0.001
EducationLevel	4	1670.35215510947	417.588038777368	80.9163145846613	0.114082818199656	0.001
GeoRegion	1	531.413101384034	531.413101384034	102.972273372337	0.0362948040918574	0.001
Residuals	481	2482.31580593995	5.16073972128888	NA	0.169538849599425	NA
Total	499	14641.5751422462	NA	NA	1	NA
