	Df	SumsOfSqs	MeanSqs	F.Model	R2	Pr(>F)
IncomeGroup	4	4939.83428717716	1234.95857179429	228.256426155867	0.317836756694181	0.001
Ethnicity	9	5979.40208278122	664.378009197914	122.796467395447	0.384724194067576	0.001
EducationLevel	4	1636.57262654295	409.143156635739	75.6216093825049	0.105299673121653	0.001
GeoRegion	1	383.837094253551	383.837094253551	70.944309680829	0.0246966861728842	0.001
Residuals	481	2602.40240784031	5.41040001630003	NA	0.167442689943706	NA
Total	499	15542.0484985952	NA	NA	1	NA
