	Df	SumsOfSqs	MeanSqs	F.Model	R2	Pr(>F)
IncomeGroup	4	4522.58438475584	1130.64609618896	207.16571751235	0.302985990963055	0.001
Ethnicity	9	5713.64527103911	634.849474559901	116.322028044715	0.382779916786586	0.001
EducationLevel	4	1516.3186578692	379.0796644673	69.4579063673556	0.101584243009115	0.001
GeoRegion	1	549.014387857169	549.014387857169	100.594659963365	0.036780666584922	0.001
Residuals	481	2625.14849849358	5.45768918605733	NA	0.175869182656321	NA
Total	499	14926.7112000149	NA	NA	1	NA
