	Df	SumsOfSqs	MeanSqs	F.Model	R2	Pr(>F)
IncomeGroup	4	2944.83753263448	736.20938315862	153.14663401261	0.218039158676363	0.001
Ethnicity	9	5731.53492906977	636.837214341085	132.475187115743	0.424369439743105	0.001
EducationLevel	4	1965.47192712942	491.367981782355	102.214606595586	0.145525802576254	0.001
GeoRegion	1	551.886359313276	551.886359313276	114.803668928642	0.0408623009371851	0.001
Residuals	481	2312.27225843004	4.80721883249489	NA	0.171203298067092	NA
Total	499	13506.003006577	NA	NA	1	NA
