	Df	SumsOfSqs	MeanSqs	F.Model	R2	Pr(>F)
IncomeGroup	4	3817.21210140679	954.303025351697	187.366590783348	0.267714246278239	0.001
Ethnicity	9	5816.7691274312	646.307680825689	126.895193179099	0.407950074912231	0.001
EducationLevel	4	1640.02332620194	410.005831550486	80.5000013812121	0.115020490606502	0.001
GeoRegion	1	534.678806125907	534.678806125907	104.978127918018	0.0374988682264192	0.001
Residuals	481	2449.84846698166	5.09324005609493	NA	0.171816319976609	NA
Total	499	14258.5318281475	NA	NA	1	NA
