	Df	SumsOfSqs	MeanSqs	F.Model	R2	Pr(>F)
IncomeGroup	4	4010.31207290859	1002.57801822715	193.135391974079	0.266513861473827	0.001
Ethnicity	9	6418.23980366303	713.137755962559	137.37797710037	0.426537846142888	0.001
EducationLevel	4	1612.49952211633	403.124880529082	77.6574794180738	0.10716210271193	0.001
GeoRegion	1	509.339886329246	509.339886329246	98.1186070368682	0.0338492709396039	0.001
Residuals	481	2496.90138010532	5.19106316030211	NA	0.165936918731752	NA
Total	499	15047.2926651225	NA	NA	1	NA
