	Df	SumsOfSqs	MeanSqs	F.Model	R2	Pr(>F)
IncomeGroup	4	4244.08293568144	1061.02073392036	212.590676642965	0.288640246475846	0.001
Ethnicity	9	5881.02949527532	653.447721697257	130.927595347869	0.399969046027945	0.001
EducationLevel	4	1724.86416469873	431.216041174683	86.4003002409824	0.117308079314444	0.001
GeoRegion	1	453.107730838317	453.107730838317	90.7866133163678	0.0308158744989945	0.001
Residuals	481	2400.62725738815	4.99090905901903	NA	0.16326675368277	NA
Total	499	14703.711583882	NA	NA	1	NA
