	Df	SumsOfSqs	MeanSqs	F.Model	R2	Pr(>F)
IncomeGroup	4	4155.54442416847	1038.88610604212	186.470024468547	0.270103091840751	0.001
Ethnicity	9	6278.68032304281	697.631147004756	125.218054506086	0.408103197759196	0.001
EducationLevel	4	1686.17940411003	421.544851027507	75.6632302891753	0.109598700906548	0.001
GeoRegion	1	584.816889062749	584.816889062749	104.96898454885	0.0380120710484635	0.001
Residuals	481	2679.80989668689	5.57133034654239	NA	0.174182938445042	NA
Total	499	15385.0309370709	NA	NA	1	NA
