	Df	SumsOfSqs	MeanSqs	F.Model	R2	Pr(>F)
IncomeGroup	4	4558.92727662297	1139.73181915574	215.387360975804	0.289985109983677	0.001
Ethnicity	9	6355.64150514609	706.182389460677	133.454869537812	0.404270849051982	0.001
EducationLevel	4	1646.75870014718	411.689675036796	77.8014188573292	0.104747339407549	0.001
GeoRegion	1	614.685673194586	614.685673194586	116.163752519509	0.0390990427640164	0.001
Residuals	481	2545.23293535082	5.29154456413892	NA	0.161897658792776	NA
Total	499	15721.2460904617	NA	NA	1	NA
