	Df	SumsOfSqs	MeanSqs	F.Model	R2	Pr(>F)
IncomeGroup	4	3781.24614766757	945.311536916893	178.675533151324	0.262637351415251	0.001
Ethnicity	9	5479.78509948587	608.865011053985	115.082992451431	0.38061427070583	0.001
EducationLevel	4	2023.35076547012	505.837691367529	95.6095590326789	0.140537660145422	0.001
GeoRegion	1	568.024398593763	568.024398593763	107.363613262052	0.0394537720528799	0.001
Residuals	481	2544.80756955086	5.29066022775647	NA	0.176756945680617	NA
Total	499	14397.2139807682	NA	NA	1	NA
