	Df	SumsOfSqs	MeanSqs	F.Model	R2	Pr(>F)
IncomeGroup	4	4305.64347337313	1076.41086834328	212.002466375823	0.294318407015823	0.001
Ethnicity	9	5699.34733110203	633.260814566892	124.722685821608	0.389587024075104	0.001
EducationLevel	4	1680.36207564034	420.090518910084	82.7381334853214	0.114863548821616	0.001
GeoRegion	1	501.643591622516	501.643591622516	98.8002646510656	0.0342905639282689	0.001
Residuals	481	2442.20568054752	5.07735068720897	NA	0.166940456159188	NA
Total	499	14629.2021522855	NA	NA	1	NA
