	Df	SumsOfSqs	MeanSqs	F.Model	R2	Pr(>F)
IncomeGroup	4	3853.4035487103	963.350887177576	189.767097654039	0.271373738573526	0.001
Ethnicity	9	5614.23062665755	623.80340296195	122.880834867578	0.395378977340686	0.001
EducationLevel	4	1679.93128122935	419.982820307337	82.7309362923649	0.118308198601832	0.001
GeoRegion	1	610.26102876814	610.26102876814	120.21317028107	0.0429772835336605	0.001
Residuals	481	2441.79197796015	5.07649059866975	NA	0.171961801950296	NA
Total	499	14199.6184633255	NA	NA	1	NA
