	Df	SumsOfSqs	MeanSqs	F.Model	R2	Pr(>F)
IncomeGroup	4	4097.99928183995	1024.49982045999	195.064616496499	0.277286153371593	0.001
Ethnicity	9	5514.61339132206	612.734821258007	116.664620662481	0.373139629718191	0.001
EducationLevel	4	2032.20663943855	508.051659859637	96.7329619896217	0.137506798598833	0.001
GeoRegion	1	607.872163998791	607.872163998791	115.73877142905	0.0411309330491664	0.001
Residuals	481	2526.26243801677	5.25210486074173	NA	0.170936485262218	NA
Total	499	14778.9539146161	NA	NA	1	NA
