	Df	SumsOfSqs	MeanSqs	F.Model	R2	Pr(>F)
IncomeGroup	4	3448.93630615007	862.234076537517	166.838020128046	0.244785679097719	0.001
Ethnicity	9	5614.07398373767	623.785998193075	120.699498841486	0.398454709112355	0.001
EducationLevel	4	2004.42422997937	501.106057494841	96.9615383821733	0.142262513071203	0.001
GeoRegion	1	536.33003982624	536.33003982624	103.777204374864	0.0380656241129379	0.001
Residuals	481	2485.85178903611	5.1680910374971	NA	0.176431474605785	NA
Total	499	14089.6163487295	NA	NA	1	NA
