	Df	SumsOfSqs	MeanSqs	F.Model	R2	Pr(>F)
IncomeGroup	4	4203.61985452401	1050.904963631	195.194428932002	0.279321437766538	0.001
Ethnicity	9	5643.22206255227	627.024673616918	116.463169676211	0.374979887501371	0.001
EducationLevel	4	1863.68418946817	465.921047367043	86.5398831631584	0.123837779190421	0.001
GeoRegion	1	749.223032280832	749.223032280832	139.160216184981	0.0497842482971581	0.001
Residuals	481	2589.65017737572	5.38388810265223	NA	0.172076647244512	NA
Total	499	15049.399316201	NA	NA	1	NA
