	Df	SumsOfSqs	MeanSqs	F.Model	R2	Pr(>F)
IncomeGroup	4	3821.08675943364	955.27168985841	176.812931544184	0.258292642786088	0.001
Ethnicity	9	6148.41022546401	683.156691718223	126.446683858734	0.415611899454356	0.001
EducationLevel	4	1759.14388777122	439.785971942805	81.4007656426425	0.11891222377813	0.001
GeoRegion	1	466.28203859227	466.28203859227	86.3049696177193	0.0315191011390522	0.001
Residuals	481	2598.71084546254	5.40272525044186	NA	0.175664132842374	NA
Total	499	14793.6337567237	NA	NA	1	NA
