	Df	SumsOfSqs	MeanSqs	F.Model	R2	Pr(>F)
IncomeGroup	4	3945.69523881932	986.42380970483	178.743921018623	0.270641704107691	0.001
Ethnicity	9	5249.02543012932	583.225047792146	105.682700329219	0.360039258313294	0.001
EducationLevel	4	2226.33937056589	556.584842641473	100.855389108095	0.152708266782484	0.001
GeoRegion	1	503.509227785873	503.509227785873	91.2378764158546	0.0345365232725609	0.001
Residuals	481	2654.46707090302	5.51864255904993	NA	0.182074247523971	NA
Total	499	14579.0363382034	NA	NA	1	NA
