	Df	SumsOfSqs	MeanSqs	F.Model	R2	Pr(>F)
IncomeGroup	4	4241.06547571821	1060.26636892955	209.831684588123	0.276698656534458	0.001
Ethnicity	9	6355.12650563284	706.125167292538	139.745480687701	0.414625752958303	0.001
EducationLevel	4	1756.78569240432	439.196423101079	86.9190309388192	0.114617480840687	0.001
GeoRegion	1	543.93950966466	543.93950966466	107.64817877059	0.0354880943060034	0.001
Residuals	481	2430.46289437254	5.05293741033792	NA	0.158570015360549	NA
Total	499	15327.3800777926	NA	NA	1	NA
