	Df	SumsOfSqs	MeanSqs	F.Model	R2	Pr(>F)
IncomeGroup	4	4399.72195691293	1099.93048922823	204.074431238316	0.295502658824236	0.001
Ethnicity	9	5735.17891277042	637.242101418935	118.230034244641	0.385197208858508	0.001
EducationLevel	4	1515.1246508828	378.781162720701	70.2767593979985	0.101761740212365	0.001
GeoRegion	1	646.398857268818	646.398857268818	119.928923183854	0.0434146936680308	0.001
Residuals	481	2592.51765205676	5.3898495884756	NA	0.17412369843686	NA
Total	499	14888.9420298917	NA	NA	1	NA
