	Df	SumsOfSqs	MeanSqs	F.Model	R2	Pr(>F)
IncomeGroup	4	3760.4476436495	940.111910912375	176.888105774447	0.252129031224875	0.001
Ethnicity	9	6271.63960230299	696.848844700332	131.116594438768	0.420498453100547	0.001
EducationLevel	4	1741.03656751712	435.25914187928	81.8968084909342	0.116732342713635	0.001
GeoRegion	1	585.267211489729	585.267211489729	110.121792108599	0.0392407683935681	0.001
Residuals	481	2556.38346721545	5.31472654306746	NA	0.171399404567376	NA
Total	499	14914.7744921748	NA	NA	1	NA
