	Df	SumsOfSqs	MeanSqs	F.Model	R2	Pr(>F)
IncomeGroup	4	3753.19878901334	938.299697253335	187.315689035104	0.26481577810119	0.001
Ethnicity	9	5655.21479258238	628.35719917582	125.440903443037	0.399016995851892	0.001
EducationLevel	4	1774.40254813282	443.600637033205	88.5573758848299	0.125197149914901	0.001
GeoRegion	1	580.630889145548	580.630889145548	115.913151622811	0.0409677795774536	0.001
Residuals	481	2409.41993008538	5.00918904383655	NA	0.170002296554564	NA
Total	499	14172.8669489595	NA	NA	1	NA
