	Df	SumsOfSqs	MeanSqs	F.Model	R2	Pr(>F)
IncomeGroup	4	4165.51704008352	1041.37926002088	193.070151567243	0.277984952509298	0.001
Ethnicity	9	5719.27676885406	635.47519653934	117.816147510575	0.381674799473524	0.001
EducationLevel	4	1917.20142211926	479.300355529816	88.8615664253957	0.127944056200019	0.001
GeoRegion	1	588.278586725017	588.278586725017	109.065966899019	0.0392586546686439	0.001
Residuals	481	2594.41151314158	5.39378692960827	NA	0.173137537148516	NA
Total	499	14984.6853309234	NA	NA	1	NA
