	Df	SumsOfSqs	MeanSqs	F.Model	R2	Pr(>F)
IncomeGroup	4	3809.54391730869	952.385979327172	193.750222947212	0.271490573890116	0.001
Ethnicity	9	5853.11646043756	650.346273381951	132.304273892881	0.417127609336631	0.001
EducationLevel	4	1537.19995643745	384.299989109361	78.1807063362608	0.109549937582002	0.001
GeoRegion	1	467.723866575572	467.723866575572	95.1521813569432	0.033332762061558	0.001
Residuals	481	2364.37227832858	4.91553488218	NA	0.168499117129693	NA
Total	499	14031.9564790879	NA	NA	1	NA
