	Df	SumsOfSqs	MeanSqs	F.Model	R2	Pr(>F)
IncomeGroup	4	4601.60225110267	1150.40056277567	220.752347667854	0.306036785609991	0.001
Ethnicity	9	5464.26452850511	607.140503167235	116.505238066843	0.363409495382979	0.001
EducationLevel	4	1878.52346187565	469.630865468913	90.118276576126	0.124934153495691	0.001
GeoRegion	1	585.096147838049	585.096147838049	112.275108710855	0.0389127383433101	0.001
Residuals	481	2506.62190704155	5.21127215601154	NA	0.166706827168028	NA
Total	499	15036.108296363	NA	NA	1	NA
