	Df	SumsOfSqs	MeanSqs	F.Model	R2	Pr(>F)
IncomeGroup	4	4135.13113263171	1033.78278315793	201.839236623435	0.27844155012666	0.001
Ethnicity	9	6157.10208073869	684.12245341541	133.570374747887	0.414592184059198	0.001
EducationLevel	4	1478.19760693119	369.549401732799	72.1520713592696	0.0995353278689116	0.001
GeoRegion	1	616.961684176884	616.961684176884	120.457679687578	0.0415434873045092	0.001
Residuals	481	2463.59195078936	5.12181278750387	NA	0.165887450640721	NA
Total	499	14850.9844552678	NA	NA	1	NA
