	Df	SumsOfSqs	MeanSqs	F.Model	R2	Pr(>F)
IncomeGroup	4	4372.55118989025	1093.13779747256	199.593484365493	0.292195759947534	0.001
Ethnicity	9	5488.78181091936	609.864645657706	111.353765188239	0.366787878009506	0.001
EducationLevel	4	1980.06547733548	495.016369333869	90.3838859124095	0.132317887606123	0.001
GeoRegion	1	488.708637099742	488.708637099742	89.2321717753952	0.0326579576564928	0.001
Residuals	481	2634.35092711476	5.47682105429265	NA	0.176040516780344	NA
Total	499	14964.4580423596	NA	NA	1	NA
