	Df	SumsOfSqs	MeanSqs	F.Model	R2	Pr(>F)
IncomeGroup	4	4281.75962250509	1070.43990562627	202.594544795951	0.272425091367886	0.001
Ethnicity	9	6213.72103149998	690.413447944442	130.669641025269	0.395345294687646	0.001
EducationLevel	4	2141.30477027562	535.326192568904	101.317379640658	0.136239583516726	0.001
GeoRegion	1	538.975897632032	538.975897632032	102.008133350434	0.034292106774455	0.001
Residuals	481	2541.43859166995	5.28365611573794	NA	0.161697923653288	NA
Total	499	15717.1999135827	NA	NA	1	NA
