	Df	SumsOfSqs	MeanSqs	F.Model	R2	Pr(>F)
IncomeGroup	4	3692.34096701354	923.085241753385	174.449238354015	0.252595393421325	0.001
Ethnicity	9	6009.54908779487	667.727676421653	126.190496078556	0.411117074419076	0.001
EducationLevel	4	1925.55494319162	481.388735797906	90.9752366451361	0.13172843807631	0.001
GeoRegion	1	444.989150764954	444.989150764954	84.0962620952459	0.030441990761381	0.001
Residuals	481	2545.17592322385	5.29142603580843	NA	0.174117103321909	NA
Total	499	14617.6100719888	NA	NA	1	NA
