	Df	SumsOfSqs	MeanSqs	F.Model	R2	Pr(>F)
IncomeGroup	4	4525.74237379772	1131.43559344943	206.731650696246	0.296757453336454	0.001
Ethnicity	9	5922.02028051964	658.002253391071	120.227693730819	0.388312792002595	0.001
EducationLevel	4	1613.11418766746	403.278546916866	73.685537362612	0.105773510450928	0.001
GeoRegion	1	557.270150825629	557.270150825629	101.822303302921	0.0365407610775387	0.001
Residuals	481	2632.49733950419	5.47296744179665	NA	0.172615483132485	NA
Total	499	15250.6443323146	NA	NA	1	NA
