	Df	SumsOfSqs	MeanSqs	F.Model	R2	Pr(>F)
IncomeGroup	4	4498.58934762672	1124.64733690668	215.271296443241	0.294935032363829	0.001
Ethnicity	9	5941.59220321198	660.176911467997	126.365959309966	0.389540710060918	0.001
EducationLevel	4	1729.75546847619	432.438867119046	82.7741039366264	0.113405658008255	0.001
GeoRegion	1	569.976917037393	569.976917037393	109.10057388376	0.0373686388071285	0.001
Residuals	481	2512.90059562001	5.22432556261957	NA	0.16474996075987	NA
Total	499	15252.8145319723	NA	NA	1	NA
