	Df	SumsOfSqs	MeanSqs	F.Model	R2	Pr(>F)
IncomeGroup	4	3120.33521251263	780.083803128157	151.873369217466	0.238705541793794	0.001
Ethnicity	9	5261.20504240858	584.578338045398	113.810697535936	0.402482013823474	0.001
EducationLevel	4	1639.67946375388	409.919865938469	79.8066962800657	0.125435425397246	0.001
GeoRegion	1	580.068362518656	580.068362518656	112.932657028509	0.0443752107777408	0.001
Residuals	481	2470.61292732216	5.13640941231218	NA	0.189001808207746	NA
Total	499	13071.9010085159	NA	NA	1	NA
