	Df	SumsOfSqs	MeanSqs	F.Model	R2	Pr(>F)
IncomeGroup	4	4643.58504292578	1160.89626073145	208.781139876062	0.299727365456796	0.001
Ethnicity	9	5692.45619281023	632.49513253447	113.750951918309	0.367428373094728	0.001
EducationLevel	4	2015.08655279216	503.77163819804	90.6007025933121	0.130066872481625	0.001
GeoRegion	1	467.040037490897	467.040037490897	83.9947157153133	0.0301458202457706	0.001
Residuals	481	2674.52846432059	5.56035023767274	NA	0.17263156872108	NA
Total	499	15492.6962903397	NA	NA	1	NA
