	Df	SumsOfSqs	MeanSqs	F.Model	R2	Pr(>F)
IncomeGroup	4	4522.47519673842	1130.6187991846	227.595232637614	0.312443984567977	0.001
Ethnicity	9	5425.70433621285	602.856037356983	121.355809905342	0.374845324329624	0.001
EducationLevel	4	1587.05701104488	396.76425276122	79.8692295534127	0.109644916709554	0.001
GeoRegion	1	549.827694166723	549.827694166723	110.681126171551	0.0379859143760851	0.001
Residuals	481	2389.45093930723	4.9676734704932	NA	0.16507986001676	NA
Total	499	14474.5151774701	NA	NA	1	NA
