	Df	SumsOfSqs	MeanSqs	F.Model	R2	Pr(>F)
IncomeGroup	4	4627.30587495126	1156.82646873781	197.653503368286	0.298094687098154	0.001
Ethnicity	9	5403.89360237296	600.432622485885	102.588948799234	0.348123079831642	0.001
EducationLevel	4	1966.13895653606	491.534739134015	83.9828322073719	0.126660219332546	0.001
GeoRegion	1	710.404433113124	710.404433113124	121.378554872082	0.0457648128143742	0.001
Residuals	481	2815.19690762117	5.85280022374464	NA	0.181357200923283	NA
Total	499	15522.9397745946	NA	NA	1	NA
