	Df	SumsOfSqs	MeanSqs	F.Model	R2	Pr(>F)
IncomeGroup	4	4545.49690175239	1136.3742254381	221.765575543301	0.312356322933016	0.001
Ethnicity	9	4863.69725303418	540.410805892687	105.462189053441	0.334222335347205	0.001
EducationLevel	4	2265.92566849823	566.481417124557	110.54991805607	0.155709315207932	0.001
GeoRegion	1	412.414071135074	412.414071135074	80.4833846105282	0.0283401673282241	0.001
Residuals	481	2464.74684403396	5.12421381296041	NA	0.169371859183623	NA
Total	499	14552.2807384538	NA	NA	1	NA
