	Df	SumsOfSqs	MeanSqs	F.Model	R2	Pr(>F)
IncomeGroup	4	4143.64300122943	1035.91075030736	198.342242967453	0.275338525151968	0.001
Ethnicity	9	6408.11772547088	712.013080607875	136.326678131326	0.425809289798332	0.001
EducationLevel	4	1463.89969289647	365.974923224118	70.0719508129208	0.0972738197506258	0.001
GeoRegion	1	521.418312099477	521.418312099477	99.834158025128	0.0346474223281547	0.001
Residuals	481	2512.18834396061	5.2228447899389	NA	0.166930942970919	NA
Total	499	15049.2670756569	NA	NA	1	NA
