	Df	SumsOfSqs	MeanSqs	F.Model	R2	Pr(>F)
IncomeGroup	4	3477.13300683158	869.283251707896	165.547750352197	0.243372489017536	0.001
Ethnicity	9	5607.57834198249	623.064260220276	118.657395505629	0.39248722892331	0.001
EducationLevel	4	2058.71020905862	514.677552264654	98.0160503113198	0.144093834420489	0.001
GeoRegion	1	618.159321544788	618.159321544788	117.723290814497	0.04326638423039	0.001
Residuals	481	2525.70779839624	5.25095176381754	NA	0.176780063408275	NA
Total	499	14287.2886778137	NA	NA	1	NA
