	Df	SumsOfSqs	MeanSqs	F.Model	R2	Pr(>F)
IncomeGroup	4	3262.21867784508	815.55466946127	155.503448035273	0.237015858425019	0.001
Ethnicity	9	5726.36737942564	636.263042158405	121.317553093531	0.416048099199819	0.001
EducationLevel	4	1687.89579372834	421.973948432084	80.4586208863144	0.122633737952468	0.001
GeoRegion	1	564.576368989665	564.576368989665	107.648911035138	0.0410191853940824	0.001
Residuals	481	2522.65657750488	5.24460826924091	NA	0.183283119028611	NA
Total	499	13763.7147974936	NA	NA	1	NA
