	Df	SumsOfSqs	MeanSqs	F.Model	R2	Pr(>F)
IncomeGroup	4	4155.63048484106	1038.90762121027	218.08558548479	0.294626667122143	0.001
Ethnicity	9	5273.80025907947	585.977806564386	123.007388161052	0.373902876848278	0.001
EducationLevel	4	1807.36634623785	451.841586559462	94.8497584765073	0.128138997151752	0.001
GeoRegion	1	576.566872357369	576.566872357369	121.031862084821	0.0408775459212146	0.001
Residuals	481	2291.36907279455	4.76376106610093	NA	0.162453912956612	NA
Total	499	14104.7330353103	NA	NA	1	NA
