	Df	SumsOfSqs	MeanSqs	F.Model	R2	Pr(>F)
IncomeGroup	4	4292.19158637462	1073.04789659366	212.770678430547	0.29061880072446	0.001
Ethnicity	9	5518.23614151659	613.137349057399	121.576725646807	0.373632708906287	0.001
EducationLevel	4	1975.20486246877	493.801215617193	97.9140073711787	0.133738594087467	0.001
GeoRegion	1	557.728157903324	557.728157903324	110.589843112891	0.0377630599935619	0.001
Residuals	481	2425.78555498673	5.04321321203063	NA	0.164246836288224	NA
Total	499	14769.14630325	NA	NA	1	NA
