	Df	SumsOfSqs	MeanSqs	F.Model	R2	Pr(>F)
IncomeGroup	4	3971.67989954764	992.91997488691	200.249002578403	0.284148371068326	0.001
Ethnicity	9	5612.56800670891	623.618667412101	125.769467124246	0.401543451877423	0.001
EducationLevel	4	1535.12760617872	383.781901544679	77.3999364860375	0.109828591354349	0.001
GeoRegion	1	473.10738163415	473.10738163415	95.4148206108039	0.0338478163477011	0.001
Residuals	481	2385.00317989655	4.9584265694315	NA	0.1706317693522	NA
Total	499	13977.486073966	NA	NA	1	NA
