	Df	SumsOfSqs	MeanSqs	F.Model	R2	Pr(>F)
IncomeGroup	4	4402.21113824681	1100.5527845617	208.437219653137	0.299828206809089	0.001
Ethnicity	9	5388.00977876624	598.667753196248	113.383604787218	0.366969520430745	0.001
EducationLevel	4	1854.77412966608	463.693532416519	87.8204044584126	0.126325972078463	0.001
GeoRegion	1	497.760052719437	497.760052719437	94.2723719376693	0.0339017142388819	0.001
Residuals	481	2539.68984164682	5.2800204608042	NA	0.172974586442821	NA
Total	499	14682.4449410454	NA	NA	1	NA
