	Df	SumsOfSqs	MeanSqs	F.Model	R2	Pr(>F)
IncomeGroup	4	3679.72369746583	919.930924366457	169.092400390651	0.25903485744937	0.001
Ethnicity	9	5446.11084015337	605.123426683707	111.22766942641	0.383380020109702	0.001
EducationLevel	4	1911.44660765618	477.861651914046	87.8356968295586	0.134556651597861	0.001
GeoRegion	1	551.40022230363	551.40022230363	101.352813233744	0.0388159247066126	0.001
Residuals	481	2616.83419005228	5.44040372152242	NA	0.184212546136455	NA
Total	499	14205.5155576313	NA	NA	1	NA
