	Df	SumsOfSqs	MeanSqs	F.Model	R2	Pr(>F)
IncomeGroup	4	3736.48995551808	934.12248887952	199.977814780878	0.278069572672632	0.001
Ethnicity	9	5175.80652469395	575.089613854883	123.115721600737	0.385183507969129	0.001
EducationLevel	4	1818.69169519092	454.672923797729	97.3368041381452	0.13534703117779	0.001
GeoRegion	1	459.446534547922	459.446534547922	98.3587431855427	0.0341920098939349	0.001
Residuals	481	2246.81381603942	4.67113059467655	NA	0.167207878286514	NA
Total	499	13437.2485259903	NA	NA	1	NA
