	Df	SumsOfSqs	MeanSqs	F.Model	R2	Pr(>F)
IncomeGroup	4	4409.50062462694	1102.37515615674	206.62813787255	0.302560553632829	0.001
Ethnicity	9	5451.74809742167	605.749788602408	113.541157142887	0.374074994662729	0.001
EducationLevel	4	1693.83634637461	423.459086593652	79.3727634729249	0.116223605879604	0.001
GeoRegion	1	452.691443339107	452.691443339107	84.8520482755667	0.0310616973170544	0.001
Residuals	481	2566.1676844731	5.33506795108752	NA	0.176079148507784	NA
Total	499	14573.9441962354	NA	NA	1	NA
