	Df	SumsOfSqs	MeanSqs	F.Model	R2	Pr(>F)
IncomeGroup	4	4029.19309810462	1007.29827452615	208.156137747404	0.277100964259472	0.001
Ethnicity	9	5642.17765841725	626.908628713027	129.549391847029	0.388031258766461	0.001
EducationLevel	4	1824.37382769341	456.093456923352	94.2507843465606	0.125468235081957	0.001
GeoRegion	1	717.148975543327	717.148975543327	148.197375805919	0.0493207120637207	0.001
Residuals	481	2327.62999587852	4.83914760057905	NA	0.160078829828389	NA
Total	499	14540.5235556371	NA	NA	1	NA
