	Df	SumsOfSqs	MeanSqs	F.Model	R2	Pr(>F)
IncomeGroup	4	3647.02259551055	911.755648877638	179.732995359541	0.253858217041232	0.001
Ethnicity	9	5776.88691848948	641.876324276609	126.532097228706	0.402111633468303	0.001
EducationLevel	4	1810.47080951852	452.617702379631	89.2238348087951	0.126021399559009	0.001
GeoRegion	1	691.96252019989	691.96252019989	136.405512359764	0.0481654190608904	0.001
Residuals	481	2440.0331515805	5.07283399496986	NA	0.169843330870565	NA
Total	499	14366.3759952989	NA	NA	1	NA
