	Df	SumsOfSqs	MeanSqs	F.Model	R2	Pr(>F)
IncomeGroup	4	4804.11011567586	1201.02752891897	229.297374453718	0.312789370392133	0.001
Ethnicity	9	6024.15903972922	669.351004414357	127.790932517856	0.39222517132372	0.001
EducationLevel	4	1380.46981900168	345.117454750421	65.8890194828837	0.0898805970583236	0.001
GeoRegion	1	630.780628155242	630.780628155242	120.42716624693	0.0410693074857788	0.001
Residuals	481	2519.41062468042	5.23785992657052	NA	0.164035553740045	NA
Total	499	15358.9302272424	NA	NA	1	NA
