	Df	SumsOfSqs	MeanSqs	F.Model	R2	Pr(>F)
IncomeGroup	4	3666.75778074084	916.689445185209	176.357920839051	0.255617194685598	0.001
Ethnicity	9	5790.49752848327	643.388614275919	123.778755063875	0.403667442076233	0.001
EducationLevel	4	1773.64333940708	443.41083485177	85.3058942946229	0.123644309742334	0.001
GeoRegion	1	613.637968679026	613.637968679026	118.055156926419	0.0427779595723963	0.001
Residuals	481	2500.18610469154	5.19789210954582	NA	0.174293093923439	NA
Total	499	14344.7227220018	NA	NA	1	NA
