	Df	SumsOfSqs	MeanSqs	F.Model	R2	Pr(>F)
IncomeGroup	4	4599.51141720702	1149.87785430175	223.996724240698	0.29403830092291	0.001
Ethnicity	9	5948.3838720462	660.931541338466	128.749762118926	0.380269234777938	0.001
EducationLevel	4	1958.70067477545	489.675168693863	95.3889435465661	0.125216129755203	0.001
GeoRegion	1	666.769388825634	666.769388825634	129.886977440406	0.0426253400446494	0.001
Residuals	481	2469.19346608307	5.13345834944505	NA	0.157850994499301	NA
Total	499	15642.5588189374	NA	NA	1	NA
