	Df	SumsOfSqs	MeanSqs	F.Model	R2	Pr(>F)
IncomeGroup	4	3570.16642275301	892.541605688252	175.442523675129	0.258353832307983	0.001
Ethnicity	9	5597.82950876276	621.981056529196	122.259764183721	0.405084955417953	0.001
EducationLevel	4	1720.39311508337	430.098278770844	84.5423081400217	0.12449564018232	0.001
GeoRegion	1	483.486923534427	483.486923534427	95.0366520599281	0.034987360468646	0.001
Residuals	481	2447.02654375297	5.08737327183569	NA	0.177078211623098	NA
Total	499	13818.9025138865	NA	NA	1	NA
