	Df	SumsOfSqs	MeanSqs	F.Model	R2	Pr(>F)
IncomeGroup	4	4163.85104784872	1040.96276196218	183.191460008482	0.267163342586126	0.001
Ethnicity	9	6280.5653855167	697.840598390745	122.807887797468	0.402977153227487	0.001
EducationLevel	4	1839.02534004703	459.756335011757	80.9091711409486	0.117996573677004	0.001
GeoRegion	1	568.74841112731	568.74841112731	100.089893336359	0.0364923540398559	0.001
Residuals	481	2733.22287229233	5.68237603387178	NA	0.175370576469527	NA
Total	499	15585.4130568321	NA	NA	1	NA
