	Df	SumsOfSqs	MeanSqs	F.Model	R2	Pr(>F)
IncomeGroup	4	4205.61009650529	1051.40252412632	210.257079154375	0.297294070021453	0.001
Ethnicity	9	5066.50065300024	562.944517000027	112.576360769869	0.358150319533526	0.001
EducationLevel	4	1835.30605069455	458.826512673638	91.755079695582	0.129737563165777	0.001
GeoRegion	1	633.611863456155	633.611863456155	126.708255564208	0.0447899461382037	0.001
Residuals	481	2405.26795168428	5.00055707210868	NA	0.17002810114104	NA
Total	499	14146.2966153405	NA	NA	1	NA
