	Df	SumsOfSqs	MeanSqs	F.Model	R2	Pr(>F)
IncomeGroup	4	3528.8557495254	882.21393738135	167.766741115622	0.243814660860551	0.001
Ethnicity	9	5713.92021508296	634.880023898106	120.732339510469	0.394784490585103	0.001
EducationLevel	4	2026.54043963659	506.635109909147	96.3445687295589	0.140017134471036	0.001
GeoRegion	1	674.826627593402	674.826627593402	128.328809297027	0.0466249223614433	0.001
Residuals	481	2529.3744222401	5.25857468241185	NA	0.174758791721867	NA
Total	499	14473.5174540784	NA	NA	1	NA
