	Df	SumsOfSqs	MeanSqs	F.Model	R2	Pr(>F)
IncomeGroup	4	3244.94689934395	811.236724835988	148.282147310429	0.223441656123641	0.001
Ethnicity	9	5853.15255784557	650.350284205063	118.874471154362	0.403038367541162	0.001
EducationLevel	4	2146.12017235469	536.530043088673	98.0698043494394	0.147778272010626	0.001
GeoRegion	1	646.846851274466	646.846851274466	118.234095118609	0.0445408002628179	0.001
Residuals	481	2631.50265708802	5.47089949498548	NA	0.181200904061754	NA
Total	499	14522.5691379067	NA	NA	1	NA
