	Df	SumsOfSqs	MeanSqs	F.Model	R2	Pr(>F)
IncomeGroup	4	5489.91713608967	1372.47928402242	270.42851138083	0.346845904894341	0.001
Ethnicity	9	5591.00413519278	621.222681688086	122.403541532925	0.353232451504759	0.001
EducationLevel	4	1633.65899865611	408.414749664028	80.472611909976	0.103212474729857	0.001
GeoRegion	1	672.363402608515	672.363402608515	132.480130076339	0.0424790551504928	0.001
Residuals	481	2441.17209477632	5.07520186024182	NA	0.15423011372055	NA
Total	499	15828.1157673234	NA	NA	1	NA
