	Df	SumsOfSqs	MeanSqs	F.Model	R2	Pr(>F)
IncomeGroup	4	3979.18309562501	994.795773906251	200.060376983153	0.265898844989887	0.001
Ethnicity	9	6302.70051269481	700.30005696609	140.83523178614	0.421162019029811	0.001
EducationLevel	4	1739.03892216572	434.75973054143	87.4332178228666	0.116206877060955	0.001
GeoRegion	1	552.341545901872	552.341545901872	111.079741988328	0.0369088266525641	0.001
Residuals	481	2391.76179943519	4.9724777535035	NA	0.159823432266783	NA
Total	499	14965.0258758226	NA	NA	1	NA
