	Df	SumsOfSqs	MeanSqs	F.Model	R2	Pr(>F)
IncomeGroup	4	3752.08573454992	938.021433637479	191.711512081785	0.250232181486065	0.001
Ethnicity	9	6695.69563646991	743.96618182999	152.050770421373	0.446545906521397	0.001
EducationLevel	4	1639.71951137737	409.929877844343	83.7808965881398	0.109355334442123	0.001
GeoRegion	1	553.441045397982	553.441045397982	113.111508816947	0.036909806947809	0.001
Residuals	481	2353.47530610029	4.89288005426255	NA	0.156956770602606	NA
Total	499	14994.4172338955	NA	NA	1	NA
