	Df	SumsOfSqs	MeanSqs	F.Model	R2	Pr(>F)
IncomeGroup	4	3685.70508660009	921.426271650022	178.562928868318	0.241995438899795	0.001
Ethnicity	9	6468.65346180518	718.739273533909	139.28427452484	0.424717821095183	0.001
EducationLevel	4	2016.08331951917	504.020829879792	97.6740498540502	0.132371678227692	0.001
GeoRegion	1	577.959549200168	577.959549200168	112.002612740559	0.0379475762408437	0.001
Residuals	481	2482.07194781457	5.16023273973923	NA	0.162967485536487	NA
Total	499	15230.4733649392	NA	NA	1	NA
