	Df	SumsOfSqs	MeanSqs	F.Model	R2	Pr(>F)
IncomeGroup	4	3911.82130211723	977.955325529307	196.697999011774	0.265151857764729	0.001
Ethnicity	9	6207.77203623206	689.752448470229	138.73121080877	0.42077645190387	0.001
EducationLevel	4	1714.62266576935	428.655666442337	86.216322620495	0.116220898165309	0.001
GeoRegion	1	527.453889982564	527.453889982564	106.087795650986	0.0357519855874844	0.001
Residuals	481	2391.46566789142	4.97186209540836	NA	0.162098806578608	NA
Total	499	14753.1355619926	NA	NA	1	NA
