	Df	SumsOfSqs	MeanSqs	F.Model	R2	Pr(>F)
IncomeGroup	4	4132.6241037303	1033.15602593258	206.433405513777	0.275361607309529	0.001
Ethnicity	9	6086.51307515951	676.279230573279	135.126371178509	0.405551528815204	0.001
EducationLevel	4	1785.1451508375	446.286287709374	89.1718151890834	0.118946322161679	0.001
GeoRegion	1	596.402728241912	596.402728241912	119.16636321949	0.0397390156303455	0.001
Residuals	481	2407.30441488746	5.00479088334191	NA	0.160401526083243	NA
Total	499	15007.9894728567	NA	NA	1	NA
