	Df	SumsOfSqs	MeanSqs	F.Model	R2	Pr(>F)
IncomeGroup	4	3952.13466864634	988.033667161585	185.660834105336	0.266487384587163	0.001
Ethnicity	9	5996.09547927264	666.232831030293	125.191425382081	0.404309047129098	0.001
EducationLevel	4	1833.87818543497	458.469546358743	86.1507469005493	0.123656059892161	0.001
GeoRegion	1	488.623384381073	488.623384381073	91.8169371375542	0.0329472496939077	0.001
Residuals	481	2559.74393411961	5.32171296074764	NA	0.172600258697671	NA
Total	499	14830.4756518546	NA	NA	1	NA
