	Df	SumsOfSqs	MeanSqs	F.Model	R2	Pr(>F)
IncomeGroup	4	4353.75026637651	1088.43756659413	200.065894670991	0.296343930162985	0.001
Ethnicity	9	5330.62067536822	592.291186152025	108.869143899582	0.362835942462408	0.001
EducationLevel	4	1773.61346367005	443.403365917512	81.5020482800878	0.120723411370907	0.001
GeoRegion	1	616.730695770329	616.730695770329	113.361374328937	0.041978613162128	0.001
Residuals	481	2616.83017184281	5.44039536765657	NA	0.178118102841573	NA
Total	499	14691.5452730279	NA	NA	1	NA
