	Df	SumsOfSqs	MeanSqs	F.Model	R2	Pr(>F)
IncomeGroup	4	3369.84453722532	842.461134306329	166.030631031354	0.249401944446405	0.001
Ethnicity	9	5418.16267392188	602.018074880209	118.644572187822	0.40099781793367	0.001
EducationLevel	4	1735.88294194539	433.970735486349	85.526123553778	0.128472567879644	0.001
GeoRegion	1	547.154085242842	547.154085242842	107.83208191444	0.0404948332968854	0.001
Residuals	481	2440.65690218825	5.07413077378015	NA	0.180632836443395	NA
Total	499	13511.7011405237	NA	NA	1	NA
