	Df	SumsOfSqs	MeanSqs	F.Model	R2	Pr(>F)
IncomeGroup	4	3242.04530630839	810.511326577099	143.701121728789	0.230479374167595	0.001
Ethnicity	9	5387.91001711755	598.656668568617	106.139953857322	0.383030467341175	0.001
EducationLevel	4	2133.53317377664	533.383293444161	94.5671887190228	0.151674435178626	0.001
GeoRegion	1	590.078849407102	590.078849407102	104.619133364039	0.0419491373720939	0.001
Residuals	481	2712.96384741776	5.640257479039	NA	0.19286658594051	NA
Total	499	14066.5311940275	NA	NA	1	NA
