	Df	SumsOfSqs	MeanSqs	F.Model	R2	Pr(>F)
IncomeGroup	4	3678.01735036154	919.504337590385	172.3057060423	0.266454163267538	0.001
Ethnicity	9	5375.07629059993	597.230698955548	111.914923124065	0.389397688776592	0.001
EducationLevel	4	1645.12950765562	411.282376913904	77.0701098840001	0.11918149499377	0.001
GeoRegion	1	538.499439805566	538.499439805566	100.909285998839	0.0390116206600618	0.001
Residuals	481	2566.84236720749	5.33647061789498	NA	0.185955032302038	NA
Total	499	13803.5649556301	NA	NA	1	NA
