	Df	SumsOfSqs	MeanSqs	F.Model	R2	Pr(>F)
IncomeGroup	4	3889.00515562718	972.251288906795	205.773752133227	0.297368874410438	0.001
Ethnicity	9	5065.00301927588	562.778113252875	119.110116184792	0.387290370275849	0.001
EducationLevel	4	1386.20413860978	346.551034652444	73.3463740493139	0.105994707619513	0.001
GeoRegion	1	465.182583737962	465.182583737962	98.4543469110956	0.0355697191918966	0.001
Residuals	481	2272.65559924956	4.72485571569555	NA	0.173776328502303	NA
Total	499	13078.0504965004	NA	NA	1	NA
