	Df	SumsOfSqs	MeanSqs	F.Model	R2	Pr(>F)
IncomeGroup	4	3629.53625131876	907.38406282969	167.514872814253	0.249760637213295	0.001
Ethnicity	9	5812.83279939688	645.870311044098	119.236040659181	0.400000640154566	0.001
EducationLevel	4	1846.19088982686	461.547722456714	85.2076989140996	0.127042625044177	0.001
GeoRegion	1	638.048151264054	638.048151264054	117.791968458265	0.0439062463626238	0.001
Residuals	481	2605.45064977625	5.41673731762214	NA	0.179289851225338	NA
Total	499	14532.0587415828	NA	NA	1	NA
