	Df	SumsOfSqs	MeanSqs	F.Model	R2	Pr(>F)
IncomeGroup	4	3259.57231057335	814.893077643339	155.402887513179	0.219145012870368	0.001
Ethnicity	9	6434.84265745154	714.982517494616	136.349603142335	0.432622302138149	0.001
EducationLevel	4	2039.23467183241	509.808667958103	97.2222506896936	0.137100228442488	0.001
GeoRegion	1	618.151973271233	618.151973271233	117.883688306852	0.041559109365038	0.001
Residuals	481	2522.24123128475	5.24374476358576	NA	0.169573347183957	NA
Total	499	14874.0428444133	NA	NA	1	NA
