	Df	SumsOfSqs	MeanSqs	F.Model	R2	Pr(>F)
IncomeGroup	4	4436.32744296604	1109.08186074151	213.693441361138	0.293102428232877	0.001
Ethnicity	9	5675.74878394454	630.638753771616	121.508943856548	0.374989396522478	0.001
EducationLevel	4	1875.5373788837	468.884344720925	90.3427535608475	0.123914333885328	0.001
GeoRegion	1	651.725425883573	651.725425883573	125.571839202655	0.0430586577125757	0.001
Residuals	481	2496.41903662881	5.19006036721166	NA	0.164935183646741	NA
Total	499	15135.7580683067	NA	NA	1	NA
