	Df	SumsOfSqs	MeanSqs	F.Model	R2	Pr(>F)
IncomeGroup	4	3781.81696229838	945.454240574594	179.483120565957	0.256024776620567	0.001
Ethnicity	9	6120.65228608509	680.072476231676	129.103583237298	0.414361310962215	0.001
EducationLevel	4	1719.75339971477	429.938349928694	81.6186266712207	0.116425380814001	0.001
GeoRegion	1	615.330643073466	615.330643073466	116.813124590316	0.0416571960016092	0.001
Residuals	481	2533.73959780949	5.26764989149582	NA	0.171531335601609	NA
Total	499	14771.2928889812	NA	NA	1	NA
