	Df	SumsOfSqs	MeanSqs	F.Model	R2	Pr(>F)
IncomeGroup	4	3734.65177201933	933.662943004834	186.710371674851	0.261986610793702	0.001
Ethnicity	9	5722.50240371399	635.833600412665	127.151590138448	0.401434752562542	0.001
EducationLevel	4	1746.08989907009	436.522474767523	87.2941077065411	0.122488575300595	0.001
GeoRegion	1	646.594318937205	646.594318937205	129.303477787259	0.0453587280736554	0.001
Residuals	481	2405.28617428603	5.00059495693561	NA	0.168731333269506	NA
Total	499	14255.1245680267	NA	NA	1	NA
