	Df	SumsOfSqs	MeanSqs	F.Model	R2	Pr(>F)
IncomeGroup	4	3965.5070213631	991.376755340774	197.016822608764	0.267326287880176	0.001
Ethnicity	9	6045.72073727144	671.746748585716	133.496583706599	0.40755950589628	0.001
EducationLevel	4	1884.70673112192	471.17668278048	93.6371893214689	0.127053527193206	0.001
GeoRegion	1	517.660907463294	517.660907463294	102.875023675667	0.0348970177148439	0.001
Residuals	481	2420.36295685189	5.0319396192347	NA	0.163163661315494	NA
Total	499	14833.9583540716	NA	NA	1	NA
