	Df	SumsOfSqs	MeanSqs	F.Model	R2	Pr(>F)
IncomeGroup	4	4803.15494969599	1200.788737424	216.340393825678	0.307772373835664	0.001
Ethnicity	9	5853.08235873055	650.342484303395	117.169111260649	0.375048706666473	0.001
EducationLevel	4	1790.38126544052	447.59531636013	80.6411186230903	0.114722489261023	0.001
GeoRegion	1	489.802709701435	489.802709701435	88.2454238711574	0.0313851508549589	0.001
Residuals	481	2669.77133806247	5.55046016229205	NA	0.171071279381881	NA
Total	499	15606.192621631	NA	NA	1	NA
