	Df	SumsOfSqs	MeanSqs	F.Model	R2	Pr(>F)
IncomeGroup	4	4097.45794525573	1024.36448631393	195.801513968037	0.275442119270759	0.001
Ethnicity	9	5961.15093399395	662.350103777106	126.604499501067	0.400724563495107	0.001
EducationLevel	4	1745.72001441632	436.43000360408	83.4211421700595	0.117351984290885	0.001
GeoRegion	1	555.17963871808	555.17963871808	106.119467472356	0.0373206652289237	0.001
Residuals	481	2516.42241130697	5.23164742475461	NA	0.169160667714325	NA
Total	499	14875.9309436911	NA	NA	1	NA
