	Df	SumsOfSqs	MeanSqs	F.Model	R2	Pr(>F)
IncomeGroup	4	5105.44689878701	1276.36172469675	236.874668294403	0.323631908924453	0.001
Ethnicity	9	5666.08822182206	629.565357980229	116.838418495074	0.359170702137419	0.001
EducationLevel	4	1904.19483392376	476.048708480939	88.3479014855235	0.120706026579817	0.001
GeoRegion	1	507.951955848617	507.951955848617	94.2686925837746	0.0321988386858464	0.001
Residuals	481	2591.79250360408	5.38834200333489	NA	0.164292523672465	NA
Total	499	15775.4744139855	NA	NA	1	NA
