	Df	SumsOfSqs	MeanSqs	F.Model	R2	Pr(>F)
IncomeGroup	4	4390.97326436129	1097.74331609032	208.541334182847	0.289063549741804	0.001
Ethnicity	9	6024.74720285722	669.416355873025	127.170876771792	0.396617038616435	0.001
EducationLevel	4	1705.34138186174	426.335345465435	80.9921048477162	0.112264867874174	0.001
GeoRegion	1	537.335115132022	537.335115132022	102.079038123431	0.0353734779124366	0.001
Residuals	481	2531.9418671048	5.26391240562329	NA	0.16668106585515	NA
Total	499	15190.3388313171	NA	NA	1	NA
