	Df	SumsOfSqs	MeanSqs	F.Model	R2	Pr(>F)
IncomeGroup	4	4348.40951400653	1087.10237850163	192.935932662059	0.27716560255126	0.001
Ethnicity	9	6086.93874030956	676.326526701062	120.032567119403	0.387978647874877	0.001
EducationLevel	4	1829.05663137845	457.264157844614	81.1539819168458	0.116583220072411	0.001
GeoRegion	1	714.238304421846	714.238304421846	126.761044894899	0.0455252177543584	0.001
Residuals	481	2710.20663100209	5.63452522037857	NA	0.172747311747094	NA
Total	499	15688.8498211185	NA	NA	1	NA
