	Df	SumsOfSqs	MeanSqs	F.Model	R2	Pr(>F)
IncomeGroup	4	4093.89019340172	1023.47254835043	178.489069712876	0.266760043349526	0.001
Ethnicity	9	6000.74398038926	666.749331154362	116.278123962614	0.391011641425568	0.001
EducationLevel	4	1935.91405135094	483.978512837735	84.4037044829959	0.126145180222878	0.001
GeoRegion	1	558.068437904929	558.068437904929	97.3246585639375	0.0363640336341851	0.001
Residuals	481	2758.0977174035	5.73409088857276	NA	0.179719101367844	NA
Total	499	15346.7143804503	NA	NA	1	NA
