	Df	SumsOfSqs	MeanSqs	F.Model	R2	Pr(>F)
IncomeGroup	4	4209.33762895247	1052.33440723812	190.93256608147	0.281178820010504	0.001
Ethnicity	9	5689.63945500741	632.18216166749	114.701335932649	0.380061246985862	0.001
EducationLevel	4	1845.01313109966	461.253282774915	83.6884856068274	0.123244714688185	0.001
GeoRegion	1	575.276724912626	575.276724912626	104.376575106755	0.0384278109643331	0.001
Residuals	481	2651.05560706471	5.51155011863765	NA	0.177087407351116	NA
Total	499	14970.3225470369	NA	NA	1	NA
