	Df	SumsOfSqs	MeanSqs	F.Model	R2	Pr(>F)
IncomeGroup	4	4236.21306109524	1059.05326527381	198.433331535458	0.279417612878102	0.001
Ethnicity	9	5667.3835897106	629.709287745622	117.987749968249	0.373816607206259	0.001
EducationLevel	4	2232.95534252441	558.238835631102	104.596431151284	0.147284152726318	0.001
GeoRegion	1	457.181942952871	457.181942952871	85.6615422780809	0.0301553971220316	0.001
Residuals	481	2567.13232930666	5.337073449702	NA	0.16932623006729	NA
Total	499	15160.8662655898	NA	NA	1	NA
