	Df	SumsOfSqs	MeanSqs	F.Model	R2	Pr(>F)
IncomeGroup	4	4237.38904208499	1059.34726052125	194.747543684652	0.275100853046664	0.001
Ethnicity	9	6111.40607552703	679.045119503003	124.833823621908	0.39676626526244	0.001
EducationLevel	4	1832.98318387831	458.245795969577	84.2426714021823	0.119001402159901	0.001
GeoRegion	1	604.816290031325	604.816290031325	111.187795781063	0.0392660375697453	0.001
Residuals	481	2616.44394927933	5.43959241014413	NA	0.16986544196125	NA
Total	499	15403.038540801	NA	NA	1	NA
