	Df	SumsOfSqs	MeanSqs	F.Model	R2	Pr(>F)
IncomeGroup	4	3905.80704111674	976.451760279185	184.884788328228	0.261981288912036	0.001
Ethnicity	9	5937.75995889671	659.751106544079	124.919579895929	0.398274157147627	0.001
EducationLevel	4	1940.53574629833	485.133936574583	91.8569547652682	0.130161078272254	0.001
GeoRegion	1	584.265819010472	584.265819010472	110.626931784407	0.0391895223497383	0.001
Residuals	481	2540.35662393421	5.28140670256593	NA	0.170393953318346	NA
Total	499	14908.7251892565	NA	NA	1	NA
