	Df	SumsOfSqs	MeanSqs	F.Model	R2	Pr(>F)
IncomeGroup	4	4649.36329935455	1162.34082483864	217.126310558198	0.299735340428759	0.001
Ethnicity	9	6083.074282782	675.897142531334	126.258193585371	0.392163877848869	0.001
EducationLevel	4	1612.76093666565	403.190234166413	75.3162980486401	0.103971537016432	0.001
GeoRegion	1	591.429343367698	591.429343367698	110.479532798921	0.0381282907271377	0.001
Residuals	481	2574.93408012167	5.35329330586626	NA	0.166000953978801	NA
Total	499	15511.5619422916	NA	NA	1	NA
