	Df	SumsOfSqs	MeanSqs	F.Model	R2	Pr(>F)
IncomeGroup	4	3482.59377295448	870.648443238621	178.390975310094	0.256205334200499	0.001
Ethnicity	9	5350.81924107569	594.535471230632	121.816978360129	0.393645805764833	0.001
EducationLevel	4	1801.99434121482	450.498585303706	92.3046295347477	0.132568020423089	0.001
GeoRegion	1	610.020885510821	610.020885510821	124.989852759637	0.0448776443739501	0.001
Residuals	481	2347.55093675459	4.88056327807608	NA	0.172703195237628	NA
Total	499	13592.9791775104	NA	NA	1	NA
