	Df	SumsOfSqs	MeanSqs	F.Model	R2	Pr(>F)
IncomeGroup	4	4274.45686222203	1068.61421555551	194.944341933212	0.274570700901767	0.001
Ethnicity	9	6354.69780983153	706.077534425726	128.807775807937	0.408195447493028	0.001
EducationLevel	4	1711.17207142757	427.793017856894	78.0410995247547	0.109917524064369	0.001
GeoRegion	1	590.787789190194	590.787789190194	107.775785788129	0.0379493869258121	0.001
Residuals	481	2636.66763849087	5.48163750206002	NA	0.169366940615025	NA
Total	499	15567.7821711622	NA	NA	1	NA
