	Df	SumsOfSqs	MeanSqs	F.Model	R2	Pr(>F)
IncomeGroup	4	3530.28824511076	882.572061277691	165.730132458365	0.247330236014737	0.001
Ethnicity	9	5674.62731396102	630.514145995669	118.398482704583	0.397561563082399	0.001
EducationLevel	4	1935.63208775051	483.908021937626	90.868660013196	0.135609419928828	0.001
GeoRegion	1	571.537163708452	571.537163708452	107.3237347998	0.040041609006567	0.001
Residuals	481	2561.496543673	5.3253566396528	NA	0.179457171967469	NA
Total	499	14273.5813542037	NA	NA	1	NA
