	Df	SumsOfSqs	MeanSqs	F.Model	R2	Pr(>F)
IncomeGroup	4	4634.14515213721	1158.5362880343	245.641089099164	0.308316488837331	0.001
Ethnicity	9	5721.38492248589	635.709435831766	134.787627958794	0.380652148924201	0.001
EducationLevel	4	1943.50264915014	485.875662287536	103.018807510632	0.129304088059407	0.001
GeoRegion	1	462.870421746695	462.870421746695	98.1410730798628	0.0307954495455929	0.001
Residuals	481	2268.57793453089	4.71637824226796	NA	0.150931824633468	NA
Total	499	15030.4810800508	NA	NA	1	NA
