	Df	SumsOfSqs	MeanSqs	F.Model	R2	Pr(>F)
IncomeGroup	4	3564.02751479478	891.006878698695	167.907548837993	0.250312212625039	0.001
Ethnicity	9	5662.97903784079	629.219893093421	118.57458394005	0.397727797309882	0.001
EducationLevel	4	1875.87606253834	468.969015634584	88.3757912297752	0.131748334117829	0.001
GeoRegion	1	583.003728300419	583.003728300419	109.865287600588	0.0409460792863513	0.001
Residuals	481	2552.44217201685	5.30653258215561	NA	0.179265576660899	NA
Total	499	14238.3285154912	NA	NA	1	NA
