	Df	SumsOfSqs	MeanSqs	F.Model	R2	Pr(>F)
IncomeGroup	4	4978.45361791429	1244.61340447857	221.171098062926	0.317859204350856	0.001
Ethnicity	9	5615.38252786688	623.931391985209	110.87426070195	0.358525188626995	0.001
EducationLevel	4	1756.53461524372	439.13365381093	78.0352132318852	0.112149421902221	0.001
GeoRegion	1	605.309476892802	605.309476892802	107.565097073949	0.0386471791198059	0.001
Residuals	481	2706.76888977541	5.62737814922123	NA	0.172819006000123	NA
Total	499	15662.4491276931	NA	NA	1	NA
