	Df	SumsOfSqs	MeanSqs	F.Model	R2	Pr(>F)
IncomeGroup	4	4215.39272348395	1053.84818087099	212.459902853985	0.307708071088811	0.001
Ethnicity	9	5120.23825014573	568.915361127303	114.695555347781	0.373758446440866	0.001
EducationLevel	4	1507.03513342886	376.758783357215	75.956039934806	0.11000798843416	0.001
GeoRegion	1	470.791865695601	470.791865695601	94.9134760259919	0.0343660641796066	0.001
Residuals	481	2385.8665479449	4.96022151339895	NA	0.174159429856557	NA
Total	499	13699.324520699	NA	NA	1	NA
