	Df	SumsOfSqs	MeanSqs	F.Model	R2	Pr(>F)
IncomeGroup	4	4592.07395998956	1148.01848999739	213.463974507314	0.305640236842945	0.001
Ethnicity	9	5616.62693240128	624.069659155698	116.040282428816	0.373832651833312	0.001
EducationLevel	4	1577.95507656686	394.488769141714	73.3517284723175	0.105025870125689	0.001
GeoRegion	1	650.947053606345	650.947053606345	121.037898315516	0.0433258726601418	0.001
Residuals	481	2586.83880951455	5.37804326302402	NA	0.172175368537912	NA
Total	499	15024.4418320786	NA	NA	1	NA
