	Df	SumsOfSqs	MeanSqs	F.Model	R2	Pr(>F)
IncomeGroup	4	4296.72083524908	1074.18020881227	193.137787332964	0.293146158818304	0.001
Ethnicity	9	5180.11011121949	575.567790135499	103.487188215661	0.353415881455985	0.001
EducationLevel	4	1997.12939224214	499.282348060536	89.7710525363731	0.136255258939805	0.001
GeoRegion	1	508.112238684193	508.112238684193	91.3586683977105	0.0346662389133795	0.001
Residuals	481	2675.19208733587	5.56172991130118	NA	0.182516461872527	NA
Total	499	14657.2646647308	NA	NA	1	NA
