	Df	SumsOfSqs	MeanSqs	F.Model	R2	Pr(>F)
IncomeGroup	4	4898.49118012011	1224.62279503003	234.345217531548	0.327130508398276	0.001
Ethnicity	9	5342.2373685209	593.581929835655	113.588516426988	0.35676471837715	0.001
EducationLevel	4	1682.90096935317	420.725242338292	80.5104631703041	0.112387310591208	0.001
GeoRegion	1	536.917593822418	536.917593822418	102.745164332618	0.0358563727026655	0.001
Residuals	481	2513.57194575625	5.22572130094854	NA	0.1678610899307	NA
Total	499	14974.1190575728	NA	NA	1	NA
