	Df	SumsOfSqs	MeanSqs	F.Model	R2	Pr(>F)
IncomeGroup	4	4358.66914605431	1089.66728651358	210.519293009011	0.294309671776742	0.001
Ethnicity	9	5848.910946857	649.878994095222	125.553981542447	0.394935014184128	0.001
EducationLevel	4	1560.98415322906	390.246038307266	75.3939492364394	0.105402066179174	0.001
GeoRegion	1	551.54137964761	551.54137964761	106.555553925205	0.0372416343099415	0.001
Residuals	481	2489.70038480318	5.1760922760981	NA	0.168111613550015	NA
Total	499	14809.8060105912	NA	NA	1	NA
