	Df	SumsOfSqs	MeanSqs	F.Model	R2	Pr(>F)
IncomeGroup	4	4753.75561861483	1188.43890465371	207.187422949921	0.311464069708179	0.001
Ethnicity	9	5446.26509597333	605.140566219259	105.497652379495	0.356836999541794	0.001
EducationLevel	4	1755.15864530388	438.78966132597	76.4967376877371	0.114997256592069	0.001
GeoRegion	1	548.390327615782	548.390327615782	95.6040552900644	0.0359303037284829	0.001
Residuals	481	2759.04350273522	5.7360571782437	NA	0.180771370429475	NA
Total	499	15262.613190243	NA	NA	1	NA
