	Df	SumsOfSqs	MeanSqs	F.Model	R2	Pr(>F)
IncomeGroup	4	4357.06523537741	1089.26630884435	214.860749696385	0.308288531330598	0.001
Ethnicity	9	5192.88634867718	576.987372075242	113.812332505685	0.367427894538221	0.001
EducationLevel	4	1537.66903462992	384.41725865748	75.8273525222726	0.10879931852054	0.001
GeoRegion	1	606.959282037418	606.959282037418	119.72437347493	0.0429460142385455	0.001
Residuals	481	2438.49607382687	5.06963840712448	NA	0.172538241372096	NA
Total	499	14133.0759745488	NA	NA	1	NA
