	Df	SumsOfSqs	MeanSqs	F.Model	R2	Pr(>F)
IncomeGroup	4	4345.50173030364	1086.37543257591	200.815130522651	0.284318147594131	0.001
Ethnicity	9	6159.05827697252	684.339808552503	126.49935174847	0.402975800934906	0.001
EducationLevel	4	1654.33022684234	413.582556710584	76.4502147391153	0.108239769489616	0.001
GeoRegion	1	522.922997756275	522.922997756275	96.6616575622762	0.034213885365556	0.001
Residuals	481	2602.12754740646	5.4098285808866	NA	0.170252396615791	NA
Total	499	15283.9407792812	NA	NA	1	NA
