	Df	SumsOfSqs	MeanSqs	F.Model	R2	Pr(>F)
IncomeGroup	4	4734.52700129975	1183.63175032494	212.345421075915	0.293143108843785	0.001
Ethnicity	9	6132.47396096888	681.385995663209	122.241732806352	0.379698432668873	0.001
EducationLevel	4	1941.09908968108	485.27477242027	87.0590670272341	0.120185146597905	0.001
GeoRegion	1	661.671031489688	661.671031489688	118.704836835309	0.0409680424569366	0.001
Residuals	481	2681.13561866142	5.57408652528362	NA	0.1660052694325	NA
Total	499	16150.9067021008	NA	NA	1	NA
