	Df	SumsOfSqs	MeanSqs	F.Model	R2	Pr(>F)
IncomeGroup	4	3264.49349382197	816.123373455492	145.537358596635	0.228984346611536	0.001
Ethnicity	9	5897.04847450829	655.227608278699	116.84519582464	0.413642053331499	0.001
EducationLevel	4	1812.96903566418	453.242258916046	80.8256243020232	0.127168741749421	0.001
GeoRegion	1	584.611293450296	584.611293450296	104.252354756457	0.0410069235260488	0.001
Residuals	481	2697.28230893678	5.60765552793509	NA	0.189197934781495	NA
Total	499	14256.4046063815	NA	NA	1	NA
