	Df	SumsOfSqs	MeanSqs	F.Model	R2	Pr(>F)
IncomeGroup	4	4162.13316345872	1040.53329086468	185.343195560489	0.267903223986335	0.001
Ethnicity	9	6187.05718098243	687.450797886937	122.450986229467	0.398241118358548	0.001
EducationLevel	4	2040.90781824058	510.226954560145	90.8832951809632	0.131366720595554	0.001
GeoRegion	1	445.482510162412	445.482510162412	79.3508028284193	0.0286742869617509	0.001
Residuals	481	2700.37705669409	5.61408951495653	NA	0.173814650097812	NA
Total	499	15535.9577295382	NA	NA	1	NA
