	Df	SumsOfSqs	MeanSqs	F.Model	R2	Pr(>F)
IncomeGroup	4	3905.63650407297	976.409126018242	200.320087470058	0.284320627077995	0.001
Ethnicity	9	4957.35075428886	550.81675047654	113.005559550016	0.360882809661144	0.001
EducationLevel	4	2024.95058409047	506.237646022619	103.859710883112	0.147411367972968	0.001
GeoRegion	1	504.283325231961	504.283325231961	103.458762447362	0.0367105722986271	0.001
Residuals	481	2344.51170397464	4.87424470680799	NA	0.170674622989266	NA
Total	499	13736.7328716589	NA	NA	1	NA
