	Df	SumsOfSqs	MeanSqs	F.Model	R2	Pr(>F)
IncomeGroup	4	5499.50761944798	1374.87690486199	251.197105329092	0.339799562458612	0.001
Ethnicity	9	5778.28147096299	642.031274551443	117.302426950185	0.357024237706759	0.001
EducationLevel	4	1597.65881803555	399.414704508888	72.9751276232096	0.0987149768475303	0.001
GeoRegion	1	676.458766339423	676.458766339423	123.592507356874	0.0417965404776548	0.001
Residuals	481	2632.65689456187	5.47329915709328	NA	0.162664682509444	NA
Total	499	16184.5635693478	NA	NA	1	NA
