	Df	SumsOfSqs	MeanSqs	F.Model	R2	Pr(>F)
IncomeGroup	4	3561.38163373022	890.345408432556	171.977855475874	0.250103656641692	0.001
Ethnicity	9	5727.26270607499	636.362522897222	122.918881769435	0.402206079733339	0.001
EducationLevel	4	1865.24527647971	466.311319119928	90.0720325918838	0.130989798948505	0.001
GeoRegion	1	595.550901320241	595.550901320241	115.035766867256	0.0418235037564442	0.001
Residuals	481	2490.18189156416	5.17709332965521	NA	0.174876960920021	NA
Total	499	14239.6224091693	NA	NA	1	NA
