	Df	SumsOfSqs	MeanSqs	F.Model	R2	Pr(>F)
IncomeGroup	4	3941.01131777839	985.252829444597	195.756892833327	0.275127092518287	0.001
Ethnicity	9	5713.14749172727	634.794165747474	126.125325156894	0.398842208708282	0.001
EducationLevel	4	1686.52179287722	421.630448219305	83.7724734207173	0.117738265619751	0.001
GeoRegion	1	562.755978878184	562.755978878184	111.812276561207	0.0392867220572503	0.001
Residuals	481	2420.89360994481	5.0330428481181	NA	0.16900571109643	NA
Total	499	14324.3301912059	NA	NA	1	NA
