	Df	SumsOfSqs	MeanSqs	F.Model	R2	Pr(>F)
IncomeGroup	4	3796.05577545266	949.013943863164	189.526719136959	0.266081402686424	0.001
Ethnicity	9	5503.71578447742	611.523976053046	122.12690193268	0.385778424382223	0.001
EducationLevel	4	1927.97863254194	481.994658135484	96.2587186296707	0.13514007412998	0.001
GeoRegion	1	630.267080874957	630.267080874957	125.870070498651	0.0441780518691901	0.001
Residuals	481	2408.5031866579	5.0072831323449	NA	0.168822046932184	NA
Total	499	14266.5204600049	NA	NA	1	NA
