	Df	SumsOfSqs	MeanSqs	F.Model	R2	Pr(>F)
IncomeGroup	4	4219.5319615366	1054.88299038415	215.935016454965	0.295406205447864	0.001
Ethnicity	9	5365.65274836599	596.183638707332	122.039055523653	0.375645245158538	0.001
EducationLevel	4	1799.86966086616	449.967415216541	92.1085296612833	0.126007498382258	0.001
GeoRegion	1	549.000362948413	549.000362948413	112.380618028428	0.0384350955239669	0.001
Residuals	481	2349.77506985579	4.88518725541744	NA	0.164505955487373	NA
Total	499	14283.829803573	NA	NA	1	NA
