	Df	SumsOfSqs	MeanSqs	F.Model	R2	Pr(>F)
IncomeGroup	4	4435.37897529039	1108.8447438226	198.832218958537	0.285874426109228	0.001
Ethnicity	9	5841.25099161589	649.027887957322	116.380274017129	0.376487394716666	0.001
EducationLevel	4	1978.60935507521	494.652338768803	88.6984608786371	0.127527730330968	0.001
GeoRegion	1	577.456907443437	577.456907443437	103.546541478924	0.037218953090112	0.001
Residuals	481	2682.43408725369	5.57678604418648	NA	0.172891495753026	NA
Total	499	15515.1303166786	NA	NA	1	NA
