	Df	SumsOfSqs	MeanSqs	F.Model	R2	Pr(>F)
IncomeGroup	4	4076.63499085598	1019.15874771399	207.387498689238	0.274112412484457	0.001
Ethnicity	9	6201.62730071661	689.069700079623	140.218039478732	0.416996622101789	0.001
EducationLevel	4	1737.99918224548	434.499795561369	88.4158880886582	0.116862841488119	0.001
GeoRegion	1	492.101687159693	492.101687159693	100.13723399786	0.0330888541548557	0.001
Residuals	481	2363.76522571884	4.91427281854229	NA	0.15893926977078	NA
Total	499	14872.1283866966	NA	NA	1	NA
