	Df	SumsOfSqs	MeanSqs	F.Model	R2	Pr(>F)
IncomeGroup	4	3680.31250712169	920.078126780421	188.708784449715	0.255308347864487	0.001
Ethnicity	9	5836.84772256987	648.538635841096	133.015810370914	0.404910166161777	0.001
EducationLevel	4	2059.69440193309	514.923600483272	105.611256156793	0.142883837675658	0.001
GeoRegion	1	493.124498378585	493.124498378585	101.140242293366	0.0342087256799298	0.001
Residuals	481	2345.18801163339	4.87565075183658	NA	0.162688922618148	NA
Total	499	14415.1671416366	NA	NA	1	NA
