	Df	SumsOfSqs	MeanSqs	F.Model	R2	Pr(>F)
IncomeGroup	4	4568.29727746636	1142.07431936659	207.682484125045	0.309510985823853	0.001
Ethnicity	9	5248.06997567049	583.11888618561	106.038264559195	0.355566902323664	0.001
EducationLevel	4	1664.45440216991	416.113600542478	75.6688989266547	0.112770008514021	0.001
GeoRegion	1	633.819492799787	633.819492799787	115.258004246642	0.0429424978576783	0.001
Residuals	481	2645.08463450666	5.4991364542758	NA	0.179209605480783	NA
Total	499	14759.7257826132	NA	NA	1	NA
