	Df	SumsOfSqs	MeanSqs	F.Model	R2	Pr(>F)
IncomeGroup	4	3436.06665084203	859.016662710507	164.138143506241	0.248659853018699	0.001
Ethnicity	9	5912.82829597939	656.980921775487	125.533803359514	0.427897117374815	0.001
EducationLevel	4	1409.20452795721	352.301131989303	67.3165681995146	0.101980731575523	0.001
GeoRegion	1	542.928973028433	542.928973028433	103.741123492815	0.0392904598051844	0.001
Residuals	481	2517.31258766214	5.23349810324769	NA	0.182171838225779	NA
Total	499	13818.3410354692	NA	NA	1	NA
