	Df	SumsOfSqs	MeanSqs	F.Model	R2	Pr(>F)
IncomeGroup	4	4871.56951693286	1217.89237923322	233.896630571829	0.332492256898883	0.001
Ethnicity	9	5260.12962554173	584.458847282414	112.245513165391	0.359012093473765	0.001
EducationLevel	4	1512.01788292855	378.004470732137	72.5958824875806	0.103197590965079	0.001
GeoRegion	1	503.409237702022	503.409237702022	96.679909083074	0.0343584696893895	0.001
Residuals	481	2504.55183120424	5.20696846404209	NA	0.170939588972883	NA
Total	499	14651.6780943094	NA	NA	1	NA
