	Df	SumsOfSqs	MeanSqs	F.Model	R2	Pr(>F)
IncomeGroup	4	4481.48871431564	1120.37217857891	204.473920788684	0.28455841088247	0.001
Ethnicity	9	6527.15459373994	725.239399304437	132.360073127042	0.414450834796419	0.001
EducationLevel	4	1537.83810014091	384.459525035228	70.1659216209925	0.0976471868762565	0.001
GeoRegion	1	566.903214839889	566.903214839889	103.46287176914	0.0359963146674211	0.001
Residuals	481	2635.53912312068	5.47929131625921	NA	0.167347252777434	NA
Total	499	15748.9237461571	NA	NA	1	NA
