	Df	SumsOfSqs	MeanSqs	F.Model	R2	Pr(>F)
IncomeGroup	4	4453.80724991775	1113.45181247944	211.926494451596	0.293350565528792	0.001
Ethnicity	9	5693.10299213502	632.566999126114	120.398301146094	0.374976932912242	0.001
EducationLevel	4	2020.5429389836	505.1357347459	96.1439411091776	0.13308331065225	0.001
GeoRegion	1	487.937382480744	487.937382480744	92.8705291257871	0.0321380560633845	0.001
Residuals	481	2527.15132757944	5.25395286399052	NA	0.166451134843331	NA
Total	499	15182.5418910966	NA	NA	1	NA
