	Df	SumsOfSqs	MeanSqs	F.Model	R2	Pr(>F)
IncomeGroup	4	4081.78982698483	1020.44745674621	191.0530295364	0.281303219999374	0.001
Ethnicity	9	5951.36762252874	661.26306916986	123.804819003886	0.410148230697615	0.001
EducationLevel	4	1375.85125153527	343.962812883818	64.3983548735123	0.0948190386330929	0.001
GeoRegion	1	532.171411502301	532.171411502301	99.6356644607363	0.0366754629690945	0.001
Residuals	481	2569.10465060911	5.34117390979025	NA	0.177054047700824	NA
Total	499	14510.2847631603	NA	NA	1	NA
