	Df	SumsOfSqs	MeanSqs	F.Model	R2	Pr(>F)
IncomeGroup	4	4623.57583684047	1155.89395921012	229.732367901833	0.31325433151598	0.001
Ethnicity	9	5590.77806779467	621.197563088296	123.462179178307	0.378783761331791	0.001
EducationLevel	4	1553.68388570223	388.420971425558	77.1981450351216	0.105264458544145	0.001
GeoRegion	1	571.634565976803	571.634565976803	113.611600242402	0.0387291157657006	0.001
Residuals	481	2420.14218308865	5.03148063012194	NA	0.163968332842383	NA
Total	499	14759.8145394028	NA	NA	1	NA
