	Df	SumsOfSqs	MeanSqs	F.Model	R2	Pr(>F)
IncomeGroup	4	3951.03211193572	987.758027983931	198.103403276784	0.257434153571962	0.001
Ethnicity	9	6705.60557218162	745.067285797958	149.42967893466	0.436911633658241	0.001
EducationLevel	4	1740.04953624823	435.012384062057	87.2454906047526	0.113374978194719	0.001
GeoRegion	1	552.750335157656	552.750335157656	110.858853539884	0.0360150995073068	0.001
Residuals	481	2398.30110740934	4.98607298837701	NA	0.156264135067771	NA
Total	499	15347.7386629326	NA	NA	1	NA
