	Df	SumsOfSqs	MeanSqs	F.Model	R2	Pr(>F)
IncomeGroup	4	4552.68715312779	1138.17178828195	202.661888916514	0.297512176951471	0.001
Ethnicity	9	5243.98712106049	582.665235673387	103.748870322819	0.342687729645628	0.001
EducationLevel	4	2142.6154146277	535.653853656926	95.3780641069895	0.140017127233907	0.001
GeoRegion	1	661.884372350727	661.884372350727	117.854561610071	0.04325328182784	0.001
Residuals	481	2701.34968686264	5.61611161509905	NA	0.176529684341155	NA
Total	499	15302.5237480293	NA	NA	1	NA
