	Df	SumsOfSqs	MeanSqs	F.Model	R2	Pr(>F)
IncomeGroup	4	4514.58518750407	1128.64629687602	201.256697515226	0.301520381949943	0.001
Ethnicity	9	5643.12670246985	627.014078052206	111.807200354642	0.376893479257024	0.001
EducationLevel	4	1657.60092965236	414.400232413089	73.8945606394543	0.110707948719798	0.001
GeoRegion	1	459.978563065008	459.978563065008	82.0219468105267	0.0307210754175235	0.001
Residuals	481	2697.44498195541	5.60799372547902	NA	0.180157114655712	NA
Total	499	14972.7363646467	NA	NA	1	NA
