	Df	SumsOfSqs	MeanSqs	F.Model	R2	Pr(>F)
IncomeGroup	4	4924.03493725965	1231.00873431491	214.744202977734	0.316200406815383	0.001
Ethnicity	9	5752.76603995493	639.196226661659	111.505044939607	0.369417964194991	0.001
EducationLevel	4	1634.33722361518	408.584305903795	71.2757827582363	0.104950127601703	0.001
GeoRegion	1	504.07006752754	504.07006752754	87.9328650388301	0.0323692180186619	0.001
Residuals	481	2757.30470482999	5.73244221378376	NA	0.177062283369262	NA
Total	499	15572.5129731873	NA	NA	1	NA
