	Df	SumsOfSqs	MeanSqs	F.Model	R2	Pr(>F)
IncomeGroup	4	3344.40468976221	836.101172440551	168.564058681593	0.2366300087411	0.001
Ethnicity	9	5924.16592807989	658.240658675544	132.706089493594	0.419158434873785	0.001
EducationLevel	4	1920.49247537406	480.123118843516	96.7963019868657	0.135882524213089	0.001
GeoRegion	1	558.586609542634	558.586609542634	112.615110626928	0.0395222368582832	0.001
Residuals	481	2385.8268903193	4.96013906511288	NA	0.168806795313742	NA
Total	499	14133.4765930781	NA	NA	1	NA
