	Df	SumsOfSqs	MeanSqs	F.Model	R2	Pr(>F)
IncomeGroup	4	4572.9229129926	1143.23072824815	213.363777032352	0.312488131346405	0.001
Ethnicity	9	5100.14618246774	566.682909163082	105.761333116014	0.348515638788644	0.001
EducationLevel	4	1941.52408718988	485.381021797471	90.5877751110022	0.132672963335165	0.001
GeoRegion	1	442.055685191421	442.055685191421	82.5018680136396	0.0302076281723548	0.001
Residuals	481	2577.26024508828	5.35812940766794	NA	0.176115638357431	NA
Total	499	14633.9091129299	NA	NA	1	NA
