	Df	SumsOfSqs	MeanSqs	F.Model	R2	Pr(>F)
IncomeGroup	4	3956.04713445238	989.011783613095	185.18876840148	0.26407785176716	0.001
Ethnicity	9	5981.13035595093	664.570039550104	124.438261687034	0.399258148818168	0.001
EducationLevel	4	1912.47808911604	478.119522279009	89.5260976123939	0.127663571277302	0.001
GeoRegion	1	562.144265312818	562.144265312818	105.259417412524	0.0375247930375296	0.001
Residuals	481	2568.8095019163	5.34056029504428	NA	0.17147563509984	NA
Total	499	14980.6093467485	NA	NA	1	NA
