	Df	SumsOfSqs	MeanSqs	F.Model	R2	Pr(>F)
IncomeGroup	4	3687.13486995873	921.783717489683	171.772936792158	0.250341695223136	0.001
Ethnicity	9	5884.04465294693	653.782739216325	121.831378672044	0.399503073562332	0.001
EducationLevel	4	2000.77883693039	500.194709232598	93.2104923775076	0.135844872365446	0.001
GeoRegion	1	575.264213339338	575.264213339338	107.199575650819	0.0390581368590364	0.001
Residuals	481	2581.18639869921	5.36629188918756	NA	0.17525222199005	NA
Total	499	14728.4089718746	NA	NA	1	NA
