	Df	SumsOfSqs	MeanSqs	F.Model	R2	Pr(>F)
IncomeGroup	4	4474.19132225718	1118.5478305643	206.01106209531	0.296375465947422	0.001
Ethnicity	9	5391.81609446205	599.09067716245	110.338872707277	0.357159963041729	0.001
EducationLevel	4	1987.5819658736	496.8954914684	91.516844564558	0.131659665136381	0.001
GeoRegion	1	631.157975193939	631.157975193939	116.244939435475	0.0418086142302394	0.001
Residuals	481	2611.61464355012	5.42955227349298	NA	0.172996291644228	NA
Total	499	15096.3620013369	NA	NA	1	NA
