	Df	SumsOfSqs	MeanSqs	F.Model	R2	Pr(>F)
IncomeGroup	4	3853.98336132926	963.495840332316	182.152415031025	0.268804241574717	0.001
Ethnicity	9	5635.87875549374	626.208750610416	118.387056240851	0.39308631419598	0.001
EducationLevel	4	1739.93767967512	434.984419918779	82.2353966382948	0.121355642856494	0.001
GeoRegion	1	563.458488873652	563.458488873652	106.523889592163	0.0392996070715465	0.001
Residuals	481	2544.25119272181	5.28950351917217	NA	0.177454194301263	NA
Total	499	14337.5094780936	NA	NA	1	NA
