	Df	SumsOfSqs	MeanSqs	F.Model	R2	Pr(>F)
IncomeGroup	4	3879.89970800749	969.974927001872	192.528529847144	0.260349379476939	0.001
Ethnicity	9	6283.6968001077	698.1885333453	138.582151083628	0.421649188341882	0.001
EducationLevel	4	1719.90368540644	429.975921351609	85.3451256347134	0.115409131924603	0.001
GeoRegion	1	595.84682073339	595.84682073339	118.268533769712	0.0399825670032359	0.001
Residuals	481	2423.31845705319	5.03808411029769	NA	0.16260973325334	NA
Total	499	14902.6654713082	NA	NA	1	NA
