	Df	SumsOfSqs	MeanSqs	F.Model	R2	Pr(>F)
IncomeGroup	4	3718.80261610364	929.700654025909	170.767770177183	0.252799569634902	0.001
Ethnicity	9	5642.96691191849	626.996323546498	115.166923479806	0.383601861690534	0.001
EducationLevel	4	2179.15769658619	544.789424146547	100.067128892247	0.148136425815674	0.001
GeoRegion	1	550.871965121989	550.871965121989	101.184372334951	0.037447590012906	0.001
Residuals	481	2618.67923977972	5.44423958374161	NA	0.178014552845984	NA
Total	499	14710.47842951	NA	NA	1	NA
