	Df	SumsOfSqs	MeanSqs	F.Model	R2	Pr(>F)
IncomeGroup	4	3615.09139125202	903.772847813005	178.125203435912	0.264370735087606	0.001
Ethnicity	9	5348.03974558255	594.226638398061	117.116531114899	0.391100817600001	0.001
EducationLevel	4	1795.43555082344	448.85888770586	88.4659025551584	0.131299755663777	0.001
GeoRegion	1	475.257445437017	475.257445437017	93.6688121996069	0.0347554588827497	0.001
Residuals	481	2440.50101508776	5.07380668417413	NA	0.178473232765866	NA
Total	499	13674.3251481828	NA	NA	1	NA
