	Df	SumsOfSqs	MeanSqs	F.Model	R2	Pr(>F)
IncomeGroup	4	3594.00668139489	898.501670348723	179.239531920923	0.261290534467901	0.001
Ethnicity	9	5570.19279135122	618.910310150135	123.464650042652	0.404962700563631	0.001
EducationLevel	4	1564.22161332033	391.055403330083	78.0105254794105	0.113721630926986	0.001
GeoRegion	1	615.22519478257	615.22519478257	122.729516903389	0.0447279413238224	0.001
Residuals	481	2411.18295058037	5.01285436711095	NA	0.175297192717659	NA
Total	499	13754.8292314294	NA	NA	1	NA
