	Df	SumsOfSqs	MeanSqs	F.Model	R2	Pr(>F)
IncomeGroup	4	3975.43890664649	993.859726661621	190.74119688778	0.255950432103182	0.001
Ethnicity	9	6493.64963428537	721.516626031708	138.473208171939	0.418080234371919	0.001
EducationLevel	4	1878.76031968865	469.690079922163	90.1427491298004	0.120960107030865	0.001
GeoRegion	1	677.9593985749	677.9593985749	130.113720937123	0.0436490171496653	0.001
Residuals	481	2506.25735983764	5.21051426161672	NA	0.161360209344369	NA
Total	499	15532.065619033	NA	NA	1	NA
