	Df	SumsOfSqs	MeanSqs	F.Model	R2	Pr(>F)
IncomeGroup	4	4221.60132908116	1055.40033227029	226.395215980858	0.289051566316484	0.001
Ethnicity	9	5722.14762736234	635.794180818038	136.384987274013	0.391793446479522	0.001
EducationLevel	4	1957.17674563856	489.29418640964	104.959094310783	0.13400720716756	0.001
GeoRegion	1	461.778457437133	461.778457437133	99.0566616384323	0.0316178094539459	0.001
Residuals	481	2242.30692164861	4.66176075186821	NA	0.153529970582488	NA
Total	499	14605.0110811678	NA	NA	1	NA
