	Df	SumsOfSqs	MeanSqs	F.Model	R2	Pr(>F)
IncomeGroup	4	4496.51165561802	1124.1279139045	224.449183390048	0.285310593889456	0.001
Ethnicity	9	6795.99890124733	755.110989027481	150.769358860052	0.431216603244958	0.001
EducationLevel	4	1504.66260222254	376.165650555635	75.1071760093049	0.0954731608683803	0.001
GeoRegion	1	553.852194562987	553.852194562987	110.584988817393	0.0351427752578627	0.001
Residuals	481	2409.03316475172	5.00838495790379	NA	0.152856866739344	NA
Total	499	15760.0585184026	NA	NA	1	NA
