	Df	SumsOfSqs	MeanSqs	F.Model	R2	Pr(>F)
IncomeGroup	4	3818.34590445178	954.586476112946	189.80250738557	0.270404948463358	0.001
Ethnicity	9	5554.22050221106	617.135611356784	122.706417243004	0.393334901089885	0.001
EducationLevel	4	1848.68592852075	462.171482130187	91.894562038647	0.130918946511306	0.001
GeoRegion	1	480.465413861724	480.465413861724	95.5319843146519	0.0340252634844403	0.001
Residuals	481	2419.12554968299	5.02936704715799	NA	0.171315940451011	NA
Total	499	14120.8432987283	NA	NA	1	NA
