	Df	SumsOfSqs	MeanSqs	F.Model	R2	Pr(>F)
IncomeGroup	4	3422.97936166504	855.74484041626	170.105957332212	0.252998154913783	0.001
Ethnicity	9	5456.7739669874	606.308218554155	120.522654749953	0.403319330782594	0.001
EducationLevel	4	1711.06550228691	427.766375571728	85.0318989896143	0.126467725708004	0.001
GeoRegion	1	519.096189550413	519.096189550413	103.186545919487	0.0383672714039231	0.001
Residuals	481	2419.74634337088	5.03065767852573	NA	0.178847517191695	NA
Total	499	13529.6613638606	NA	NA	1	NA
