	Df	SumsOfSqs	MeanSqs	F.Model	R2	Pr(>F)
IncomeGroup	4	4144.13879913403	1036.03469978351	199.798181578585	0.288063911178551	0.001
Ethnicity	9	5424.65870278671	602.73985586519	116.237735272736	0.377074340043833	0.001
EducationLevel	4	1730.6508001604	432.662700040099	83.4385380363771	0.120299551376674	0.001
GeoRegion	1	592.549725890947	592.549725890947	114.272579627535	0.0411888210992337	0.001
Residuals	481	2494.18031064443	5.18540605123582	NA	0.173373376301707	NA
Total	499	14386.1783386165	NA	NA	1	NA
