	Df	SumsOfSqs	MeanSqs	F.Model	R2	Pr(>F)
IncomeGroup	4	3625.6807092948	906.420177323699	181.943813844647	0.261309026351992	0.001
Ethnicity	9	5749.71761387542	638.857512652824	128.236523483578	0.414392008548628	0.001
EducationLevel	4	1592.89469380272	398.22367345068	79.9345995637157	0.114802652216941	0.001
GeoRegion	1	510.496939438246	510.496939438246	102.470975868672	0.0367923898699359	0.001
Residuals	481	2396.27880761568	4.98186862290161	NA	0.172703923012503	NA
Total	499	13875.0687640269	NA	NA	1	NA
