	Df	SumsOfSqs	MeanSqs	F.Model	R2	Pr(>F)
IncomeGroup	4	4366.80987660299	1091.70246915075	222.345141327075	0.291950232187883	0.001
Ethnicity	9	6016.75259374779	668.528065971977	136.157947343737	0.402259857057985	0.001
EducationLevel	4	1656.35885725153	414.089714312882	84.3369312177239	0.110738586433999	0.001
GeoRegion	1	555.772655873767	555.772655873767	113.193249266997	0.037157091907158	0.001
Residuals	481	2361.68366228908	4.90994524384424	NA	0.157894232412975	NA
Total	499	14957.3776457652	NA	NA	1	NA
