	Df	SumsOfSqs	MeanSqs	F.Model	R2	Pr(>F)
IncomeGroup	4	4252.71376634049	1063.17844158512	193.73492273067	0.294993288637861	0.001
Ethnicity	9	5179.31114748876	575.479016387641	104.865165067453	0.359267543555179	0.001
EducationLevel	4	1733.44197750577	433.360494376443	78.9679875067548	0.120241750962555	0.001
GeoRegion	1	611.208321356629	611.208321356629	111.375844617226	0.0423970111007425	0.001
Residuals	481	2639.63163272002	5.48779965222457	NA	0.183100405743663	NA
Total	499	14416.3068454117	NA	NA	1	NA
