	Df	SumsOfSqs	MeanSqs	F.Model	R2	Pr(>F)
IncomeGroup	4	3943.95348107085	985.988370267712	187.367643219552	0.271448060210209	0.001
Ethnicity	9	5774.52395671206	641.613772968007	121.926043068417	0.397439608304222	0.001
EducationLevel	4	1742.04586636787	435.511466591967	82.7603646767876	0.119898719265415	0.001
GeoRegion	1	537.612813735645	537.612813735645	102.162711966805	0.0370019464309375	0.001
Residuals	481	2531.17559654121	5.26231932752851	NA	0.174211665789216	NA
Total	499	14529.3117144276	NA	NA	1	NA
