	Df	SumsOfSqs	MeanSqs	F.Model	R2	Pr(>F)
IncomeGroup	4	4283.55284563663	1070.88821140916	207.274364939779	0.292806216709931	0.001
Ethnicity	9	5593.70947190596	621.523274656217	120.298123256153	0.382363184689476	0.001
EducationLevel	4	1700.98651195808	425.24662798952	82.3080540249158	0.116272506302428	0.001
GeoRegion	1	565.962357839697	565.962357839697	109.544102784247	0.0386868804403987	0.001
Residuals	481	2485.09857857945	5.16652511139179	NA	0.169871211857766	NA
Total	499	14629.3097659198	NA	NA	1	NA
