	Df	SumsOfSqs	MeanSqs	F.Model	R2	Pr(>F)
IncomeGroup	4	3706.67718430037	926.669296075092	187.273685245126	0.267384593169467	0.001
Ethnicity	9	5400.07952627862	600.00883625318	121.257784649495	0.389539740156605	0.001
EducationLevel	4	1858.38818457353	464.597046143383	93.8919648614541	0.134056553612971	0.001
GeoRegion	1	517.484569255012	517.484569255012	104.580180602012	0.0373292288866653	0.001
Residuals	481	2380.08842955538	4.94820879325442	NA	0.171689884174292	NA
Total	499	13862.7178939629	NA	NA	1	NA
