	Df	SumsOfSqs	MeanSqs	F.Model	R2	Pr(>F)
IncomeGroup	4	4565.25908894229	1141.31477223557	225.043445594165	0.310435285137962	0.001
Ethnicity	9	5223.28018207697	580.364464675219	114.435756031699	0.355180383213301	0.001
EducationLevel	4	2009.56334016066	502.390835040166	99.0609841410453	0.13664928021645	0.001
GeoRegion	1	468.483927108173	468.483927108173	92.3752497791624	0.0318566676416328	0.001
Residuals	481	2439.40632883531	5.07153082917943	NA	0.165878383790653	NA
Total	499	14705.9928671234	NA	NA	1	NA
