	Df	SumsOfSqs	MeanSqs	F.Model	R2	Pr(>F)
IncomeGroup	4	4355.32458201107	1088.83114550277	188.248119274282	0.275216118195633	0.001
Ethnicity	9	5966.13390968045	662.903767742272	114.609494826396	0.377004327539558	0.001
EducationLevel	4	2102.2222781014	525.555569525351	90.8633519034654	0.132840949984099	0.001
GeoRegion	1	619.312179811925	619.312179811925	107.072941084375	0.0391347856789151	0.001
Residuals	481	2782.11428090683	5.78402137402667	NA	0.175803818601795	NA
Total	499	15825.1072305117	NA	NA	1	NA
