	Df	SumsOfSqs	MeanSqs	F.Model	R2	Pr(>F)
IncomeGroup	4	3672.40952689504	918.10238172376	182.320358064363	0.266173366767568	0.001
Ethnicity	9	5355.30968653232	595.034409614702	118.164257909758	0.388148652514923	0.001
EducationLevel	4	1849.29833002385	462.324582505962	91.8102219342744	0.1340356948361	0.001
GeoRegion	1	497.891063951845	497.891063951845	98.8731527809718	0.0360867544332936	0.001
Residuals	481	2422.14994692601	5.03565477531394	NA	0.175555531448116	NA
Total	499	13797.0585543291	NA	NA	1	NA
