	Df	SumsOfSqs	MeanSqs	F.Model	R2	Pr(>F)
IncomeGroup	4	3612.45582036162	903.113955090405	173.451570022946	0.252018012769322	0.001
Ethnicity	9	5889.12008647339	654.346676274821	125.673463132128	0.410846364621935	0.001
EducationLevel	4	1735.67315393008	433.91828848252	83.3381080811984	0.121086850835655	0.001
GeoRegion	1	592.435626955037	592.435626955037	113.782861015134	0.0413304568480535	0.001
Residuals	481	2504.43286469542	5.2067211324229	NA	0.174718314925035	NA
Total	499	14334.1175524155	NA	NA	1	NA
