	Df	SumsOfSqs	MeanSqs	F.Model	R2	Pr(>F)
IncomeGroup	4	5300.41759786615	1325.10439946654	248.608525404004	0.344424577088935	0.001
Ethnicity	9	5369.691201743	596.632355749222	111.936757761008	0.348926020848445	0.001
EducationLevel	4	1559.17166357029	389.792915892572	73.1307224336376	0.101315987074385	0.001
GeoRegion	1	596.14578090925	596.14578090925	111.845469366287	0.0387379399230133	0.001
Residuals	481	2563.77055094	5.33008430548856	NA	0.166595475065222	NA
Total	499	15389.1967950287	NA	NA	1	NA
