	Df	SumsOfSqs	MeanSqs	F.Model	R2	Pr(>F)
IncomeGroup	4	4278.10811340628	1069.52702835157	198.128340501265	0.28380750661189	0.001
Ethnicity	9	5752.80973070447	639.201081189385	118.411079014861	0.381638458496994	0.001
EducationLevel	4	1920.85880224429	480.214700561072	88.9590811492812	0.127428791598349	0.001
GeoRegion	1	525.689932877754	525.689932877754	97.3833023928532	0.0348740015787532	0.001
Residuals	481	2596.51142958936	5.39815266026893	NA	0.172251241714014	NA
Total	499	15073.9780088222	NA	NA	1	NA
