	Df	SumsOfSqs	MeanSqs	F.Model	R2	Pr(>F)
IncomeGroup	4	3487.1922356904	871.7980589226	165.168258375159	0.248699900476639	0.001
Ethnicity	9	5488.47142801027	609.830158667807	115.536601832181	0.391427316207242	0.001
EducationLevel	4	1882.40296153721	470.600740384304	89.1586117723123	0.134249389637835	0.001
GeoRegion	1	624.78621171886	624.78621171886	118.370131007115	0.0445585612067335	0.001
Residuals	481	2538.83446169969	5.27824212411578	NA	0.18106483247155	NA
Total	499	14021.6872986564	NA	NA	1	NA
