	Df	SumsOfSqs	MeanSqs	F.Model	R2	Pr(>F)
IncomeGroup	4	4534.04755909883	1133.51188977471	209.958314899657	0.291942765478175	0.001
Ethnicity	9	6019.77262063284	668.86362451476	123.892374458205	0.387607108992622	0.001
EducationLevel	4	1857.90527376753	464.476318441882	86.0340910497525	0.119628653328017	0.001
GeoRegion	1	522.081352278063	522.081352278063	96.7041651293337	0.0336162935659494	0.001
Residuals	481	2596.79746068739	5.39874731951641	NA	0.167205178635237	NA
Total	499	15530.6042664647	NA	NA	1	NA
