	Df	SumsOfSqs	MeanSqs	F.Model	R2	Pr(>F)
IncomeGroup	4	3341.44858248819	835.362145622047	160.880746487298	0.238079380028098	0.001
Ethnicity	9	5704.30248540841	633.811387267601	122.064483829144	0.406433546916197	0.001
EducationLevel	4	1895.62300384575	473.905750961438	91.2685730121592	0.135063801935427	0.001
GeoRegion	1	596.085539367739	596.085539367739	114.798937258948	0.0424713031348545	0.001
Residuals	481	2497.55922207838	5.19243081513176	NA	0.177951967985424	NA
Total	499	14035.0188331885	NA	NA	1	NA
