	Df	SumsOfSqs	MeanSqs	F.Model	R2	Pr(>F)
IncomeGroup	4	3836.21174529491	959.052936323727	181.921390501759	0.261290916052627	0.001
Ethnicity	9	5671.55655577522	630.172950641691	119.536612730453	0.386299377170815	0.001
EducationLevel	4	1951.25303792201	487.813259480502	92.5326049363485	0.13290316791153	0.001
GeoRegion	1	687.008213006442	687.008213006442	130.317612993652	0.0467932995440876	0.001
Residuals	481	2535.73513867382	5.2717986251015	NA	0.17271323932094	NA
Total	499	14681.7646906724	NA	NA	1	NA
