	Df	SumsOfSqs	MeanSqs	F.Model	R2	Pr(>F)
IncomeGroup	4	3893.49124487682	973.372811219204	172.721915685679	0.26719794290397	0.001
Ethnicity	9	5662.44785888202	629.160873209114	111.642599878085	0.388595819159762	0.001
EducationLevel	4	1719.65007370731	429.912518426829	76.2866117730652	0.118014124935779	0.001
GeoRegion	1	585.301076061753	585.301076061753	103.859818093387	0.0401673546098159	0.001
Residuals	481	2710.67119848565	5.63549105714273	NA	0.186024758390672	NA
Total	499	14571.5614520136	NA	NA	1	NA
