	Df	SumsOfSqs	MeanSqs	F.Model	R2	Pr(>F)
IncomeGroup	4	5100.77398535547	1275.19349633887	233.15576297142	0.31452595172949	0.001
Ethnicity	9	6161.37030287418	684.596700319354	125.171330036535	0.379924863174322	0.001
EducationLevel	4	1707.01858379156	426.754645947889	78.0276133490705	0.105258858014182	0.001
GeoRegion	1	617.453805087473	617.453805087473	112.894955501341	0.0380736818082321	0.001
Residuals	481	2630.7223288072	5.46927719086737	NA	0.162216645273774	NA
Total	499	16217.3390059159	NA	NA	1	NA
