	Df	SumsOfSqs	MeanSqs	F.Model	R2	Pr(>F)
IncomeGroup	4	4841.99306896201	1210.4982672405	213.837673214496	0.312629082885977	0.001
Ethnicity	9	5717.7593256022	635.306591733578	112.228564906445	0.369173980356183	0.001
EducationLevel	4	1668.57448745922	417.143621864805	73.689507791848	0.107733510625025	0.001
GeoRegion	1	536.795171108897	536.795171108897	94.8262657528429	0.0346588232678679	0.001
Residuals	481	2722.8582213324	5.66082790297797	NA	0.175804602864947	NA
Total	499	15487.9802744647	NA	NA	1	NA
