	Df	SumsOfSqs	MeanSqs	F.Model	R2	Pr(>F)
IncomeGroup	4	3365.12898152808	841.282245382019	156.604099908132	0.242187030928042	0.001
Ethnicity	9	5572.42805830562	619.158673145069	115.255952732209	0.401045491542592	0.001
EducationLevel	4	1949.20813441373	487.302033603432	90.7109317648973	0.14028375534066	0.001
GeoRegion	1	424.040433870974	424.040433870974	78.9348293459624	0.0305180259765306	0.001
Residuals	481	2583.94742070056	5.37203205966853	NA	0.185965696212176	NA
Total	499	13894.753028819	NA	NA	1	NA
