	Df	SumsOfSqs	MeanSqs	F.Model	R2	Pr(>F)
IncomeGroup	4	3524.39390442283	881.098476105707	171.183374416902	0.252200404705354	0.001
Ethnicity	9	5425.68940507498	602.854378341665	117.124986099907	0.388254293042637	0.001
EducationLevel	4	1954.78744917244	488.69686229311	94.9460023175095	0.139881692899186	0.001
GeoRegion	1	593.949373316393	593.949373316393	115.394885718661	0.0425021369310922	0.001
Residuals	481	2475.75658822274	5.14710309401817	NA	0.177161472421731	NA
Total	499	13974.5767202094	NA	NA	1	NA
