	Df	SumsOfSqs	MeanSqs	F.Model	R2	Pr(>F)
IncomeGroup	4	4543.02238335109	1135.75559583777	202.48938876083	0.283792121113488	0.001
Ethnicity	9	6562.24401471777	729.13822385753	129.995180135707	0.409928235226378	0.001
EducationLevel	4	1597.16545723475	399.291364308689	71.1880835917913	0.0997712391950624	0.001
GeoRegion	1	607.931920608384	607.931920608384	108.385786047029	0.0379761037221191	0.001
Residuals	481	2697.91145571203	5.60896352538883	NA	0.168532300742953	NA
Total	499	16008.275231624	NA	NA	1	NA
