	Df	SumsOfSqs	MeanSqs	F.Model	R2	Pr(>F)
IncomeGroup	4	3572.09711073111	893.024277682778	172.920915353017	0.258938982781074	0.001
Ethnicity	9	5433.3303885562	603.703376506244	116.898211029655	0.393858565518753	0.001
EducationLevel	4	1635.94563183686	408.986407959216	79.1941560813561	0.118588628657488	0.001
GeoRegion	1	669.704805635452	669.704805635452	129.678409535842	0.0485464632565233	0.001
Residuals	481	2484.0527630131	5.16435085865508	NA	0.180067359786161	NA
Total	499	13795.1306997727	NA	NA	1	NA
