	Df	SumsOfSqs	MeanSqs	F.Model	R2	Pr(>F)
IncomeGroup	4	5648.31412180948	1412.07853045237	292.582466349652	0.37092978237573	0.001
Ethnicity	9	5273.03554992206	585.892838880229	121.396911091949	0.346284906754705	0.001
EducationLevel	4	1455.07376941779	363.768442354448	75.3727684041335	0.0955559809513335	0.001
GeoRegion	1	529.594761405266	529.594761405266	109.731957618652	0.0347789562264023	0.001
Residuals	481	2321.43019922423	4.82625821044539	NA	0.152450373691829	NA
Total	499	15227.4484017788	NA	NA	1	NA
