	Df	SumsOfSqs	MeanSqs	F.Model	R2	Pr(>F)
IncomeGroup	4	3722.38688045101	930.596720112753	167.060543057994	0.250250137180853	0.001
Ethnicity	9	5928.31781352431	658.701979280479	118.250051814753	0.398551357968037	0.001
EducationLevel	4	1915.45706535392	478.864266338481	85.9656203987926	0.128773125621691	0.001
GeoRegion	1	629.13284519126	629.13284519126	112.941806586787	0.0422955984615488	0.001
Residuals	481	2679.37009051172	5.57041598858986	NA	0.180129780767869	NA
Total	499	14874.6646950322	NA	NA	1	NA
