	Df	SumsOfSqs	MeanSqs	F.Model	R2	Pr(>F)
IncomeGroup	4	4097.0351581278	1024.25878953195	198.442607675859	0.274414355770929	0.001
Ethnicity	9	5879.53133661461	653.281259623845	126.568439568643	0.393803748735553	0.001
EducationLevel	4	1876.5255833569	469.131395839224	90.890757769814	0.125687366392985	0.001
GeoRegion	1	594.338086276462	594.338086276462	115.14863322352	0.0398080311154105	0.001
Residuals	481	2482.67488285381	5.16148624293931	NA	0.166286497985123	NA
Total	499	14930.1050472296	NA	NA	1	NA
