	Df	SumsOfSqs	MeanSqs	F.Model	R2	Pr(>F)
IncomeGroup	4	4457.9472990361	1114.48682475903	200.60359646236	0.294559246831562	0.001
Ethnicity	9	5613.69623504272	623.744026115858	112.271668117573	0.370925456048548	0.001
EducationLevel	4	1810.83678671143	452.709196677858	81.4860175891269	0.119651194652736	0.001
GeoRegion	1	579.541335804823	579.541335804823	104.315343778232	0.0382932430402075	0.001
Residuals	481	2672.27593205029	5.55566721839976	NA	0.176570859426947	NA
Total	499	15134.2975886454	NA	NA	1	NA
