	Df	SumsOfSqs	MeanSqs	F.Model	R2	Pr(>F)
IncomeGroup	4	4091.35410584968	1022.83852646242	208.218306297474	0.285744768714877	0.001
Ethnicity	9	5450.18390550813	605.575989500903	123.276552071612	0.380646969008696	0.001
EducationLevel	4	1809.59235783182	452.398089457955	92.0942666140466	0.126383963934472	0.001
GeoRegion	1	604.247203089215	604.247203089215	123.006052233255	0.0422013037313184	0.001
Residuals	481	2362.83418099435	4.91233717462443	NA	0.165022994610636	NA
Total	499	14318.2117532732	NA	NA	1	NA
