	Df	SumsOfSqs	MeanSqs	F.Model	R2	Pr(>F)
IncomeGroup	4	4130.40130912909	1032.60032728227	200.394876701052	0.281755801078391	0.001
Ethnicity	9	5553.91291078681	617.101434531868	119.75975856073	0.378860808958127	0.001
EducationLevel	4	1863.82667292195	465.956668230488	90.4273673085487	0.12714115118541	0.001
GeoRegion	1	632.856456477433	632.856456477433	122.817307156045	0.0431703760766114	0.001
Residuals	481	2478.51025734415	5.15282797784646	NA	0.169071862701461	NA
Total	499	14659.5076066594	NA	NA	1	NA
