	Df	SumsOfSqs	MeanSqs	F.Model	R2	Pr(>F)
IncomeGroup	4	4546.92435152912	1136.73108788228	240.41648082089	0.289165861507843	0.001
Ethnicity	9	6924.84921484149	769.427690537943	162.732505143234	0.440392193538064	0.001
EducationLevel	4	1507.53967201086	376.884918002714	79.710449222856	0.0958733804022203	0.001
GeoRegion	1	470.712650877991	470.712650877991	99.5548377345676	0.0299354065936901	0.001
Residuals	481	2274.25196228006	4.72817455775481	NA	0.144633157958182	NA
Total	499	15724.2778515395	NA	NA	1	NA
