	Df	SumsOfSqs	MeanSqs	F.Model	R2	Pr(>F)
IncomeGroup	4	3686.437493582	921.609373395501	181.31481712737	0.257223844851612	0.001
Ethnicity	9	6055.25255764452	672.80583973828	132.365914796335	0.422509630812009	0.001
EducationLevel	4	1654.17431635888	413.54357908972	81.3593921474504	0.11542121043674	0.001
GeoRegion	1	490.881382580921	490.881382580921	96.5746125020092	0.0342516038352383	0.001
Residuals	481	2444.88627916069	5.08292365729874	NA	0.170593710064401	NA
Total	499	14331.632029327	NA	NA	1	NA
