	Df	SumsOfSqs	MeanSqs	F.Model	R2	Pr(>F)
IncomeGroup	4	4439.95543870626	1109.98885967656	214.775874798093	0.305886452134194	0.001
Ethnicity	9	5244.26637550493	582.696263944993	112.748068360644	0.361298679186132	0.001
EducationLevel	4	1771.58498803093	442.896247007732	85.6976428786821	0.12205164086081	0.001
GeoRegion	1	573.368834506553	573.368834506553	110.943269330641	0.0395016934229935	0.001
Residuals	481	2485.86877835484	5.16812635832607	NA	0.171261534395871	NA
Total	499	14515.0444151035	NA	NA	1	NA
