	Df	SumsOfSqs	MeanSqs	F.Model	R2	Pr(>F)
IncomeGroup	4	4584.22227412612	1146.05556853153	224.056589576633	0.304782270914094	0.001
Ethnicity	9	6016.37634557728	668.486260619698	130.690653966457	0.399999113399979	0.001
EducationLevel	4	1448.15205841342	362.038014603354	70.7792929736033	0.0962804695320536	0.001
GeoRegion	1	531.895401214295	531.895401214295	103.986816067105	0.0353630951068487	0.001
Residuals	481	2460.32812293219	5.11502728260331	NA	0.163575051047024	NA
Total	499	15040.9742022633	NA	NA	1	NA
