	Df	SumsOfSqs	MeanSqs	F.Model	R2	Pr(>F)
IncomeGroup	4	4196.14334340818	1049.03583585204	201.113372643357	0.296902528602466	0.001
Ethnicity	9	5221.28534422026	580.142816024473	111.220679368624	0.369437527364087	0.001
EducationLevel	4	1678.84612062443	419.711530156107	80.4639827184166	0.118788520208888	0.001
GeoRegion	1	527.828114450871	527.828114450871	101.191292656822	0.0373470325064372	0.001
Residuals	481	2508.96412512378	5.21614163227398	NA	0.177524391318122	NA
Total	499	14133.0670478275	NA	NA	1	NA
