	Df	SumsOfSqs	MeanSqs	F.Model	R2	Pr(>F)
IncomeGroup	4	4608.56173919061	1152.14043479765	213.474451054508	0.300396144311822	0.001
Ethnicity	9	5597.21647496425	621.912941662694	115.23119909289	0.364838824585903	0.001
EducationLevel	4	2053.7590345556	513.439758638899	95.1327349640737	0.133868510446477	0.001
GeoRegion	1	486.07749395174	486.07749395174	90.0629151250318	0.0316835952913804	0.001
Residuals	481	2595.99941070311	5.39708817193994	NA	0.169212925364418	NA
Total	499	15341.6141533653	NA	NA	1	NA
