	Df	SumsOfSqs	MeanSqs	F.Model	R2	Pr(>F)
IncomeGroup	4	4803.52849570331	1200.88212392583	231.371390163811	0.304981124803694	0.001
Ethnicity	9	6194.48859853669	688.276510948521	132.608763160416	0.393294658719157	0.001
EducationLevel	4	1756.96708825585	439.241772063961	84.6277726978069	0.111551706063291	0.001
GeoRegion	1	498.739975882883	498.739975882883	96.0911643626195	0.031665530654265	0.001
Residuals	481	2496.52431616271	5.19027924358151	NA	0.158506979759593	NA
Total	499	15750.2484745414	NA	NA	1	NA
