	Df	SumsOfSqs	MeanSqs	F.Model	R2	Pr(>F)
IncomeGroup	4	3933.42797865503	983.356994663757	190.545001719596	0.265290040407563	0.001
Ethnicity	9	6308.11269705702	700.901410784113	135.813607111009	0.425450645436741	0.001
EducationLevel	4	1493.82768087584	373.456920218959	72.3647158574883	0.100751204285935	0.001
GeoRegion	1	609.202681709719	609.202681709719	118.045152130791	0.0410876733790939	0.001
Residuals	481	2482.32548828188	5.16075985089789	NA	0.167420436490666	NA
Total	499	14826.8965265795	NA	NA	1	NA
