	Df	SumsOfSqs	MeanSqs	F.Model	R2	Pr(>F)
IncomeGroup	4	3902.64539415092	975.66134853773	194.436113685097	0.2630828580768	0.001
Ethnicity	9	6482.31792175727	720.257546861919	143.53758962993	0.436982239886388	0.001
EducationLevel	4	1456.85794778197	364.214486945492	72.5830222706158	0.0982088593774913	0.001
GeoRegion	1	578.850246674896	578.850246674896	115.357026839087	0.0390211156570694	0.001
Residuals	481	2413.61082441043	5.01790192185121	NA	0.162704927002251	NA
Total	499	14834.2823347755	NA	NA	1	NA
