	Df	SumsOfSqs	MeanSqs	F.Model	R2	Pr(>F)
IncomeGroup	4	4159.34754336012	1039.83688584003	197.535919912382	0.27530645714071	0.001
Ethnicity	9	5976.53479259483	664.059421399425	126.150159192179	0.39558575054737	0.001
EducationLevel	4	1879.3637754865	469.840943871625	89.2548286409425	0.124394746366829	0.001
GeoRegion	1	560.814775587245	560.814775587245	106.536961810686	0.0371202279611284	0.001
Residuals	481	2532.00300133213	5.26403950380901	NA	0.167592817983963	NA
Total	499	15108.0638883608	NA	NA	1	NA
