	Df	SumsOfSqs	MeanSqs	F.Model	R2	Pr(>F)
IncomeGroup	4	4232.91533772754	1058.22883443188	194.074124400124	0.277676476522407	0.001
Ethnicity	9	6302.06739002537	700.229710002819	128.418791310584	0.413411497289353	0.001
EducationLevel	4	1569.19966866275	392.299917165687	71.9459349896147	0.102938471523582	0.001
GeoRegion	1	517.121267765182	517.121267765182	94.837575753725	0.0339228168085507	0.001
Residuals	481	2622.75082232142	5.45270441231065	NA	0.172050737856108	NA
Total	499	15244.0544865023	NA	NA	1	NA
