	Df	SumsOfSqs	MeanSqs	F.Model	R2	Pr(>F)
IncomeGroup	4	3954.32075354419	988.580188386047	183.982830771291	0.267213330420406	0.001
Ethnicity	9	5738.06002195547	637.562224661718	118.655526647372	0.387749559072731	0.001
EducationLevel	4	2047.18265689299	511.795664223248	95.249344652551	0.138338422657538	0.001
GeoRegion	1	474.284182282277	474.284182282277	88.2681521150056	0.0320497662714326	0.001
Residuals	481	2584.51872177568	5.37321979579143	NA	0.174648921577892	NA
Total	499	14798.3663364506	NA	NA	1	NA
