	Df	SumsOfSqs	MeanSqs	F.Model	R2	Pr(>F)
IncomeGroup	4	4778.92661171442	1194.73165292861	218.77776679331	0.302825964933507	0.001
Ethnicity	9	5919.34374521646	657.704860579606	120.438091896198	0.375090711170229	0.001
EducationLevel	4	1930.62286091301	482.655715228253	88.383311222085	0.12233766665208	0.001
GeoRegion	1	525.495233955817	525.495233955817	96.2280303393381	0.0332990259571157	0.001
Residuals	481	2626.71081016004	5.46093723525996	NA	0.166446631287068	NA
Total	499	15781.0992619598	NA	NA	1	NA
