	Df	SumsOfSqs	MeanSqs	F.Model	R2	Pr(>F)
IncomeGroup	4	3973.97748035963	993.494370089908	189.656286540113	0.272287820118285	0.001
Ethnicity	9	5925.84730483056	658.427478314506	125.692620162306	0.406025462640545	0.001
EducationLevel	4	1492.02751476958	373.006878692394	71.2063415722383	0.102230302401297	0.001
GeoRegion	1	683.247837266405	683.247837266405	130.430781999079	0.0468145743475541	0.001
Residuals	481	2519.6675561407	5.2383940876106	NA	0.172641840492319	NA
Total	499	14594.7676933669	NA	NA	1	NA
