	Df	SumsOfSqs	MeanSqs	F.Model	R2	Pr(>F)
IncomeGroup	4	4164.37490077903	1041.09372519476	202.605120949804	0.286744710372599	0.001
Ethnicity	9	5619.4632609725	624.384806774722	121.510250455258	0.386937152299997	0.001
EducationLevel	4	1719.01821176651	429.754552941627	83.6336547520532	0.118365755005871	0.001
GeoRegion	1	548.443154314418	548.443154314418	106.731400761423	0.0377639326877854	0.001
Residuals	481	2471.63585733228	5.13853608592989	NA	0.170188449633748	NA
Total	499	14522.9353851647	NA	NA	1	NA
