	Df	SumsOfSqs	MeanSqs	F.Model	R2	Pr(>F)
IncomeGroup	4	4381.54339438449	1095.38584859612	201.376935451002	0.288882989089088	0.001
Ethnicity	9	6083.38709460312	675.931899400347	124.264061517016	0.401088586712903	0.001
EducationLevel	4	1582.73740337611	395.684350844028	72.7430449106239	0.104352706540893	0.001
GeoRegion	1	503.132873001448	503.132873001448	92.4964990368862	0.0331724497919886	0.001
Residuals	481	2616.38996538872	5.43948017752333	NA	0.172503267865128	NA
Total	499	15167.1907307539	NA	NA	1	NA
