	Df	SumsOfSqs	MeanSqs	F.Model	R2	Pr(>F)
IncomeGroup	4	3989.44925656699	997.362314141748	182.338959455649	0.271564287071341	0.001
Ethnicity	9	5777.24364906429	641.915961007143	117.35583621759	0.393260561019303	0.001
EducationLevel	4	1772.02360374043	443.005900935108	80.9908634644278	0.120622746568647	0.001
GeoRegion	1	520.922920657778	520.922920657778	95.235745287883	0.0354595465363264	0.001
Residuals	481	2630.98612898944	5.46982563199467	NA	0.179092858804383	NA
Total	499	14690.6255590189	NA	NA	1	NA
