	Df	SumsOfSqs	MeanSqs	F.Model	R2	Pr(>F)
IncomeGroup	4	3963.22351870954	990.805879677386	208.835440220135	0.271158728216032	0.001
Ethnicity	9	5928.97922929428	658.775469921587	138.852289927969	0.405653241570939	0.001
EducationLevel	4	1883.42468898921	470.856172247301	99.2439165214182	0.128861529244073	0.001
GeoRegion	1	558.180318601761	558.180318601761	117.649516366787	0.0381899896871211	0.001
Residuals	481	2282.07256212096	4.74443360108309	NA	0.156136511281834	NA
Total	499	14615.8803177158	NA	NA	1	NA
