	Df	SumsOfSqs	MeanSqs	F.Model	R2	Pr(>F)
IncomeGroup	4	3392.09464830259	848.023662075647	162.759865163879	0.241422609303406	0.001
Ethnicity	9	5703.86789771917	633.763099746574	121.637168010287	0.405956441008617	0.001
EducationLevel	4	1929.710108834	482.4275272085	92.5915664754112	0.137341583291902	0.001
GeoRegion	1	518.628208374932	518.628208374932	99.5395070211591	0.0369118754946539	0.001
Residuals	481	2506.14229157589	5.21027503446131	NA	0.178367490901421	NA
Total	499	14050.4431548066	NA	NA	1	NA
