	Df	SumsOfSqs	MeanSqs	F.Model	R2	Pr(>F)
IncomeGroup	4	4305.07055798331	1076.26763949583	201.137852207536	0.284215659264331	0.001
Ethnicity	9	5703.28856441213	633.698729379126	118.428536449977	0.376524355983714	0.001
EducationLevel	4	2030.66972178864	507.667430447161	94.8752269869361	0.134062409884552	0.001
GeoRegion	1	534.387311183584	534.387311183584	99.8687613322438	0.0352796173500309	0.001
Residuals	481	2573.78076237655	5.3508955558764	NA	0.169917957517373	NA
Total	499	15147.1969177442	NA	NA	1	NA
