	Df	SumsOfSqs	MeanSqs	F.Model	R2	Pr(>F)
IncomeGroup	4	5322.76110124682	1330.69027531171	257.328002832713	0.34236326210154	0.001
Ethnicity	9	5589.13073233599	621.01452581511	120.091377101763	0.359496320318846	0.001
EducationLevel	4	1614.29411026844	403.573527567111	78.0427810826762	0.103832388316911	0.001
GeoRegion	1	533.590153880497	533.590153880497	103.185310043019	0.0343208463113247	0.001
Residuals	481	2487.33917560084	5.17118331725746	NA	0.159987182951379	NA
Total	499	15547.1152733326	NA	NA	1	NA
