	Df	SumsOfSqs	MeanSqs	F.Model	R2	Pr(>F)
IncomeGroup	4	4044.27086062908	1011.06771515727	197.861738014805	0.265328013421826	0.001
Ethnicity	9	6075.17317591993	675.019241768881	132.098452326757	0.398567179476617	0.001
EducationLevel	4	2087.2128457141	521.803211428524	102.114713749805	0.136933468856657	0.001
GeoRegion	1	577.979608256748	577.979608256748	113.108200481911	0.0379188700613476	0.001
Residuals	481	2457.89598266977	5.10997085794132	NA	0.161252468183552	NA
Total	499	15242.5324731896	NA	NA	1	NA
