	Df	SumsOfSqs	MeanSqs	F.Model	R2	Pr(>F)
IncomeGroup	4	3971.03813966566	992.759534916416	184.030085880578	0.264408978998022	0.001
Ethnicity	9	6406.09152607851	711.787947342057	131.94574564237	0.426545417143968	0.001
EducationLevel	4	1605.17233958805	401.293084897014	74.3886090029819	0.106879351066136	0.001
GeoRegion	1	441.464315709989	441.464315709989	81.8352411393963	0.0293946129136816	0.001
Residuals	481	2594.77864181768	5.39455019088914	NA	0.172771639878193	NA
Total	499	15018.5449628599	NA	NA	1	NA
