	Df	SumsOfSqs	MeanSqs	F.Model	R2	Pr(>F)
IncomeGroup	4	4195.67446226316	1048.91861556579	196.700625444315	0.277243318258772	0.001
Ethnicity	9	6227.0116083062	691.890178700689	129.748131904204	0.411470760339086	0.001
EducationLevel	4	1564.37970551987	391.094926379967	73.3408822051867	0.103371656804151	0.001
GeoRegion	1	581.516910448998	581.516910448998	109.050157270843	0.0384256880095283	0.001
Residuals	481	2564.96314105505	5.33256370281716	NA	0.169488576588463	NA
Total	499	15133.5458275933	NA	NA	1	NA
