	Df	SumsOfSqs	MeanSqs	F.Model	R2	Pr(>F)
IncomeGroup	4	5214.36427189884	1303.59106797471	235.585401231767	0.313462136387851	0.001
Ethnicity	9	6771.42637675208	752.380708528008	135.970486030555	0.40706511240282	0.001
EducationLevel	4	1421.21707700663	355.304269251656	64.2107029477093	0.0854366358005064	0.001
GeoRegion	1	566.171135155664	566.171135155664	102.318631446836	0.0340354459974085	0.001
Residuals	481	2661.57113478764	5.53341192263543	NA	0.160000669411413	NA
Total	499	16634.7499956009	NA	NA	1	NA
