	Df	SumsOfSqs	MeanSqs	F.Model	R2	Pr(>F)
IncomeGroup	4	3597.59744629177	899.399361572941	174.540005988314	0.256581476144745	0.001
Ethnicity	9	5675.85034842885	630.650038714317	122.385745683899	0.404802950446177	0.001
EducationLevel	4	1779.76447840625	444.941119601562	86.3465430349936	0.126933211365867	0.001
GeoRegion	1	489.476544850728	489.476544850728	94.9892147132202	0.0349095795988742	0.001
Residuals	481	2478.57842370848	5.15296969585963	NA	0.176772782444337	NA
Total	499	14021.2672416861	NA	NA	1	NA
