	Df	SumsOfSqs	MeanSqs	F.Model	R2	Pr(>F)
IncomeGroup	4	4135.54778372983	1033.88694593246	182.816215730631	0.270234202564156	0.001
Ethnicity	9	6405.50656579598	711.722951755109	125.849830293731	0.418562920645587	0.001
EducationLevel	4	1482.4098411143	370.602460278576	65.5314776873264	0.096866935708692	0.001
GeoRegion	1	559.88873660545	559.88873660545	99.0018690719587	0.0365855006817909	0.001
Residuals	481	2720.21614169201	5.65533501391271	NA	0.177750440399774	NA
Total	499	15303.5690689376	NA	NA	1	NA
