	Df	SumsOfSqs	MeanSqs	F.Model	R2	Pr(>F)
IncomeGroup	4	3779.85390474971	944.963476187427	180.997780265296	0.2732086524868	0.001
Ethnicity	9	5165.70171044168	573.966856715742	109.937293482011	0.373378029686569	0.001
EducationLevel	4	1836.74476446367	459.186191115917	87.9522684366401	0.132760306272878	0.001
GeoRegion	1	541.51218696779	541.51218696779	103.720944033964	0.0391406172393974	0.001
Residuals	481	2511.23207908921	5.22085671328319	NA	0.181512394314356	NA
Total	499	13835.0446457121	NA	NA	1	NA
