	Df	SumsOfSqs	MeanSqs	F.Model	R2	Pr(>F)
IncomeGroup	4	4029.15663338481	1007.2891583462	183.579275369286	0.281974769658254	0.001
Ethnicity	9	5127.96927081309	569.774363423677	103.841845109351	0.35887360197695	0.001
EducationLevel	4	1892.47252742919	473.118131857297	86.2261676210566	0.132441985646542	0.001
GeoRegion	1	600.249535660907	600.249535660907	109.395970247807	0.0420076060466457	0.001
Residuals	481	2639.21994566052	5.48694375397197	NA	0.184702036671608	NA
Total	499	14289.0679129485	NA	NA	1	NA
