	Df	SumsOfSqs	MeanSqs	F.Model	R2	Pr(>F)
IncomeGroup	4	4478.40897826762	1119.60224456691	216.810808914894	0.30184777681215	0.001
Ethnicity	9	5614.63931190351	623.848812433723	120.808230173451	0.378430465400629	0.001
EducationLevel	4	1606.53427925432	401.63356981358	77.7762813367198	0.108281490796986	0.001
GeoRegion	1	653.200111510389	653.200111510389	126.492104894492	0.0440261267851265	0.001
Residuals	481	2483.86453762125	5.16395953767412	NA	0.167414140205109	NA
Total	499	14836.6472185571	NA	NA	1	NA
