	Df	SumsOfSqs	MeanSqs	F.Model	R2	Pr(>F)
IncomeGroup	4	4662.17469402095	1165.54367350524	217.125134155701	0.310892048520926	0.001
Ethnicity	9	5815.28210789124	646.14245643236	120.36766251294	0.38778576220406	0.001
EducationLevel	4	1312.70221613238	328.175554033095	61.1346986095901	0.0875361194840549	0.001
GeoRegion	1	623.918371584923	623.918371584923	116.227613955621	0.041605317986183	0.001
Residuals	481	2582.0433416704	5.36807347540623	NA	0.172180751804776	NA
Total	499	14996.1207312999	NA	NA	1	NA
