	Df	SumsOfSqs	MeanSqs	F.Model	R2	Pr(>F)
IncomeGroup	4	3739.82069684274	934.955174210684	184.684135117313	0.265375583493627	0.001
Ethnicity	9	5245.05730869494	582.784145410549	115.118872887243	0.372186330999111	0.001
EducationLevel	4	2176.78686130246	544.196715325616	107.496597137336	0.154463577343985	0.001
GeoRegion	1	495.851748532761	495.851748532761	97.9468897014141	0.0351853625507518	0.001
Residuals	481	2435.04098773659	5.06245527595965	NA	0.172789145612526	NA
Total	499	14092.5576031095	NA	NA	1	NA
