	Df	SumsOfSqs	MeanSqs	F.Model	R2	Pr(>F)
IncomeGroup	4	3660.75777929147	915.189444822867	170.423514468866	0.263719962584988	0.001
Ethnicity	9	5296.7503426692	588.527815852133	109.593679546445	0.381576407511207	0.001
EducationLevel	4	1813.79692361346	453.449230903364	84.4397976844155	0.130665421115266	0.001
GeoRegion	1	526.91335791975	526.91335791975	98.120041468196	0.0379586903624696	0.001
Residuals	481	2583.01282150956	5.37008902600739	NA	0.18607951842607	NA
Total	499	13881.2312250034	NA	NA	1	NA
