	Df	SumsOfSqs	MeanSqs	F.Model	R2	Pr(>F)
IncomeGroup	4	4800.79962066907	1200.19990516727	221.058937747361	0.304507696459576	0.001
Ethnicity	9	6263.91128603702	695.990142893002	128.191013020551	0.397310728889044	0.001
EducationLevel	4	1497.7270260141	374.431756503526	68.9647499513944	0.0949986341136325	0.001
GeoRegion	1	591.8330453657	591.8330453657	109.006827753493	0.0375391042269431	0.001
Residuals	481	2611.50334054904	5.42932087432233	NA	0.165643836310804	NA
Total	499	15765.7743186349	NA	NA	1	NA
