	Df	SumsOfSqs	MeanSqs	F.Model	R2	Pr(>F)
IncomeGroup	4	4375.3533788569	1093.83834471423	191.533163816645	0.288630097725496	0.001
Ethnicity	9	5380.2846159265	597.809401769611	104.677557368117	0.354922663387605	0.001
EducationLevel	4	2053.76548215015	513.441370537537	89.9045554661928	0.135481292707177	0.001
GeoRegion	1	602.658195225582	602.658195225582	105.526590276684	0.0397557131324729	0.001
Residuals	481	2746.97202992592	5.71096056117655	NA	0.181210233047248	NA
Total	499	15159.033702085	NA	NA	1	NA
