	Df	SumsOfSqs	MeanSqs	F.Model	R2	Pr(>F)
IncomeGroup	4	4360.72600050263	1090.18150012566	207.162990603752	0.293648844021429	0.001
Ethnicity	9	5617.04349858853	624.115944287614	118.598348520135	0.378248559984847	0.001
EducationLevel	4	1815.35895390255	453.839738475638	86.241417109537	0.12224525417006	0.001
GeoRegion	1	525.77943212591	525.77943212591	99.9118399501285	0.0354056921797473	0.001
Residuals	481	2531.23060268732	5.26243368542062	NA	0.170451649643917	NA
Total	499	14850.1384878069	NA	NA	1	NA
