	Df	SumsOfSqs	MeanSqs	F.Model	R2	Pr(>F)
IncomeGroup	4	4096.8368026168	1024.2092006542	210.830391854178	0.29839066070009	0.001
Ethnicity	9	4965.23524724077	551.692805248975	113.564309166016	0.361639942555	0.001
EducationLevel	4	1796.17831785931	449.044579464829	92.434479780199	0.130823574582927	0.001
GeoRegion	1	534.838248025337	534.838248025337	110.094849116528	0.038954624234488	0.001
Residuals	481	2336.68695097531	4.85797702905471	NA	0.170191197927495	NA
Total	499	13729.7755667175	NA	NA	1	NA
