	Df	SumsOfSqs	MeanSqs	F.Model	R2	Pr(>F)
IncomeGroup	4	3968.34753130873	992.086882827182	180.465561289812	0.264089884445199	0.001
Ethnicity	9	6109.69360942508	678.854845491675	123.487088526807	0.406594499745469	0.001
EducationLevel	4	1750.29529246475	437.573823116189	79.5968649130379	0.116480544580618	0.001
GeoRegion	1	553.929486670275	553.929486670275	100.762541524644	0.036863498716126	0.001
Residuals	481	2644.23742252707	5.49737509880888	NA	0.175971572512588	NA
Total	499	15026.5033423959	NA	NA	1	NA
