	Df	SumsOfSqs	MeanSqs	F.Model	R2	Pr(>F)
IncomeGroup	4	4530.66649657653	1132.66662414413	219.993072602973	0.310341905533042	0.001
Ethnicity	9	5506.33931323907	611.815479248785	118.830346261597	0.37717360928538	0.001
EducationLevel	4	1570.7588263796	392.689706594899	76.2704694319473	0.107593946206333	0.001
GeoRegion	1	514.687987477182	514.687987477182	99.9656822081285	0.0352551331927279	0.001
Residuals	481	2476.49909957194	5.14864677665683	NA	0.169635405782518	NA
Total	499	14598.9517232443	NA	NA	1	NA
