	Df	SumsOfSqs	MeanSqs	F.Model	R2	Pr(>F)
IncomeGroup	4	3856.0348321885	964.008708047124	188.861048081129	0.270581710998731	0.001
Ethnicity	9	5694.5868165181	632.731868502011	123.9598800738	0.399594690219584	0.001
EducationLevel	4	1565.79025186335	391.447562965838	76.6893456391037	0.109873023417131	0.001
GeoRegion	1	679.313523573886	679.313523573886	133.08579369345	0.0476680900231593	0.001
Residuals	481	2455.18169724167	5.10432785289329	NA	0.172282485341394	NA
Total	499	14250.9071213855	NA	NA	1	NA
