	Df	SumsOfSqs	MeanSqs	F.Model	R2	Pr(>F)
IncomeGroup	4	4286.79352156932	1071.69838039233	204.649007462534	0.282430128598217	0.001
Ethnicity	9	6093.37970449626	677.042189388473	129.286387479553	0.401454841451901	0.001
EducationLevel	4	1722.83282301542	430.708205753856	82.2470281061987	0.113506725553543	0.001
GeoRegion	1	556.355290503789	556.355290503789	106.240300518555	0.0366547853197652	0.001
Residuals	481	2518.88307380666	5.23676314720719	NA	0.165953519076574	NA
Total	499	15178.2444133915	NA	NA	1	NA
