	Df	SumsOfSqs	MeanSqs	F.Model	R2	Pr(>F)
IncomeGroup	4	4090.28231254671	1022.57057813668	214.958829705534	0.298781081055275	0.001
Ethnicity	9	5396.81662630419	599.646291811577	126.054150081219	0.394218927363058	0.001
EducationLevel	4	1387.72305735847	346.930764339616	72.9297641510301	0.101368405308126	0.001
GeoRegion	1	526.932730628967	526.932730628967	110.768728859716	0.0384906270204871	0.001
Residuals	481	2288.14256552067	4.75705315077063	NA	0.167140959253054	NA
Total	499	13689.897292359	NA	NA	1	NA
