	Df	SumsOfSqs	MeanSqs	F.Model	R2	Pr(>F)
IncomeGroup	4	4688.03239234483	1172.00809808621	235.373318143572	0.3041362535236	0.001
Ethnicity	9	5981.5259428954	664.613993655045	133.473822601294	0.388051689573866	0.001
EducationLevel	4	1754.93851445064	438.734628612659	88.1106755914695	0.113851693051618	0.001
GeoRegion	1	594.682263462077	594.682263462077	119.429496964024	0.0385800311323844	0.001
Residuals	481	2395.07136843609	4.97935835433698	NA	0.155380332718531	NA
Total	499	15414.250481589	NA	NA	1	NA
