	Df	SumsOfSqs	MeanSqs	F.Model	R2	Pr(>F)
IncomeGroup	4	3412.46877784484	853.11719446121	171.73401898404	0.244798789769755	0.001
Ethnicity	9	6024.44383914725	669.382648794139	134.747925914447	0.4321729096641	0.001
EducationLevel	4	1559.28484597392	389.821211493481	78.4717079548289	0.111857739381811	0.001
GeoRegion	1	554.247692873509	554.247692873509	111.571053107086	0.0397598258858803	0.001
Residuals	481	2389.44719842594	4.96766569319322	NA	0.171410735298454	NA
Total	499	13939.8923542655	NA	NA	1	NA
