	Df	SumsOfSqs	MeanSqs	F.Model	R2	Pr(>F)
IncomeGroup	4	4235.047662231	1058.76191555775	208.036275744432	0.283656102722417	0.001
Ethnicity	9	5615.18361243059	623.909290270065	122.592023043973	0.376095200480878	0.001
EducationLevel	4	2021.1626654223	505.290666355575	99.2846331667118	0.135373948622747	0.001
GeoRegion	1	610.864806634909	610.864806634909	120.028910643922	0.0409146588562974	0.001
Residuals	481	2447.95999909601	5.08931392743454	NA	0.163960089317661	NA
Total	499	14930.2187458148	NA	NA	1	NA
