	Df	SumsOfSqs	MeanSqs	F.Model	R2	Pr(>F)
IncomeGroup	4	4152.55991744574	1038.13997936143	194.306719979165	0.288785387165957	0.001
Ethnicity	9	5142.59208378773	571.399120420859	106.947705603487	0.357636126986152	0.001
EducationLevel	4	1956.51042621427	489.127606553568	91.5491000925937	0.136063448128657	0.001
GeoRegion	1	557.853284300219	557.853284300219	104.412356769705	0.0387953165977514	0.001
Residuals	481	2569.88193782693	5.34278989153207	NA	0.178719721121483	NA
Total	499	14379.3976495749	NA	NA	1	NA
