	Df	SumsOfSqs	MeanSqs	F.Model	R2	Pr(>F)
IncomeGroup	4	3654.82565813242	913.706414533105	165.59564445205	0.255665479624103	0.001
Ethnicity	9	5534.87290592091	614.985878435656	111.457007687203	0.387180147157501	0.001
EducationLevel	4	1902.64518362432	475.661295906081	86.2065074553671	0.133095457602311	0.001
GeoRegion	1	548.987247222645	548.987247222645	99.4957412510287	0.0384032238463638	0.001
Residuals	481	2654.01174556667	5.51769593672904	NA	0.185655691769722	NA
Total	499	14295.342740467	NA	NA	1	NA
