	Df	SumsOfSqs	MeanSqs	F.Model	R2	Pr(>F)
IncomeGroup	4	3671.94113699442	917.985284248605	189.588247630943	0.25558096763437	0.001
Ethnicity	9	6170.46621710763	685.607357456404	141.596057903516	0.429487747130506	0.001
EducationLevel	4	1671.95934778159	417.989836945399	86.325959766214	0.116374683582516	0.001
GeoRegion	1	523.670543645712	523.670543645712	108.151821613348	0.0364494471107289	0.001
Residuals	481	2328.99943557215	4.84199466854917	NA	0.162107154541878	NA
Total	499	14367.0366811015	NA	NA	1	NA
