	Df	SumsOfSqs	MeanSqs	F.Model	R2	Pr(>F)
IncomeGroup	4	3581.82268155209	895.455670388021	168.799201116218	0.251234006026918	0.001
Ethnicity	9	5692.7985570292	632.533173003244	119.236605242767	0.399300779000861	0.001
EducationLevel	4	1899.01922057941	474.754805144852	89.4943596703241	0.133199839502257	0.001
GeoRegion	1	531.641424720649	531.641424720649	100.217856383942	0.0372900661974001	0.001
Residuals	481	2551.63635022237	5.30485727696959	NA	0.178975309272564	NA
Total	499	14256.9182341037	NA	NA	1	NA
