	Df	SumsOfSqs	MeanSqs	F.Model	R2	Pr(>F)
IncomeGroup	4	3343.3295709203	835.832392730075	155.993039823688	0.239794524197169	0.001
Ethnicity	9	5569.2277010006	618.803077888956	115.488432862551	0.399443213233544	0.001
EducationLevel	4	1904.34906328639	476.087265821599	88.8531007685448	0.136586139011831	0.001
GeoRegion	1	548.305517455363	548.305517455363	102.331334803369	0.0393262637989647	0.001
Residuals	481	2577.2648661605	5.35813901488669	NA	0.184849859758492	NA
Total	499	13942.4767188232	NA	NA	1	NA
