	Df	SumsOfSqs	MeanSqs	F.Model	R2	Pr(>F)
IncomeGroup	4	3502.53950762866	875.634876907166	178.314597018797	0.242246439844735	0.001
Ethnicity	9	6129.76775331049	681.085305923388	138.696453355213	0.423953651937494	0.001
EducationLevel	4	1789.51564182601	447.378910456503	91.1044000605944	0.123768423549436	0.001
GeoRegion	1	674.749726800665	674.749726800665	137.406273774725	0.046667773125087	0.001
Residuals	481	2362.00727721662	4.91061803995139	NA	0.163363711543249	NA
Total	499	14458.5799067825	NA	NA	1	NA
