	Df	SumsOfSqs	MeanSqs	F.Model	R2	Pr(>F)
IncomeGroup	4	3800.2163477645	950.054086941125	180.120223140852	0.264504404458488	0.001
Ethnicity	9	5316.34210163573	590.704677959526	111.991369614527	0.370030485847983	0.001
EducationLevel	4	2201.82094641645	550.455236604112	104.360500532563	0.153252153261933	0.001
GeoRegion	1	511.867863887388	511.867863887388	97.0447421144995	0.0356272622685329	0.001
Residuals	481	2537.06112423218	5.27455535183404	NA	0.176585694163063	NA
Total	499	14367.3083839362	NA	NA	1	NA
