	Df	SumsOfSqs	MeanSqs	F.Model	R2	Pr(>F)
IncomeGroup	4	3888.21439686114	972.053599215286	176.123551937919	0.274055211054167	0.001
Ethnicity	9	5201.65357609999	577.961508455554	104.719157292113	0.366631086438944	0.001
EducationLevel	4	1858.34823724389	464.587059310973	84.1771720574837	0.130983008236673	0.001
GeoRegion	1	584.773763071433	584.773763071433	105.953449805018	0.0412169393711559	0.001
Residuals	481	2654.71469362234	5.51915736719822	NA	0.187113754899059	NA
Total	499	14187.7046668988	NA	NA	1	NA
