	Df	SumsOfSqs	MeanSqs	F.Model	R2	Pr(>F)
IncomeGroup	4	3905.51973805389	976.379934513472	191.33711204041	0.259391090520419	0.001
Ethnicity	9	6374.02791331426	708.225323701584	138.787969028132	0.423340851496002	0.001
EducationLevel	4	1815.93136999979	453.982842499948	88.9651281528234	0.120607870390434	0.001
GeoRegion	1	506.502990080679	506.502990080679	99.2572828835948	0.0336401738464514	0.001
Residuals	481	2454.50944405283	5.10293023711606	NA	0.163020013746694	NA
Total	499	15056.4914555014	NA	NA	1	NA
