	Df	SumsOfSqs	MeanSqs	F.Model	R2	Pr(>F)
IncomeGroup	4	3824.77842243573	956.194605608934	184.539688108063	0.266006801940053	0.001
Ethnicity	9	5825.41887162025	647.268763513361	124.918897304153	0.405147925670973	0.001
EducationLevel	4	1681.68023950602	420.420059876506	81.1384902914982	0.116957986316996	0.001
GeoRegion	1	554.313775983765	554.313775983765	106.979155429248	0.0385515756823514	0.001
Residuals	481	2492.3072647038	5.18151198483118	NA	0.173335710389627	NA
Total	499	14378.4985742496	NA	NA	1	NA
