	Df	SumsOfSqs	MeanSqs	F.Model	R2	Pr(>F)
IncomeGroup	4	4387.34612915026	1096.83653228757	227.425809025865	0.302142643301725	0.001
Ethnicity	9	5445.01883961183	605.002093290204	125.445393619323	0.374981215659556	0.001
EducationLevel	4	1807.6447898362	451.911197459049	93.7024494211743	0.124486776031387	0.001
GeoRegion	1	560.985523965714	560.985523965714	116.318688231158	0.0386332976873726	0.001
Residuals	481	2319.78232501447	4.82283227653736	NA	0.15975606731996	NA
Total	499	14520.7776075785	NA	NA	1	NA
