	Df	SumsOfSqs	MeanSqs	F.Model	R2	Pr(>F)
IncomeGroup	4	4013.83418350591	1003.45854587648	193.072526496532	0.260015953595711	0.001
Ethnicity	9	6535.11501477985	726.123890531094	139.711375891344	0.423344384630614	0.001
EducationLevel	4	1871.82230629638	467.955576574096	90.0379650246399	0.121256544162535	0.001
GeoRegion	1	516.197035396966	516.197035396966	99.3199631451248	0.0334392150412119	0.001
Residuals	481	2499.90803624385	5.19731400466497	NA	0.161943902569928	NA
Total	499	15436.876576223	NA	NA	1	NA
