	Df	SumsOfSqs	MeanSqs	F.Model	R2	Pr(>F)
IncomeGroup	4	3122.69852765172	780.674631912931	154.702822647201	0.22690137673241	0.001
Ethnicity	9	5561.82950534795	617.981056149772	122.462559715314	0.404133399602748	0.001
EducationLevel	4	2049.27044147263	512.317610368159	101.523704211594	0.148903994525799	0.001
GeoRegion	1	601.298559757286	601.298559757286	119.15666353883	0.043691528281708	0.001
Residuals	481	2427.26339135037	5.04628563690305	NA	0.176369700857335	NA
Total	499	13762.36042558	NA	NA	1	NA
