	Df	SumsOfSqs	MeanSqs	F.Model	R2	Pr(>F)
IncomeGroup	4	4864.46053704107	1216.11513426027	232.581233037812	0.32004055964075	0.001
Ethnicity	9	5673.94970402064	630.438856002294	120.571023543056	0.373298133435532	0.001
EducationLevel	4	1591.11309817642	397.778274544106	76.0748377869639	0.10468184961407	0.001
GeoRegion	1	554.948134436241	554.948134436241	106.133471858917	0.0365109163008234	0.001
Residuals	481	2515.04118341349	5.22877584909249	NA	0.165468541008824	NA
Total	499	15199.5126570879	NA	NA	1	NA
