	Df	SumsOfSqs	MeanSqs	F.Model	R2	Pr(>F)
IncomeGroup	4	4536.29463848181	1134.07365962045	221.274109680064	0.307267271270205	0.001
Ethnicity	9	5447.71773008088	605.301970008987	118.103134981685	0.36900278640906	0.001
EducationLevel	4	1742.13880400244	435.53470100061	84.9790949477979	0.118004291859429	0.001
GeoRegion	1	571.979714316742	571.979714316742	111.601482819778	0.0387432166661106	0.001
Residuals	481	2465.220314596	5.12519815924323	NA	0.166982433795195	NA
Total	499	14763.3512014779	NA	NA	1	NA
