	Df	SumsOfSqs	MeanSqs	F.Model	R2	Pr(>F)
IncomeGroup	4	4470.19387879392	1117.54846969848	202.278187647404	0.293614978743323	0.001
Ethnicity	9	5580.90689392239	620.100765991376	112.239301027673	0.366569751437627	0.001
EducationLevel	4	1856.27102446274	464.067756115685	83.9970589177265	0.121925131698432	0.001
GeoRegion	1	659.874058128016	659.874058128016	119.438335045715	0.0433423947157304	0.001
Residuals	481	2657.43340978499	5.52480958375258	NA	0.174547743404887	NA
Total	499	15224.6792650921	NA	NA	1	NA
