	Df	SumsOfSqs	MeanSqs	F.Model	R2	Pr(>F)
IncomeGroup	4	4524.07403026314	1131.01850756579	204.379304729296	0.294220762983935	0.001
Ethnicity	9	5628.01870982364	625.335412202627	113.000464549115	0.36601522163771	0.001
EducationLevel	4	1890.67609910949	472.669024777372	85.4130732652532	0.122959120632057	0.001
GeoRegion	1	671.87695129199	671.87695129199	121.410695979004	0.043695162351035	0.001
Residuals	481	2661.81501527127	5.53391895066792	NA	0.173109732395262	NA
Total	499	15376.4608057595	NA	NA	1	NA
