	Df	SumsOfSqs	MeanSqs	F.Model	R2	Pr(>F)
IncomeGroup	4	3710.20342808606	927.550857021515	184.703071032208	0.265423053665978	0.001
Ethnicity	9	5683.69151228591	631.521279142879	125.754743038497	0.406603785082626	0.001
EducationLevel	4	1690.29013822231	422.572534555577	84.1468090676007	0.120921124343818	0.001
GeoRegion	1	478.757797055481	478.757797055481	95.3349724463796	0.0342497005686867	0.001
Residuals	481	2415.50917228415	5.02184859102733	NA	0.172802336338892	NA
Total	499	13978.4520479339	NA	NA	1	NA
