	Df	SumsOfSqs	MeanSqs	F.Model	R2	Pr(>F)
IncomeGroup	4	4681.92246494968	1170.48061623742	230.430762510188	0.30766663342892	0.001
Ethnicity	9	5920.31196098826	657.812440109807	129.502547979354	0.389045838226158	0.001
EducationLevel	4	1619.5310758134	404.882768953351	79.7086631618618	0.106425443300113	0.001
GeoRegion	1	552.497002983489	552.497002983489	108.769255907314	0.0363066441531354	0.001
Residuals	481	2443.25527667039	5.07953279973055	NA	0.160555440891673	NA
Total	499	15217.5177814052	NA	NA	1	NA
