	Df	SumsOfSqs	MeanSqs	F.Model	R2	Pr(>F)
IncomeGroup	4	4229.35605852398	1057.339014631	193.629714147953	0.28055718865273	0.001
Ethnicity	9	5951.40905083414	661.267672314904	121.09746126251	0.39479073615929	0.001
EducationLevel	4	1637.64494835634	409.411237089085	74.9751779793972	0.108634282941537	0.001
GeoRegion	1	629.874657449807	629.874657449807	115.348481597087	0.0417831605219334	0.001
Residuals	481	2626.56002089071	5.46062374405552	NA	0.17423463172451	NA
Total	499	15074.844736055	NA	NA	1	NA
