	Df	SumsOfSqs	MeanSqs	F.Model	R2	Pr(>F)
IncomeGroup	4	3802.93638232752	950.73409558188	178.091956413401	0.261940205324763	0.001
Ethnicity	9	5810.21041913644	645.578935459605	120.930148786675	0.400198046236369	0.001
EducationLevel	4	1713.04911653858	428.262279134646	80.2222908630106	0.117992096686848	0.001
GeoRegion	1	624.349879877474	624.349879877474	116.953512144527	0.0430042260211316	0.001
Residuals	481	2567.79199456576	5.33844489514711	NA	0.176865425730888	NA
Total	499	14518.3377924458	NA	NA	1	NA
