	Df	SumsOfSqs	MeanSqs	F.Model	R2	Pr(>F)
IncomeGroup	4	3672.64711163002	918.161777907506	177.414789325869	0.255570015519076	0.001
Ethnicity	9	5874.46864081801	652.718737868668	126.123696449149	0.408789082116264	0.001
EducationLevel	4	1797.78490767349	449.446226918371	86.8457058229475	0.125103202891212	0.001
GeoRegion	1	536.229948859453	536.229948859453	103.614772141719	0.037314855521466	0.001
Residuals	481	2489.28410563524	5.17522683084249	NA	0.173222843951982	NA
Total	499	14370.4147146162	NA	NA	1	NA
