	Df	SumsOfSqs	MeanSqs	F.Model	R2	Pr(>F)
IncomeGroup	4	4170.580846665	1042.64521166625	208.140117283795	0.281219306667422	0.001
Ethnicity	9	6422.12276802889	713.569196447655	142.447665396521	0.433039180526218	0.001
EducationLevel	4	1275.79389227146	318.948473067864	63.6707212089349	0.0860258767365719	0.001
GeoRegion	1	552.358937249404	552.358937249404	110.265747826256	0.0372451711346261	0.001
Residuals	481	2409.49391859745	5.00934286610697	NA	0.162470464935162	NA
Total	499	14830.3503628122	NA	NA	1	NA
