	Df	SumsOfSqs	MeanSqs	F.Model	R2	Pr(>F)
IncomeGroup	4	3724.24786010578	931.061965026446	188.196797826795	0.253312759543683	0.001
Ethnicity	9	6250.93406445965	694.548229384406	140.389960729094	0.425170777314727	0.001
EducationLevel	4	1755.24946077238	438.812365193096	88.6977291289064	0.119387081982021	0.001
GeoRegion	1	592.100065904397	592.100065904397	119.681976691075	0.0402729644358255	0.001
Residuals	481	2379.6409415525	4.94727846476611	NA	0.161856416723743	NA
Total	499	14702.1723927947	NA	NA	1	NA
