	Df	SumsOfSqs	MeanSqs	F.Model	R2	Pr(>F)
IncomeGroup	4	5725.03214261024	1431.25803565256	267.917850704234	0.355233544715287	0.001
Ethnicity	9	5511.21403911478	612.357115457198	114.627410396991	0.341966306918721	0.001
EducationLevel	4	1674.89004635684	418.722511589209	78.3808597415569	0.103925552443173	0.001
GeoRegion	1	635.537054166876	635.537054166876	118.966473797059	0.0394345524926043	0.001
Residuals	481	2569.5753879008	5.34215257359834	NA	0.159440043430216	NA
Total	499	16116.2486701495	NA	NA	1	NA
