	Df	SumsOfSqs	MeanSqs	F.Model	R2	Pr(>F)
IncomeGroup	4	4344.84221183656	1086.21055295914	219.356733809562	0.295665447188429	0.001
Ethnicity	9	5461.00611164281	606.778456849202	122.536961252901	0.371620126894117	0.001
EducationLevel	4	1922.98397642828	480.745994107069	97.0851100388125	0.130858588092782	0.001
GeoRegion	1	584.482264283164	584.482264283164	118.034316747791	0.03977387477322	0.001
Residuals	481	2381.81553353605	4.9517994460209	NA	0.162081963051452	NA
Total	499	14695.1300977269	NA	NA	1	NA
