	Df	SumsOfSqs	MeanSqs	F.Model	R2	Pr(>F)
IncomeGroup	4	4294.33309095149	1073.58327273787	196.811151269086	0.280676996835962	0.001
Ethnicity	9	5881.4751839664	653.497242662933	119.800250195467	0.384412377111427	0.001
EducationLevel	4	2026.02092504577	506.505231261443	92.8534192174572	0.132420437987652	0.001
GeoRegion	1	474.279555581576	474.279555581576	86.945752348911	0.0309988439419906	0.001
Residuals	481	2623.80231433578	5.45489046639454	NA	0.171491344122968	NA
Total	499	15299.911069881	NA	NA	1	NA
