	Df	SumsOfSqs	MeanSqs	F.Model	R2	Pr(>F)
IncomeGroup	4	3453.97493848909	863.493734622272	164.021772345437	0.243667162379437	0.001
Ethnicity	9	5998.83225244416	666.53691693824	126.609565381152	0.42319891098652	0.001
EducationLevel	4	1647.17988750205	411.794971875514	78.2209973526992	0.116203405138683	0.001
GeoRegion	1	542.756064553418	542.756064553418	103.097229417917	0.0382897480350029	0.001
Residuals	481	2532.22776716854	5.26450679245019	NA	0.178640773460356	NA
Total	499	14174.9709101573	NA	NA	1	NA
