	Df	SumsOfSqs	MeanSqs	F.Model	R2	Pr(>F)
IncomeGroup	4	4444.94299087712	1111.23574771928	221.852398658028	0.30148018140328	0.001
Ethnicity	9	5521.42729137733	613.491921264148	122.480449867742	0.374493194811704	0.001
EducationLevel	4	1762.13598372365	440.533995930911	87.950305673903	0.119517635461377	0.001
GeoRegion	1	605.946397535807	605.946397535807	120.974025563359	0.0410985765677303	0.001
Residuals	481	2409.2793131206	5.00889670087444	NA	0.163410411755909	NA
Total	499	14743.7319766345	NA	NA	1	NA
