	Df	SumsOfSqs	MeanSqs	F.Model	R2	Pr(>F)
IncomeGroup	4	4383.93324310623	1095.98331077656	202.804466124514	0.295404225985522	0.001
Ethnicity	9	5883.67140067637	653.741266741819	120.970499533609	0.396461647494992	0.001
EducationLevel	4	1356.97957304368	339.24489326092	62.7750247533425	0.0914378660038868	0.001
GeoRegion	1	616.480839794665	616.480839794665	114.075703855347	0.0415405607740079	0.001
Residuals	481	2599.39035149188	5.40413794488956	NA	0.175155699741591	NA
Total	499	14840.4554081128	NA	NA	1	NA
