	Df	SumsOfSqs	MeanSqs	F.Model	R2	Pr(>F)
IncomeGroup	4	3678.07760761816	919.519401904539	187.545016560264	0.255844252738821	0.001
Ethnicity	9	5721.11870101165	635.679855667961	129.65315230037	0.397956621648963	0.001
EducationLevel	4	2087.71708089957	521.929270224891	106.452602767131	0.145219996279174	0.001
GeoRegion	1	531.016021294454	531.016021294454	108.305934927703	0.0369370664933848	0.001
Residuals	481	2358.30757024654	4.9029263414689	NA	0.164042062839657	NA
Total	499	14376.2369810704	NA	NA	1	NA
