	Df	SumsOfSqs	MeanSqs	F.Model	R2	Pr(>F)
IncomeGroup	4	4441.76729975537	1110.44182493884	223.504529220458	0.307057391446744	0.001
Ethnicity	9	5201.31767976295	577.924186640328	116.321873293341	0.359564770293528	0.001
EducationLevel	4	1828.22567327174	457.056418317935	91.9941750293538	0.126384425010672	0.001
GeoRegion	1	604.521007143949	604.521007143949	121.675156744953	0.0417902674772275	0.001
Residuals	481	2389.76149458135	4.96831911555375	NA	0.165203145771827	NA
Total	499	14465.5931545154	NA	NA	1	NA
