	Df	SumsOfSqs	MeanSqs	F.Model	R2	Pr(>F)
IncomeGroup	4	3499.28670255994	874.821675639985	167.547747060182	0.249999750468679	0.001
Ethnicity	9	5736.08201583788	637.342446204208	122.065209334485	0.409803252639539	0.001
EducationLevel	4	1664.76056304612	416.19014076153	79.709639547101	0.11893558908653	0.001
GeoRegion	1	585.57292527328	585.57292527328	112.150198264353	0.0418351217385072	0.001
Residuals	481	2511.4585744426	5.22132759759376	NA	0.179426286066745	NA
Total	499	13997.1607811598	NA	NA	1	NA
