	Df	SumsOfSqs	MeanSqs	F.Model	R2	Pr(>F)
IncomeGroup	4	4436.34835236892	1109.08708809223	213.871819077748	0.302550544400729	0.001
Ethnicity	9	5384.3453006845	598.260588964944	115.366125724671	0.367202138464562	0.001
EducationLevel	4	1777.99582538443	444.498956346108	85.7153612124617	0.1212559434439	0.001
GeoRegion	1	570.126178239603	570.126178239603	109.940801000299	0.0388815241506885	0.001
Residuals	481	2494.34867890861	5.18575608920708	NA	0.170109849540121	NA
Total	499	14663.1643355861	NA	NA	1	NA
