	Df	SumsOfSqs	MeanSqs	F.Model	R2	Pr(>F)
IncomeGroup	4	4251.13402817467	1062.78350704367	211.105377471959	0.282543403223239	0.001
Ethnicity	9	5896.01887488484	655.113208320538	130.128027216074	0.391867494023402	0.001
EducationLevel	4	1808.68599008279	452.171497520699	89.8168197318912	0.120210817069819	0.001
GeoRegion	1	668.577413650373	668.577413650373	132.80248173073	0.0444357050422326	0.001
Residuals	481	2421.53408411354	5.03437439524645	NA	0.160942580641308	NA
Total	499	15045.9503909062	NA	NA	1	NA
