	Df	SumsOfSqs	MeanSqs	F.Model	R2	Pr(>F)
IncomeGroup	4	4340.20017878122	1085.0500446953	207.755900642887	0.284403994059627	0.001
Ethnicity	9	6397.48058570909	710.831176189899	136.103741883947	0.419213159657884	0.001
EducationLevel	4	1522.71972580266	380.679931450664	72.8892666304753	0.0997805525120424	0.001
GeoRegion	1	488.15961500503	488.15961500503	93.4685372058894	0.0319880509025339	0.001
Residuals	481	2512.12634579056	5.22271589561446	NA	0.164614242867913	NA
Total	499	15260.6864510885	NA	NA	1	NA
