	Df	SumsOfSqs	MeanSqs	F.Model	R2	Pr(>F)
IncomeGroup	4	3234.68653165567	808.671632913917	159.580781183632	0.235782826146458	0.001
Ethnicity	9	5279.98780012752	586.665311125279	115.770734167296	0.384868961288706	0.001
EducationLevel	4	2265.74531078146	566.436327695364	111.778808586001	0.165154746055314	0.001
GeoRegion	1	501.048243924648	501.048243924648	98.8753245715664	0.0365224171900837	0.001
Residuals	481	2437.45551655121	5.06747508638505	NA	0.177671049319439	NA
Total	499	13718.9234030405	NA	NA	1	NA
