	Df	SumsOfSqs	MeanSqs	F.Model	R2	Pr(>F)
IncomeGroup	4	3319.59991942711	829.899979856777	162.653219194252	0.240970510638016	0.001
Ethnicity	9	5610.89128907463	623.432365452737	122.187352273794	0.407295870550583	0.001
EducationLevel	4	1708.21375462226	427.053438655566	83.6987808787394	0.123999623665869	0.001
GeoRegion	1	683.064306494263	683.064306494263	133.874697029339	0.0495837928454135	0.001
Residuals	481	2454.18991575186	5.10226593711406	NA	0.178150202300118	NA
Total	499	13775.9591853701	NA	NA	1	NA
