	Df	SumsOfSqs	MeanSqs	F.Model	R2	Pr(>F)
IncomeGroup	4	4510.92128787471	1127.73032196868	215.368864550699	0.304490942510582	0.001
Ethnicity	9	5472.04648556663	608.005165062959	116.114091720065	0.369367693542025	0.001
EducationLevel	4	1806.09437714387	451.523594285966	86.229945160524	0.121912874125697	0.001
GeoRegion	1	506.92228758479	506.92228758479	96.8097384328481	0.0342176764514185	0.001
Residuals	481	2518.64765131471	5.23627370335698	NA	0.170010813370278	NA
Total	499	14814.6320894847	NA	NA	1	NA
