	Df	SumsOfSqs	MeanSqs	F.Model	R2	Pr(>F)
IncomeGroup	4	3858.44666789987	964.611666974969	176.365786752424	0.263840958552194	0.001
Ethnicity	9	5909.04016131738	656.560017924153	120.042840114626	0.404060741141193	0.001
EducationLevel	4	1612.45898847626	403.114747119064	73.7039079675606	0.110260102513543	0.001
GeoRegion	1	613.420268459922	613.420268459922	112.155338734489	0.0419457376390022	0.001
Residuals	481	2630.77221698489	5.4693809084925	NA	0.179892460154068	NA
Total	499	14624.1383031383	NA	NA	1	NA
