	Df	SumsOfSqs	MeanSqs	F.Model	R2	Pr(>F)
IncomeGroup	4	3852.49667212518	963.124168031294	182.125356740577	0.276064601721918	0.001
Ethnicity	9	5582.48456809048	620.276063121165	117.293286809009	0.400033149946503	0.001
EducationLevel	4	1383.16157540848	345.790393852119	65.3884524219889	0.0991154521157742	0.001
GeoRegion	1	593.264490898584	593.264490898584	112.185438423045	0.0425125157357573	0.001
Residuals	481	2543.6475903953	5.28824862868045	NA	0.182274280480048	NA
Total	499	13955.054896918	NA	NA	1	NA
