	Df	SumsOfSqs	MeanSqs	F.Model	R2	Pr(>F)
IncomeGroup	4	4477.91982297011	1119.47995574253	219.026261076364	0.281465396275037	0.001
Ethnicity	9	6707.98626940169	745.331807711299	145.82417332878	0.421639084255051	0.001
EducationLevel	4	1697.89378106012	424.47344526503	83.048232499113	0.106723292245556	0.001
GeoRegion	1	567.036958123921	567.036958123921	110.940784775035	0.0356418355912145	0.001
Residuals	481	2458.47167397163	5.11116772135474	NA	0.154530391633142	NA
Total	499	15909.3085055275	NA	NA	1	NA
