	Df	SumsOfSqs	MeanSqs	F.Model	R2	Pr(>F)
IncomeGroup	4	4033.97553191697	1008.49388297924	178.760611849137	0.270208176449939	0.001
Ethnicity	9	5820.23401178045	646.692667975606	114.629527215535	0.389857302403558	0.001
EducationLevel	4	1796.47444507745	449.118611269362	79.6085321868019	0.120333422947813	0.001
GeoRegion	1	564.85114700226	564.85114700226	100.122706092694	0.0378354794642514	0.001
Residuals	481	2713.60425932307	5.64158889672155	NA	0.181765618734438	NA
Total	499	14929.1393951002	NA	NA	1	NA
