	Df	SumsOfSqs	MeanSqs	F.Model	R2	Pr(>F)
IncomeGroup	4	3897.38879435239	974.347198588098	193.916551946286	0.26916245011612	0.001
Ethnicity	9	6001.01465858281	666.779406509201	132.703787321829	0.414443591316194	0.001
EducationLevel	4	1628.27912812291	407.069782030728	81.0158520980112	0.1124526247506	0.001
GeoRegion	1	536.189314586298	536.189314586298	106.713482858765	0.0370304419844548	0.001
Residuals	481	2416.81794471414	5.02456953163023	NA	0.166910891832632	NA
Total	499	14479.6898403586	NA	NA	1	NA
