	Df	SumsOfSqs	MeanSqs	F.Model	R2	Pr(>F)
IncomeGroup	4	4082.61286361338	1020.65321590335	188.474627312968	0.271020282115472	0.001
Ethnicity	9	6174.2422326115	686.026914734611	126.682270791488	0.409871062388857	0.001
EducationLevel	4	1695.5824656402	423.895616410051	78.2768986347376	0.11255959199157	0.001
GeoRegion	1	506.651090277977	506.651090277977	93.5585896658689	0.0336335396003525	0.001
Residuals	481	2604.77605844684	5.41533484084582	NA	0.172915523903748	NA
Total	499	15063.8647105899	NA	NA	1	NA
