	Df	SumsOfSqs	MeanSqs	F.Model	R2	Pr(>F)
IncomeGroup	4	3302.36260039791	825.590650099478	159.44893057391	0.236332022190426	0.001
Ethnicity	9	5636.27840190816	626.253155767574	120.950250519	0.403357605912409	0.001
EducationLevel	4	2053.14686013827	513.286715034569	99.1326849210267	0.146932486835921	0.001
GeoRegion	1	491.105525372235	491.105525372235	94.8487616836572	0.0351457353308589	0.001
Residuals	481	2490.50966518572	5.17777477169588	NA	0.178232149730385	NA
Total	499	13973.4030530023	NA	NA	1	NA
