	Df	SumsOfSqs	MeanSqs	F.Model	R2	Pr(>F)
IncomeGroup	4	3710.97041637496	927.742604093741	180.775641037475	0.262784465221755	0.001
Ethnicity	9	5837.32481695989	648.591646328876	126.381574069446	0.413357722708262	0.001
EducationLevel	4	1479.79231194246	369.948077985614	72.0863746618169	0.104788340434394	0.001
GeoRegion	1	625.141861812328	625.141861812328	121.812257311259	0.0442680893167988	0.001
Residuals	481	2468.49735953409	5.13201114248252	NA	0.174801382318791	NA
Total	499	14121.7267666237	NA	NA	1	NA
