	Df	SumsOfSqs	MeanSqs	F.Model	R2	Pr(>F)
IncomeGroup	4	3851.91445992568	962.978614981419	184.555230717398	0.26785590069824	0.001
Ethnicity	9	5383.58293617203	598.175881796892	114.640643267804	0.374365648914192	0.001
EducationLevel	4	2194.44531787903	548.611329469758	105.141577299121	0.152598177677306	0.001
GeoRegion	1	440.826321414123	440.826321414123	84.4845380667722	0.0306543493118355	0.001
Residuals	481	2509.77830325129	5.21783431029375	NA	0.174525923398426	NA
Total	499	14380.5473386422	NA	NA	1	NA
