	Df	SumsOfSqs	MeanSqs	F.Model	R2	Pr(>F)
IncomeGroup	4	5061.33313689567	1265.33328422392	236.355426118354	0.327234660950408	0.001
Ethnicity	9	5684.78573514304	631.642859460338	117.98647760533	0.367543270182018	0.001
EducationLevel	4	1537.43527792948	384.358819482369	71.7955448526924	0.0994011060522727	0.001
GeoRegion	1	608.386778866041	608.386778866041	113.642404065781	0.0393345460423589	0.001
Residuals	481	2575.04267918494	5.35351908354457	NA	0.166486416772942	NA
Total	499	15466.9836080192	NA	NA	1	NA
