	Df	SumsOfSqs	MeanSqs	F.Model	R2	Pr(>F)
IncomeGroup	4	3547.20730238319	886.801825595797	168.386090377875	0.254752559087945	0.001
Ethnicity	9	5726.82110348184	636.313455942427	120.823313629281	0.411287586877337	0.001
EducationLevel	4	1612.23592193846	403.058980484614	76.5329118147658	0.115787207218307	0.001
GeoRegion	1	504.687466095549	504.687466095549	95.8301469682368	0.0362455341815156	0.001
Residuals	481	2533.1764467858	5.26647909934678	NA	0.181927112634896	NA
Total	499	13924.1282406848	NA	NA	1	NA
