	Df	SumsOfSqs	MeanSqs	F.Model	R2	Pr(>F)
IncomeGroup	4	3898.37263694624	974.593159236559	186.769464110297	0.252572957257507	0.001
Ethnicity	9	6421.07640585792	713.452933984213	136.724971733367	0.416017248129045	0.001
EducationLevel	4	2091.94030939808	522.98507734952	100.224018308078	0.135535414276033	0.001
GeoRegion	1	513.315013874397	513.315013874397	98.3708629108287	0.0332573366204661	0.001
Residuals	481	2509.93550699458	5.21816113720286	NA	0.162617043716948	NA
Total	499	15434.6398730712	NA	NA	1	NA
