	Df	SumsOfSqs	MeanSqs	F.Model	R2	Pr(>F)
IncomeGroup	4	4920.1164631611	1230.02911579027	209.732743168647	0.304866503220492	0.001
Ethnicity	9	6027.65745600007	669.739717333341	114.197579815067	0.373493364431666	0.001
EducationLevel	4	1764.67779335027	441.169448337568	75.2239743061603	0.109345205992116	0.001
GeoRegion	1	605.198965881764	605.198965881764	103.192711170629	0.0375001067276545	0.001
Residuals	481	2820.94248020863	5.86474528109903	NA	0.174794819628071	NA
Total	499	16138.5931586018	NA	NA	1	NA
