	Df	SumsOfSqs	MeanSqs	F.Model	R2	Pr(>F)
IncomeGroup	4	4402.32733413029	1100.58183353257	219.129347839263	0.306185790500585	0.001
Ethnicity	9	5288.13759994324	587.570844438138	116.987226236352	0.367794684134809	0.001
EducationLevel	4	1723.91517236451	430.978793091128	85.8092501486094	0.119899837005341	0.001
GeoRegion	1	547.74804516236	547.74804516236	109.058380085561	0.0380963648257019	0.001
Residuals	481	2415.83278163854	5.0225213755479	NA	0.168023323533563	NA
Total	499	14377.9609332389	NA	NA	1	NA
