	Df	SumsOfSqs	MeanSqs	F.Model	R2	Pr(>F)
IncomeGroup	4	3604.98757623085	901.246894057712	174.808704934967	0.245399152097005	0.001
Ethnicity	9	6240.02972897177	693.336636552419	134.481772218938	0.424772061531154	0.001
EducationLevel	4	1784.80041028402	446.200102571004	86.54638655242	0.12149515028399	0.001
GeoRegion	1	580.631738233229	580.631738233229	112.621172815038	0.0395248341998503	0.001
Residuals	481	2479.85222591193	5.15561793328883	NA	0.168808801888001	NA
Total	499	14690.3016796318	NA	NA	1	NA
