	Df	SumsOfSqs	MeanSqs	F.Model	R2	Pr(>F)
IncomeGroup	4	3589.98559714767	897.496399286918	189.27231403623	0.253707418776668	0.001
Ethnicity	9	5882.13810467425	653.570900519361	137.831056287609	0.41569583917286	0.001
EducationLevel	4	1869.79599560185	467.448998900463	98.5799539542501	0.13214011667902	0.001
GeoRegion	1	527.362935204823	527.362935204823	111.215157144319	0.037269199396122	0.001
Residuals	481	2280.81835558039	4.74182610307772	NA	0.16118742597533	NA
Total	499	14150.100988209	NA	NA	1	NA
