	Df	SumsOfSqs	MeanSqs	F.Model	R2	Pr(>F)
IncomeGroup	4	3851.0737756236	962.768443905901	198.871957468715	0.274604148096859	0.001
Ethnicity	9	5511.83208870001	612.425787633334	126.504265861527	0.393025956747688	0.001
EducationLevel	4	1831.57659896425	457.894149741061	94.5838082343485	0.130602154343635	0.001
GeoRegion	1	501.017454174455	501.017454174455	103.491470320152	0.0357254831252758	0.001
Residuals	481	2328.59186087907	4.84114731991491	NA	0.166042257686542	NA
Total	499	14024.0917783414	NA	NA	1	NA
