	Df	SumsOfSqs	MeanSqs	F.Model	R2	Pr(>F)
IncomeGroup	4	2746.98041440551	686.745103601378	140.064450248019	0.217386907121221	0.001
Ethnicity	9	5240.28231326142	582.25359036238	118.752982163786	0.414698539002314	0.001
EducationLevel	4	1787.29415232453	446.823538081133	91.1314735132579	0.141440523511617	0.001
GeoRegion	1	503.434360630401	503.434360630401	102.677480462372	0.0398401233667611	0.001
Residuals	481	2358.37426447141	4.90306499890105	NA	0.186633906998086	NA
Total	499	12636.3655050933	NA	NA	1	NA
