	Df	SumsOfSqs	MeanSqs	F.Model	R2	Pr(>F)
IncomeGroup	4	4672.03451179381	1168.00862794845	216.820653749152	0.312714301492564	0.001
Ethnicity	9	5447.12854267963	605.236504742181	112.351716837526	0.36459383873649	0.001
EducationLevel	4	1625.95181535058	406.487953837646	75.4574767542926	0.108830186274181	0.001
GeoRegion	1	604.012452836649	604.012452836649	112.124492716034	0.0404284967940234	0.001
Residuals	481	2591.13760764317	5.38698047327062	NA	0.173433176702742	NA
Total	499	14940.2649303038	NA	NA	1	NA
