	Df	SumsOfSqs	MeanSqs	F.Model	R2	Pr(>F)
IncomeGroup	4	3633.73055213577	908.432638033942	169.278983245145	0.254055199757852	0.001
Ethnicity	9	5649.34130603012	627.704589558902	116.967610200363	0.394978249876063	0.001
EducationLevel	4	1876.18495285621	469.046238214054	87.402925627677	0.131174982883748	0.001
GeoRegion	1	562.382744849832	562.382744849832	104.795419337671	0.0393194427966642	0.001
Residuals	481	2581.27790300783	5.36648212683542	NA	0.180472124685673	NA
Total	499	14302.9174588798	NA	NA	1	NA
