	Df	SumsOfSqs	MeanSqs	F.Model	R2	Pr(>F)
IncomeGroup	4	4071.76674796625	1017.94168699156	188.574473923689	0.262183996795694	0.001
Ethnicity	9	6367.19255579932	707.465839533257	131.058586374674	0.409988119648816	0.001
EducationLevel	4	1862.0501427606	465.512535690149	86.2365522941592	0.119898751299251	0.001
GeoRegion	1	632.697966752381	632.697966752381	117.20778091477	0.0407398782777779	0.001
Residuals	481	2596.48053766323	5.39808843589029	NA	0.16718925397846	NA
Total	499	15530.1879509418	NA	NA	1	NA
