	Df	SumsOfSqs	MeanSqs	F.Model	R2	Pr(>F)
IncomeGroup	4	3889.10346029249	972.275865073123	180.649791518935	0.283401876063973	0.001
Ethnicity	9	4866.64721258675	540.738579176306	100.469748456729	0.354636219959256	0.001
EducationLevel	4	1789.63486720108	447.408716800271	83.128970199877	0.130412030436481	0.001
GeoRegion	1	588.750421127012	588.750421127012	109.390394901226	0.0429026832493421	0.001
Residuals	481	2588.79175651389	5.38210344389582	NA	0.188647190290949	NA
Total	499	13722.9277177212	NA	NA	1	NA
