	Df	SumsOfSqs	MeanSqs	F.Model	R2	Pr(>F)
IncomeGroup	4	4916.53168749837	1229.13292187459	233.600620521833	0.312843043513777	0.001
Ethnicity	9	6236.10596661267	692.900662956964	131.687974462416	0.396808663967384	0.001
EducationLevel	4	1465.63938747128	366.409846867819	69.6373566034589	0.0932598660629164	0.001
GeoRegion	1	566.502103791106	566.502103791106	107.665526337621	0.0360470049969603	0.001
Residuals	481	2530.87056918336	5.26168517501739	NA	0.161041421458963	NA
Total	499	15715.6497145568	NA	NA	1	NA
