	Df	SumsOfSqs	MeanSqs	F.Model	R2	Pr(>F)
IncomeGroup	4	4405.79546461544	1101.44886615386	211.186386779107	0.272398957184482	0.001
Ethnicity	9	7052.49277269885	783.61030807765	150.245585329482	0.43603741759309	0.001
EducationLevel	4	1680.60729548825	420.151823872061	80.557843680959	0.103907609512143	0.001
GeoRegion	1	526.488775095855	526.488775095855	100.946367560852	0.0325514414950183	0.001
Residuals	481	2508.6697712867	5.21552967003473	NA	0.155104574215267	NA
Total	499	16174.0540791851	NA	NA	1	NA
