	Df	SumsOfSqs	MeanSqs	F.Model	R2	Pr(>F)
IncomeGroup	4	3206.01009107981	801.502522769953	147.917978092027	0.234371756529607	0.001
Ethnicity	9	5469.09912744282	607.67768082698	112.147437251895	0.399812331439541	0.001
EducationLevel	4	1826.86433160668	456.716082901669	84.2873448625631	0.133550859222571	0.001
GeoRegion	1	570.864510612893	570.864510612893	105.353535111192	0.0417324070392103	0.001
Residuals	481	2606.32763119907	5.41856056382342	NA	0.19053264576907	NA
Total	499	13679.1656919413	NA	NA	1	NA
