	Df	SumsOfSqs	MeanSqs	F.Model	R2	Pr(>F)
IncomeGroup	4	4221.37091201346	1055.34272800336	213.624468665161	0.294840863098705	0.001
Ethnicity	9	5485.88952785655	609.54328087295	123.384902411046	0.383160929700417	0.001
EducationLevel	4	1771.24746162092	442.81186540523	89.6348143174198	0.123712448214273	0.001
GeoRegion	1	462.722283856054	462.722283856054	93.6651188332857	0.0323187515124205	0.001
Residuals	481	2376.2252299163	4.94017719317318	NA	0.165967007474184	NA
Total	499	14317.4554152633	NA	NA	1	NA
