	Df	SumsOfSqs	MeanSqs	F.Model	R2	Pr(>F)
IncomeGroup	4	4412.90183833295	1103.22545958324	207.462825035444	0.289801330116022	0.001
Ethnicity	9	6083.18364459737	675.909293844153	127.105525303589	0.399491032460927	0.001
EducationLevel	4	1648.34107355654	412.085268389135	77.4931118502247	0.108248824266169	0.001
GeoRegion	1	525.093487073984	525.093487073984	98.7444382195769	0.0344836111393737	0.001
Residuals	481	2557.81461555282	5.31770190343622	NA	0.167975202017508	NA
Total	499	15227.3346591137	NA	NA	1	NA
