	Df	SumsOfSqs	MeanSqs	F.Model	R2	Pr(>F)
IncomeGroup	4	3453.44753640826	863.361884102066	170.87311085846	0.237620089909788	0.001
Ethnicity	9	6329.82777093573	703.314196770637	139.197116442206	0.435534122984693	0.001
EducationLevel	4	1819.56372872608	454.89093218152	90.030183303728	0.125198049849675	0.001
GeoRegion	1	500.319703377507	500.319703377507	99.0212629421449	0.0344253131535475	0.001
Residuals	481	2430.32425737882	5.05264918373974	NA	0.167222424102296	NA
Total	499	14533.4829968264	NA	NA	1	NA
