	Df	SumsOfSqs	MeanSqs	F.Model	R2	Pr(>F)
IncomeGroup	4	3661.36075554452	915.340188886131	176.778280367053	0.264726936816285	0.001
Ethnicity	9	5618.50946507877	624.278829453197	120.566035753972	0.406234430166771	0.001
EducationLevel	4	1606.85957454944	401.71489363736	77.5825960198066	0.116180579152225	0.001
GeoRegion	1	453.407709587045	453.407709587045	87.5659521772983	0.0327826843902508	0.001
Residuals	481	2490.56971218442	5.17789960953102	NA	0.180075369474468	NA
Total	499	13830.7072169442	NA	NA	1	NA
