	Df	SumsOfSqs	MeanSqs	F.Model	R2	Pr(>F)
IncomeGroup	4	4266.85603006385	1066.71400751596	209.265956805242	0.28317248007924	0.001
Ethnicity	9	5783.68503780948	642.63167086772	126.070278003237	0.383837754218578	0.001
EducationLevel	4	1896.73131446931	474.182828617329	93.02429951426	0.125877720405344	0.001
GeoRegion	1	668.920528204657	668.920528204657	131.227576815448	0.0443933152684304	0.001
Residuals	481	2451.85335182203	5.09740821584622	NA	0.162718730028408	NA
Total	499	15068.0462623693	NA	NA	1	NA
