	Df	SumsOfSqs	MeanSqs	F.Model	R2	Pr(>F)
IncomeGroup	4	4081.9471617523	1020.48679043807	178.589390805015	0.269351157259015	0.001
Ethnicity	9	5616.57958433421	624.064398259357	109.213839662141	0.370615334037874	0.001
EducationLevel	4	2167.59473981902	541.898684954754	94.8345014662694	0.143030795966544	0.001
GeoRegion	1	540.113266408111	540.113266408111	94.5220458680542	0.0356398864544635	0.001
Residuals	481	2748.50675053051	5.71415124850417	NA	0.181362826282104	NA
Total	499	15154.7415028441	NA	NA	1	NA
