	Df	SumsOfSqs	MeanSqs	F.Model	R2	Pr(>F)
IncomeGroup	4	4590.88746342376	1147.72186585594	215.753615500093	0.31046214059787	0.001
Ethnicity	9	5599.90078480359	622.21119831151	116.965895339319	0.378697408428576	0.001
EducationLevel	4	1441.44812335613	360.362030839032	67.7423802364293	0.0974789893029053	0.001
GeoRegion	1	596.308296812125	596.308296812125	112.096558249302	0.0403257870639453	0.001
Residuals	481	2558.72522088266	5.3195950538101	NA	0.173035674606704	NA
Total	499	14787.2698892783	NA	NA	1	NA
