	Df	SumsOfSqs	MeanSqs	F.Model	R2	Pr(>F)
IncomeGroup	4	4481.6698070627	1120.41745176567	214.304714151019	0.285088750386685	0.001
Ethnicity	9	6784.52920442438	753.836578269375	144.187982941547	0.431578638346629	0.001
EducationLevel	4	1434.77203694395	358.693009235988	68.6080020363371	0.0912689655220705	0.001
GeoRegion	1	504.550068672028	504.550068672028	96.5064031011271	0.0320955257253766	0.001
Residuals	481	2514.74073463226	5.22815121545168	NA	0.159968120019239	NA
Total	499	15720.2618517353	NA	NA	1	NA
