	Df	SumsOfSqs	MeanSqs	F.Model	R2	Pr(>F)
IncomeGroup	4	3697.16969670541	924.292424176351	162.087152605338	0.251194544994553	0.001
Ethnicity	9	5612.92484468373	623.65831607597	109.36690381453	0.381355528177503	0.001
EducationLevel	4	2015.91675369505	503.979188423763	88.379553361319	0.136966202049793	0.001
GeoRegion	1	649.466437829989	649.466437829989	113.892706320083	0.0441263019345083	0.001
Residuals	481	2742.87411977268	5.70244099744839	NA	0.186357422843643	NA
Total	499	14718.3518526868	NA	NA	1	NA
