	Df	SumsOfSqs	MeanSqs	F.Model	R2	Pr(>F)
IncomeGroup	4	4471.66031395866	1117.91507848966	208.147393485063	0.301311176553955	0.001
Ethnicity	9	5558.17799077614	617.57533230846	114.987889665419	0.374523338606292	0.001
EducationLevel	4	1630.95286895774	407.738217239434	75.9177944511634	0.10989750860898	0.001
GeoRegion	1	596.532735567205	596.532735567205	111.069916155511	0.0401958037477992	0.001
Residuals	481	2583.34800042604	5.37078586367159	NA	0.174072172482973	NA
Total	499	14840.6719096858	NA	NA	1	NA
