	Df	SumsOfSqs	MeanSqs	F.Model	R2	Pr(>F)
IncomeGroup	4	5809.05929544351	1452.26482386088	262.222861732106	0.346952477675822	0.001
Ethnicity	9	6071.44458807454	674.604954230505	121.807564798475	0.362623728863676	0.001
EducationLevel	4	1696.36486066785	424.091215166963	76.5744719898142	0.10131726352192	0.001
GeoRegion	1	502.314272919446	502.314272919446	90.698530990817	0.0300012743367986	0.001
Residuals	481	2663.91486868421	5.53828455027903	NA	0.159105255601783	NA
Total	499	16743.0978857896	NA	NA	1	NA
