	Df	SumsOfSqs	MeanSqs	F.Model	R2	Pr(>F)
IncomeGroup	4	3614.23770901586	903.559427253966	172.570701632102	0.256590676290068	0.001
Ethnicity	9	5549.49855693438	616.610950770487	117.766448114975	0.393983379743521	0.001
EducationLevel	4	1915.3530405467	478.838260136674	91.4532592186158	0.135979360400713	0.001
GeoRegion	1	488.068472350928	488.068472350928	93.2161362912039	0.0346501335769875	0.001
Residuals	481	2518.45811831775	5.23587966386226	NA	0.17879644998871	NA
Total	499	14085.6158971656	NA	NA	1	NA
