	Df	SumsOfSqs	MeanSqs	F.Model	R2	Pr(>F)
IncomeGroup	4	4219.85418325676	1054.96354581419	193.878489639725	0.284426804953857	0.001
Ethnicity	9	5652.26239744057	628.029155271174	115.417584386497	0.380974049018942	0.001
EducationLevel	4	1782.04317947812	445.510794869529	81.874829106854	0.120113356011177	0.001
GeoRegion	1	564.888799817221	564.888799817221	103.813812105171	0.0380746607604889	0.001
Residuals	481	2617.29636165194	5.44136457723897	NA	0.176411129255535	NA
Total	499	14836.3449216446	NA	NA	1	NA
