	Df	SumsOfSqs	MeanSqs	F.Model	R2	Pr(>F)
IncomeGroup	4	4368.04716061894	1092.01179015473	200.342545435303	0.283072848179629	0.001
Ethnicity	9	6571.70015019811	730.188905577568	133.961835678806	0.425881363111354	0.001
EducationLevel	4	1280.64940482518	320.162351206295	58.7375896226649	0.0829929396852121	0.001
GeoRegion	1	588.628863200467	588.628863200467	107.990962948816	0.0381463026153049	0.001
Residuals	481	2621.79793075481	5.45072334876259	NA	0.1699065464085	NA
Total	499	15430.8235095975	NA	NA	1	NA
