	Df	SumsOfSqs	MeanSqs	F.Model	R2	Pr(>F)
IncomeGroup	4	3655.68924200966	913.922310502415	171.642793836928	0.252990587117681	0.001
Ethnicity	9	5577.55188534446	619.727987260496	116.390465502316	0.385992362243819	0.001
EducationLevel	4	2125.06048134511	531.265120336277	99.7763469331451	0.147064004417545	0.001
GeoRegion	1	530.487356707015	530.487356707015	99.6302759589091	0.036712176267487	0.001
Residuals	481	2561.11323711793	5.32455974452792	NA	0.177240869953469	NA
Total	499	14449.9022025242	NA	NA	1	NA
