	Df	SumsOfSqs	MeanSqs	F.Model	R2	Pr(>F)
IncomeGroup	4	3987.76028538436	996.940071346091	188.888863456135	0.266358460403013	0.001
Ethnicity	9	6038.52929490378	670.947699433754	127.12353733904	0.403337525573967	0.001
EducationLevel	4	1819.86284124061	454.965710310152	86.2017270666655	0.121555918572668	0.001
GeoRegion	1	586.573289480302	586.573289480302	111.137233990464	0.0391795762829924	0.001
Residuals	481	2538.67891173388	5.27791873541347	NA	0.169568519167359	NA
Total	499	14971.4046227429	NA	NA	1	NA
