	Df	SumsOfSqs	MeanSqs	F.Model	R2	Pr(>F)
IncomeGroup	4	4050.14613422047	1012.53653355512	198.858974964845	0.277413409657794	0.001
Ethnicity	9	6296.24859800096	699.583177555662	137.395924967675	0.431259449348419	0.001
EducationLevel	4	1238.18831224752	309.547078061881	60.7940677761212	0.084809295792268	0.001
GeoRegion	1	565.970887217341	565.970887217341	111.154893440552	0.0387659872969568	0.001
Residuals	481	2449.12291600673	5.09173163410963	NA	0.167751857904562	NA
Total	499	14599.676847693	NA	NA	1	NA
