	Df	SumsOfSqs	MeanSqs	F.Model	R2	Pr(>F)
IncomeGroup	4	3483.50494155515	870.876235388787	174.343024324166	0.245621283400707	0.001
Ethnicity	9	5549.51077177996	616.612307975551	123.441254037629	0.39129496896942	0.001
EducationLevel	4	2087.045004404	521.761251101	104.45276928644	0.147157153814139	0.001
GeoRegion	1	659.676720126809	659.676720126809	132.062432972246	0.0465136824392676	0.001
Residuals	481	2402.68557257065	4.99518830056268	NA	0.169412911376467	NA
Total	499	14182.4230104366	NA	NA	1	NA
