	Df	SumsOfSqs	MeanSqs	F.Model	R2	Pr(>F)
IncomeGroup	4	5264.61013727306	1316.15253431827	235.58603997547	0.330590466231213	0.001
Ethnicity	9	5498.22560385641	610.913955984045	109.351154902861	0.345260317179875	0.001
EducationLevel	4	1733.56144958113	433.390362395281	77.5751416177031	0.10885875172408	0.001
GeoRegion	1	741.26174904145	741.26174904145	132.68288856232	0.0465474291211067	0.001
Residuals	481	2687.21087664194	5.58671699925559	NA	0.168743035743725	NA
Total	499	15924.869816394	NA	NA	1	NA
