	Df	SumsOfSqs	MeanSqs	F.Model	R2	Pr(>F)
IncomeGroup	4	4141.63145698658	1035.40786424665	209.193598625722	0.281767176945431	0.001
Ethnicity	9	6072.13464314466	674.681627016074	136.312541517	0.413104896995418	0.001
EducationLevel	4	1575.38598256414	393.846495641036	79.5726675199869	0.107178068719199	0.001
GeoRegion	1	528.900759402492	528.900759402492	106.859004065791	0.0359826496898316	0.001
Residuals	481	2380.71903717134	4.94951982779904	NA	0.16196720765012	NA
Total	499	14698.7718792692	NA	NA	1	NA
