	Df	SumsOfSqs	MeanSqs	F.Model	R2	Pr(>F)
IncomeGroup	4	3703.13296288683	925.783240721707	174.089221780822	0.260691379314307	0.001
Ethnicity	9	5524.99873871622	613.888748746247	115.438916831032	0.388946212933958	0.001
EducationLevel	4	1823.11947030488	455.77986757622	85.7072789391333	0.128343090602408	0.001
GeoRegion	1	595.900764551314	595.900764551314	112.056360275504	0.0419499363923	0.001
Residuals	481	2557.89378705923	5.31786650116265	NA	0.180069380757027	NA
Total	499	14205.0457235185	NA	NA	1	NA
