	Df	SumsOfSqs	MeanSqs	F.Model	R2	Pr(>F)
IncomeGroup	4	4311.32599518537	1077.83149879634	201.739172742326	0.291233332829427	0.001
Ethnicity	9	5282.02761446382	586.891957162646	109.849357770057	0.356804961623234	0.001
EducationLevel	4	2005.49188781449	501.372971953622	93.8426541720476	0.13547249433303	0.001
GeoRegion	1	634.999902691323	634.999902691323	118.85378670364	0.042894723853793	0.001
Residuals	481	2569.83779537563	5.34269811928405	NA	0.173594487360516	NA
Total	499	14803.6831955306	NA	NA	1	NA
