	Df	SumsOfSqs	MeanSqs	F.Model	R2	Pr(>F)
IncomeGroup	4	3459.27422092349	864.818555230874	162.890141078793	0.240235322950027	0.001
Ethnicity	9	6074.90664354727	674.989627060808	127.135518674556	0.421882471929108	0.001
EducationLevel	4	1683.64743164034	420.911857910085	79.2795107158717	0.116923828133556	0.001
GeoRegion	1	627.963630917571	627.963630917571	118.278087136101	0.0436100280116217	0.001
Residuals	481	2553.73175019127	5.30921361786127	NA	0.177348348975687	NA
Total	499	14399.5236772199	NA	NA	1	NA
