	Df	SumsOfSqs	MeanSqs	F.Model	R2	Pr(>F)
IncomeGroup	4	4874.02350336498	1218.50587584125	240.728145255404	0.307293863920193	0.001
Ethnicity	9	6073.29582291045	674.81064699005	133.315660325694	0.382904706730292	0.001
EducationLevel	4	1892.17170538731	473.042926346826	93.4544088324908	0.119296255782824	0.001
GeoRegion	1	586.922460328184	586.922460328184	115.952461194327	0.037003857394466	0.001
Residuals	481	2434.70212283573	5.06175077512625	NA	0.153501316172226	NA
Total	499	15861.1156148266	NA	NA	1	NA
