	Df	SumsOfSqs	MeanSqs	F.Model	R2	Pr(>F)
IncomeGroup	4	3088.21799230995	772.054498077488	147.667522236797	0.229251033856122	0.001
Ethnicity	9	5403.66012076402	600.406680084891	114.837187016374	0.401135759320425	0.001
EducationLevel	4	1935.40800198473	483.852000496183	92.5442779240407	0.143673240196536	0.001
GeoRegion	1	528.788328573455	528.788328573455	101.139054901721	0.0392541172023418	0.001
Residuals	481	2514.8266047274	5.228329739558	NA	0.186685849424575	NA
Total	499	13470.9010483596	NA	NA	1	NA
