	Df	SumsOfSqs	MeanSqs	F.Model	R2	Pr(>F)
IncomeGroup	4	4721.49191607391	1180.37297901848	236.498731591571	0.31222272728435	0.001
Ethnicity	9	5748.01043195541	638.667825772824	127.963053533484	0.380104324104475	0.001
EducationLevel	4	1660.70686443906	415.176716109766	83.1845259859818	0.109819191825741	0.001
GeoRegion	1	591.295543074508	591.295543074508	118.471575017883	0.0391011803835341	0.001
Residuals	481	2400.68688354912	4.99103302193164	NA	0.158752576401899	NA
Total	499	15122.191639092	NA	NA	1	NA
