	Df	SumsOfSqs	MeanSqs	F.Model	R2	Pr(>F)
IncomeGroup	4	4586.49409711013	1146.62352427753	217.877126834775	0.298785229364123	0.001
Ethnicity	9	5759.78783392731	639.976425991923	121.605934279924	0.375218956486392	0.001
EducationLevel	4	1937.53148978734	484.382872446835	92.0406273743496	0.126219674182309	0.001
GeoRegion	1	535.295745363766	535.295745363766	101.714901654597	0.0348716162432056	0.001
Residuals	481	2531.36216357276	5.26270720077497	NA	0.164904523723971	NA
Total	499	15350.4713297613	NA	NA	1	NA
