	Df	SumsOfSqs	MeanSqs	F.Model	R2	Pr(>F)
IncomeGroup	4	4163.92117672283	1040.98029418071	197.818516695301	0.287841145977101	0.001
Ethnicity	9	5365.43431513704	596.15936834856	113.288755435602	0.370898654510412	0.001
EducationLevel	4	1699.36260795894	424.840651989734	80.732890025183	0.117472560057084	0.001
GeoRegion	1	706.154577813144	706.154577813144	134.191254072234	0.0488146471290039	0.001
Residuals	481	2531.16609034211	5.26229956412082	NA	0.174972992326399	NA
Total	499	14466.0387679741	NA	NA	1	NA
