	Df	SumsOfSqs	MeanSqs	F.Model	R2	Pr(>F)
IncomeGroup	4	4550.17224629499	1137.54306157375	224.198940736097	0.305095758621619	0.001
Ethnicity	9	5382.46635796188	598.05181755132	117.870336982941	0.360902306077506	0.001
EducationLevel	4	2062.5614799505	515.640369987624	101.62782285539	0.138297788603854	0.001
GeoRegion	1	478.211919469595	478.211919469595	94.2510305008866	0.0320648143531879	0.001
Residuals	481	2440.50311219368	5.07381104406171	NA	0.163639332343834	NA
Total	499	14913.9151158706	NA	NA	1	NA
