	Df	SumsOfSqs	MeanSqs	F.Model	R2	Pr(>F)
IncomeGroup	4	3740.6360337846	935.159008446149	175.397489782397	0.270796712362636	0.001
Ethnicity	9	5275.92789260021	586.214210288913	109.949751893307	0.381941443934863	0.001
EducationLevel	4	1811.0137190736	452.753429768401	84.9179811716707	0.131105126705573	0.001
GeoRegion	1	421.343010651146	421.343010651146	79.0266743282134	0.0305023800847756	0.001
Residuals	481	2564.52634311156	5.33165559898453	NA	0.185654336912152	NA
Total	499	13813.4469992211	NA	NA	1	NA
