	Df	SumsOfSqs	MeanSqs	F.Model	R2	Pr(>F)
IncomeGroup	4	4802.64448790887	1200.66112197722	235.071094595038	0.308216348415021	0.001
Ethnicity	9	6500.96204401402	722.329116001558	141.420999521274	0.417208225059168	0.001
EducationLevel	4	1221.29002461383	305.322506153457	59.7774796004058	0.0783779754445378	0.001
GeoRegion	1	600.379572367747	600.379572367747	117.545142976375	0.0385301889248793	0.001
Residuals	481	2456.78015268506	5.10765104508328	NA	0.157667262156394	NA
Total	499	15582.0562815895	NA	NA	1	NA
