	Df	SumsOfSqs	MeanSqs	F.Model	R2	Pr(>F)
IncomeGroup	4	3862.53907746906	965.634769367265	189.262774607112	0.269786127424143	0.001
Ethnicity	9	5521.75573710682	613.528415234091	120.25052727088	0.385677158733684	0.001
EducationLevel	4	1974.27938599977	493.569846499941	96.7388515558479	0.137897165392874	0.001
GeoRegion	1	504.364010063642	504.364010063642	98.8544892797956	0.0352282295034648	0.001
Residuals	481	2454.1029002129	5.10208503162766	NA	0.171411318945834	NA
Total	499	14317.0411108522	NA	NA	1	NA
