	Df	SumsOfSqs	MeanSqs	F.Model	R2	Pr(>F)
IncomeGroup	4	4579.67176781369	1144.91794195342	209.222156534081	0.290201252157469	0.001
Ethnicity	9	6170.19665200646	685.577405778496	125.282326402614	0.390988456215263	0.001
EducationLevel	4	1812.38697921835	453.096744804589	82.7988405045406	0.114845997143186	0.001
GeoRegion	1	586.607774528149	586.607774528149	107.196628796853	0.0371717274346594	0.001
Residuals	481	2632.15683846509	5.47225953942847	NA	0.166792567049423	NA
Total	499	15781.0200120317	NA	NA	1	NA
