	Df	SumsOfSqs	MeanSqs	F.Model	R2	Pr(>F)
IncomeGroup	4	4062.49421349533	1015.62355337383	200.508871389866	0.279736975340049	0.001
Ethnicity	9	6136.13225528806	681.792472809784	134.602470365195	0.422524436263488	0.001
EducationLevel	4	1463.47747595248	365.86936898812	72.2315409171371	0.100772762024196	0.001
GeoRegion	1	424.070426799441	424.070426799441	83.721849877261	0.0292008239987061	0.001
Residuals	481	2436.37563658196	5.06523001368391	NA	0.167765002373561	NA
Total	499	14522.5500081173	NA	NA	1	NA
