	Df	SumsOfSqs	MeanSqs	F.Model	R2	Pr(>F)
IncomeGroup	4	3819.15211611332	954.78802902833	183.555803131067	0.262519786181061	0.001
Ethnicity	9	5390.63394764	598.959327515555	115.148553461492	0.370539854996661	0.001
EducationLevel	4	2248.25670071036	562.064175177591	108.05554526162	0.154540026269304	0.001
GeoRegion	1	588.031070798012	588.031070798012	113.047621236093	0.0404199116139981	0.001
Residuals	481	2501.98051017052	5.20162268226719	NA	0.171980420938975	NA
Total	499	14548.0543454322	NA	NA	1	NA
