	Df	SumsOfSqs	MeanSqs	F.Model	R2	Pr(>F)
IncomeGroup	4	4554.86935814869	1138.71733953717	218.381713753024	0.303796203300144	0.001
Ethnicity	9	5923.25620697234	658.139578552482	126.217142799811	0.395063525506601	0.001
EducationLevel	4	1480.65802275443	370.164505688607	70.9896620663343	0.0987554747083945	0.001
GeoRegion	1	526.291105513408	526.291105513408	100.931416045448	0.0351020473067078	0.001
Residuals	481	2508.09937748185	5.21434382012859	NA	0.167282749178153	NA
Total	499	14993.1740708707	NA	NA	1	NA
