	Df	SumsOfSqs	MeanSqs	F.Model	R2	Pr(>F)
IncomeGroup	4	5253.39010820273	1313.34752705068	238.000874350393	0.327444130345172	0.001
Ethnicity	9	5995.00074921663	666.111194357404	120.710659902532	0.373668767465182	0.001
EducationLevel	4	1642.06409041424	410.516022603561	74.3924744228972	0.102349956310531	0.001
GeoRegion	1	498.891192816032	498.891192816032	90.4075559974341	0.0310959189026225	0.001
Residuals	481	2654.27663757797	5.51824664777125	NA	0.165441226976492	NA
Total	499	16043.6227782276	NA	NA	1	NA
