	Df	SumsOfSqs	MeanSqs	F.Model	R2	Pr(>F)
IncomeGroup	4	3724.37857903179	931.094644757946	183.307578351417	0.256600845347188	0.001
Ethnicity	9	6033.5021941409	670.389132682322	131.98165101363	0.415693982383271	0.001
EducationLevel	4	1759.76181120371	439.940452800929	86.6124829261894	0.12124341250023	0.001
GeoRegion	1	553.448456724926	553.448456724926	108.959166413151	0.0381312852166151	0.001
Residuals	481	2443.19699248872	5.07941162679568	NA	0.168330474552696	NA
Total	499	14514.28803359	NA	NA	1	NA
