	Df	SumsOfSqs	MeanSqs	F.Model	R2	Pr(>F)
IncomeGroup	4	3560.57567757311	890.143919393276	171.454491351847	0.240760471560432	0.001
Ethnicity	9	6309.96471314866	701.107190349851	135.043304892191	0.42666979090944	0.001
EducationLevel	4	1893.9680343778	473.49200859445	91.2013548865896	0.128067110032047	0.001
GeoRegion	1	527.145178390716	527.145178390716	101.535725246725	0.0356447196248508	0.001
Residuals	481	2497.21790226846	5.19172121053734	NA	0.168857907873231	NA
Total	499	14788.8715057587	NA	NA	1	NA
