	Df	SumsOfSqs	MeanSqs	F.Model	R2	Pr(>F)
IncomeGroup	4	3856.00415774469	964.001039436171	188.177142071075	0.261991537733758	0.001
Ethnicity	9	5868.45268136791	652.050297929768	127.283017892577	0.398724918130956	0.001
EducationLevel	4	2039.26561210707	509.816403026767	99.5183508916585	0.138555435032516	0.001
GeoRegion	1	490.240901483316	490.240901483316	95.6971289381956	0.0333088249870352	0.001
Residuals	481	2464.08514267723	5.12283813446409	NA	0.167419284115735	NA
Total	499	14718.0484953802	NA	NA	1	NA
