	Df	SumsOfSqs	MeanSqs	F.Model	R2	Pr(>F)
IncomeGroup	4	3560.51569697015	890.128924242538	169.659632048821	0.232878667796263	0.001
Ethnicity	9	6741.65427106563	749.07269678507	142.7741472647	0.440943840445568	0.001
EducationLevel	4	1825.96813989304	456.492034973261	87.0079250066906	0.119429055801822	0.001
GeoRegion	1	637.412895725309	637.412895725309	121.491656328272	0.0416905523317828	0.001
Residuals	481	2523.5939002712	5.24655696522079	NA	0.165057883624564	NA
Total	499	15289.1449039253	NA	NA	1	NA
