	Df	SumsOfSqs	MeanSqs	F.Model	R2	Pr(>F)
IncomeGroup	4	4035.82988011792	1008.95747002948	202.72669929381	0.280290874762271	0.001
Ethnicity	9	5990.51365380479	665.612628200532	133.739483706315	0.416044868633365	0.001
EducationLevel	4	1527.63019655542	381.907549138854	76.7355009225973	0.106094859502172	0.001
GeoRegion	1	450.841054411778	450.841054411778	90.5860966214665	0.0313111893398563	0.001
Residuals	481	2393.90541440635	4.97693433348513	NA	0.166258207762336	NA
Total	499	14398.7201992962	NA	NA	1	NA
