	Df	SumsOfSqs	MeanSqs	F.Model	R2	Pr(>F)
IncomeGroup	4	5185.53465885521	1296.3836647138	240.322265724092	0.337549511795185	0.001
Ethnicity	9	5601.91967054384	622.435518949315	115.386454066492	0.364653863932589	0.001
EducationLevel	4	1499.39709378293	374.849273445733	69.4891714170093	0.0976024248780706	0.001
GeoRegion	1	480.757187840034	480.757187840034	89.1222712763558	0.031294623355821	0.001
Residuals	481	2594.68485305991	5.39435520386675	NA	0.168899576038334	NA
Total	499	15362.2934640819	NA	NA	1	NA
