	Df	SumsOfSqs	MeanSqs	F.Model	R2	Pr(>F)
IncomeGroup	4	4353.3376912317	1088.33442280793	206.898493728318	0.287377645530078	0.001
Ethnicity	9	6087.33920772043	676.371023080047	128.58193487595	0.401844592157672	0.001
EducationLevel	4	1548.67199069095	387.167997672739	73.6028134914885	0.102232756094146	0.001
GeoRegion	1	628.969765314961	628.969765314961	119.57068922673	0.0415202915753311	0.001
Residuals	481	2530.17239486535	5.26023366915874	NA	0.167024714642773	NA
Total	499	15148.4910498234	NA	NA	1	NA
