	Df	SumsOfSqs	MeanSqs	F.Model	R2	Pr(>F)
IncomeGroup	4	3641.43472759734	910.358681899335	170.192670421555	0.271083145748685	0.001
Ethnicity	9	5120.69832953254	568.966481059171	106.368980399885	0.381205518000765	0.001
EducationLevel	4	1665.53609523239	416.384023808097	77.8435031617665	0.123989250893831	0.001
GeoRegion	1	432.374404917742	432.374404917742	80.832924492303	0.0321877014403203	0.001
Residuals	481	2572.86359576459	5.34898876458334	NA	0.191534383916399	NA
Total	499	13432.9071530446	NA	NA	1	NA
