	Df	SumsOfSqs	MeanSqs	F.Model	R2	Pr(>F)
IncomeGroup	4	4390.44669711463	1097.61167427866	217.097748510333	0.288833430073223	0.001
Ethnicity	9	5932.60795136875	659.178661263194	130.379629316847	0.390287281018497	0.001
EducationLevel	4	1963.82884746363	490.957211865907	97.1069348192257	0.129194011730614	0.001
GeoRegion	1	481.87524643946	481.87524643946	95.3106034824386	0.0317010295075346	0.001
Residuals	481	2431.85946860663	5.05584089107408	NA	0.159984247670132	NA
Total	499	15200.6182109931	NA	NA	1	NA
