	Df	SumsOfSqs	MeanSqs	F.Model	R2	Pr(>F)
IncomeGroup	4	3937.6163847287	984.404096182174	185.103316695414	0.274199060073833	0.001
Ethnicity	9	5650.7163355858	627.857370620644	118.059729905914	0.39349214259942	0.001
EducationLevel	4	1617.65510395842	404.413775989604	76.0443110134503	0.112646704424864	0.001
GeoRegion	1	596.420014917483	596.420014917483	112.148378224874	0.0415321838190855	0.001
Residuals	481	2558.02207500563	5.31813321206991	NA	0.178129909082798	NA
Total	499	14360.429914196	NA	NA	1	NA
