	Df	SumsOfSqs	MeanSqs	F.Model	R2	Pr(>F)
IncomeGroup	4	4633.56183096851	1158.39045774213	217.045905149915	0.305711407516566	0.001
Ethnicity	9	5723.59868966012	635.955409962236	119.158023676475	0.377629451231523	0.001
EducationLevel	4	1658.69041790942	414.672604477356	77.6965920067139	0.109436455321314	0.001
GeoRegion	1	573.668936639442	573.668936639442	107.487499380814	0.0378493142999493	0.001
Residuals	481	2567.13348168955	5.33707584550843	NA	0.169373371630648	NA
Total	499	15156.6533568671	NA	NA	1	NA
