	Df	SumsOfSqs	MeanSqs	F.Model	R2	Pr(>F)
IncomeGroup	4	4653.31428436464	1163.32857109116	209.481125560397	0.298199005459334	0.001
Ethnicity	9	6052.41932998438	672.491036664931	121.095778777025	0.387858054395443	0.001
EducationLevel	4	1666.15033538843	416.537583847107	75.0061195700337	0.106772150470899	0.001
GeoRegion	1	561.66734448408	561.66734448408	101.139704153131	0.0359934088455851	0.001
Residuals	481	2671.17641839058	5.55338132721535	NA	0.171177380828739	NA
Total	499	15604.7277126121	NA	NA	1	NA
