	Df	SumsOfSqs	MeanSqs	F.Model	R2	Pr(>F)
IncomeGroup	4	3840.88113916053	960.220284790132	177.742314676922	0.257609460013289	0.001
Ethnicity	9	6289.10651571229	698.789612856921	129.349988985627	0.421812931663072	0.001
EducationLevel	4	1638.51488777292	409.628721943231	75.8246397723751	0.109895859874272	0.001
GeoRegion	1	542.688428375519	542.688428375519	100.454759116996	0.0363983335917116	0.001
Residuals	481	2598.51435952984	5.40231675577929	NA	0.174283414857656	NA
Total	499	14909.7053305511	NA	NA	1	NA
