	Df	SumsOfSqs	MeanSqs	F.Model	R2	Pr(>F)
IncomeGroup	4	4304.19534624652	1076.04883656163	212.132984933578	0.286243968700153	0.001
Ethnicity	9	6285.21561792425	698.357290880473	137.674621848929	0.41798871052164	0.001
EducationLevel	4	1420.00495959704	355.001239899261	69.9851810774561	0.0944352712902354	0.001
GeoRegion	1	587.509011876269	587.509011876269	115.821918234612	0.0390713937631159	0.001
Residuals	481	2439.88218309474	5.07252013117411	NA	0.162260655724856	NA
Total	499	15036.8071187388	NA	NA	1	NA
