	Df	SumsOfSqs	MeanSqs	F.Model	R2	Pr(>F)
IncomeGroup	4	4298.4333732024	1074.6083433006	209.842332832248	0.291333206914376	0.001
Ethnicity	9	5610.43116975283	623.381241083648	121.729721054532	0.380255959077187	0.001
EducationLevel	4	1941.4771874747	485.369296868675	94.7796712867879	0.1315867261557	0.001
GeoRegion	1	440.798439025555	440.798439025555	86.0761721520166	0.0298758202569258	0.001
Residuals	481	2463.21419587342	5.12102743424828	NA	0.16694828759581	NA
Total	499	14754.3543653289	NA	NA	1	NA
