	Df	SumsOfSqs	MeanSqs	F.Model	R2	Pr(>F)
IncomeGroup	4	4248.82415144093	1062.20603786023	214.278437457765	0.291084309404843	0.001
Ethnicity	9	5663.5081021088	629.278678012089	126.944158707241	0.388003430114185	0.001
EducationLevel	4	1675.66635309743	418.916588274356	84.5078908997677	0.114798863355848	0.001
GeoRegion	1	624.163262542828	624.163262542828	125.912227806237	0.0427610382913911	0.001
Residuals	481	2384.37945633926	4.95712984685916	NA	0.163352358833732	NA
Total	499	14596.5413255292	NA	NA	1	NA
