	Df	SumsOfSqs	MeanSqs	F.Model	R2	Pr(>F)
IncomeGroup	4	3447.35043710351	861.837609275879	159.008196140301	0.252461982058424	0.001
Ethnicity	9	5231.95516511631	581.32835167959	107.254512417312	0.383155062163009	0.001
EducationLevel	4	1760.52691505656	440.131728764139	81.2038735623285	0.1289297744896	0.001
GeoRegion	1	608.036582172161	608.036582172161	112.182154825829	0.0445287253210585	0.001
Residuals	481	2607.05988825837	5.42008292777208	NA	0.190924455967909	NA
Total	499	13654.9289877069	NA	NA	1	NA
