	Df	SumsOfSqs	MeanSqs	F.Model	R2	Pr(>F)
IncomeGroup	4	3770.07010628568	942.517526571421	185.372645448917	0.258208206895788	0.001
Ethnicity	9	5794.91974768065	643.879971964517	126.637150386818	0.396888067057135	0.001
EducationLevel	4	2056.18831446915	514.047078617287	101.101851331306	0.140826213505675	0.001
GeoRegion	1	534.094333016295	534.094333016295	105.044709131998	0.0365795691203227	0.001
Residuals	481	2445.61935868679	5.08444773115756	NA	0.167497943421079	NA
Total	499	14600.8918601386	NA	NA	1	NA
