	Df	SumsOfSqs	MeanSqs	F.Model	R2	Pr(>F)
IncomeGroup	4	3860.03399244558	965.008498111394	173.0758008158	0.241839187466295	0.001
Ethnicity	9	6787.63535286075	754.181705873417	135.263682092052	0.425259524078269	0.001
EducationLevel	4	1972.94801150051	493.237002875128	88.4628367850329	0.123609311458999	0.001
GeoRegion	1	658.659525726054	658.659525726054	118.131627962962	0.0412663942416746	0.001
Residuals	481	2681.88322921922	5.57564080918756	NA	0.168025582754762	NA
Total	499	15961.1601117521	NA	NA	1	NA
