	Df	SumsOfSqs	MeanSqs	F.Model	R2	Pr(>F)
IncomeGroup	4	3040.41473619424	760.103684048561	141.089013200254	0.221045294631549	0.001
Ethnicity	9	5645.87415427533	627.319350475037	116.4418354724	0.41046831572938	0.001
EducationLevel	4	1895.85812670576	473.964531676439	87.9764030480311	0.137833340040264	0.001
GeoRegion	1	581.224751313031	581.224751313031	107.885842854407	0.0422564049804453	0.001
Residuals	481	2591.34190348635	5.38740520475333	NA	0.188396644618363	NA
Total	499	13754.7136719747	NA	NA	1	NA
