	Df	SumsOfSqs	MeanSqs	F.Model	R2	Pr(>F)
IncomeGroup	4	4250.01636943315	1062.50409235829	199.392493620284	0.269321688715923	0.001
Ethnicity	9	6618.14245802121	735.349162002356	137.997683159787	0.419388808894059	0.001
EducationLevel	4	1869.9633943883	467.490848597075	87.7306419023192	0.118498766930817	0.001
GeoRegion	1	479.215929075684	479.215929075684	89.9310033421884	0.0303677049826157	0.001
Residuals	481	2563.10786401813	5.32870657800028	NA	0.162423030476585	NA
Total	499	15780.4460149365	NA	NA	1	NA
