	Df	SumsOfSqs	MeanSqs	F.Model	R2	Pr(>F)
IncomeGroup	4	5142.46972550656	1285.61743137664	247.558929920283	0.339397503236353	0.001
Ethnicity	9	5268.07312773024	585.341458636693	112.713550393379	0.347687193480179	0.001
EducationLevel	4	1707.55244033832	426.888110084579	82.201719694379	0.112696635241519	0.001
GeoRegion	1	535.74701809213	535.74701809213	103.163628051349	0.0353587303401924	0.001
Residuals	481	2497.91831258639	5.19317736504447	NA	0.164859937701757	NA
Total	499	15151.7606242536	NA	NA	1	NA
