	Df	SumsOfSqs	MeanSqs	F.Model	R2	Pr(>F)
IncomeGroup	4	4971.81048442956	1242.95262110739	246.243199466799	0.310361528460653	0.001
Ethnicity	9	6252.34492618693	694.704991798547	137.629043103527	0.390297927451518	0.001
EducationLevel	4	1733.91011633113	433.477529082782	85.8768804584099	0.108238034334421	0.001
GeoRegion	1	633.42485855278	633.42485855278	125.488744416401	0.0395410701757611	0.001
Residuals	481	2427.92577438576	5.04766273261073	NA	0.151561439577647	NA
Total	499	16019.4161598862	NA	NA	1	NA
