	Df	SumsOfSqs	MeanSqs	F.Model	R2	Pr(>F)
IncomeGroup	4	4687.50177083106	1171.87544270776	233.642727170061	0.312119673316775	0.001
Ethnicity	9	5900.47728902356	655.608587669285	130.711996170196	0.39288626093395	0.001
EducationLevel	4	1520.91227276384	380.228068190961	75.8079908163873	0.10127071197551	0.001
GeoRegion	1	496.853709454945	496.853709454945	99.0602340922705	0.0330832552312425	0.001
Residuals	481	2412.5385573511	5.01567267640561	NA	0.160640098542522	NA
Total	499	15018.2835994245	NA	NA	1	NA
