	Df	SumsOfSqs	MeanSqs	F.Model	R2	Pr(>F)
IncomeGroup	4	4204.21658916546	1051.05414729137	195.909891959911	0.273059577061143	0.001
Ethnicity	9	6272.30782450389	696.923091611543	129.902087284315	0.407379992308222	0.001
EducationLevel	4	1741.15314529898	435.288286324745	81.1350027637117	0.113086119939504	0.001
GeoRegion	1	598.46411906886	598.46411906886	111.549953169217	0.0388696338005865	0.001
Residuals	481	2580.55905084466	5.36498763169367	NA	0.167604676890545	NA
Total	499	15396.7007288818	NA	NA	1	NA
