	Df	SumsOfSqs	MeanSqs	F.Model	R2	Pr(>F)
IncomeGroup	4	3391.38634447097	847.846586117743	153.754667044167	0.233857052124964	0.001
Ethnicity	9	6271.36640117893	696.818489019881	126.36613335917	0.432449479477995	0.001
EducationLevel	4	1616.08720485394	404.021801213485	73.2682522301708	0.111439202531486	0.001
GeoRegion	1	570.75354529729	570.75354529729	103.504599485733	0.0393569850308274	0.001
Residuals	481	2652.36962079003	5.51428195590443	NA	0.182897280834727	NA
Total	499	14501.9631165912	NA	NA	1	NA
