	Df	SumsOfSqs	MeanSqs	F.Model	R2	Pr(>F)
IncomeGroup	4	3199.39572951104	799.848932377761	162.036271825247	0.244613876019154	0.001
Ethnicity	9	5433.77970952604	603.753301058449	122.310513955269	0.41544654945968	0.001
EducationLevel	4	1576.29171814385	394.072929535962	79.8327105837817	0.120517391254687	0.001
GeoRegion	1	495.5757351006	495.5757351006	100.395513792887	0.0378898741114859	0.001
Residuals	481	2374.32848917077	4.9362338652199	NA	0.181532309154993	NA
Total	499	13079.3713814523	NA	NA	1	NA
