	Df	SumsOfSqs	MeanSqs	F.Model	R2	Pr(>F)
IncomeGroup	4	3854.88832961789	963.722082404472	191.090221420486	0.278289627326093	0.001
Ethnicity	9	5708.3827456346	634.264749514956	125.764256767496	0.412095908125779	0.001
EducationLevel	4	1304.42362855538	326.105907138845	64.6614321072872	0.094168114463126	0.001
GeoRegion	1	558.559477449788	558.559477449788	110.753147791413	0.0403231677620001	0.001
Residuals	481	2425.81916641631	5.0432830902626	NA	0.175123182323002	NA
Total	499	13852.073347674	NA	NA	1	NA
