	Df	SumsOfSqs	MeanSqs	F.Model	R2	Pr(>F)
IncomeGroup	4	5038.19171096969	1259.54792774242	244.280436797432	0.328239320774022	0.001
Ethnicity	9	5797.04760156011	644.116400173346	124.921832760072	0.377678952368515	0.001
EducationLevel	4	1484.5466189487	371.136654737175	71.9793365014968	0.0967185454257566	0.001
GeoRegion	1	549.244541719701	549.244541719701	106.52210495902	0.0357834051690373	0.001
Residuals	481	2480.11081520415	5.15615554096497	NA	0.161579776262669	NA
Total	499	15349.1412884024	NA	NA	1	NA
