	Df	SumsOfSqs	MeanSqs	F.Model	R2	Pr(>F)
IncomeGroup	4	4167.7800773814	1041.94501934535	199.116868865055	0.289589378425488	0.001
Ethnicity	9	5761.82908630041	640.203231811157	122.343559965975	0.400348500332577	0.001
EducationLevel	4	1499.92865073205	374.982162683013	71.659514396067	0.104219368004894	0.001
GeoRegion	1	445.503888783987	445.503888783987	85.136295826442	0.0309548948945865	0.001
Residuals	481	2516.99194127428	5.23283147874072	NA	0.174887858342455	NA
Total	499	14392.0336444721	NA	NA	1	NA
