	Df	SumsOfSqs	MeanSqs	F.Model	R2	Pr(>F)
IncomeGroup	4	4147.89242065397	1036.97310516349	177.806893151071	0.266150533178841	0.001
Ethnicity	9	6474.24477862262	719.360530958069	123.346748751977	0.415421502057439	0.001
EducationLevel	4	1553.71367611074	388.428419027685	66.6027402784046	0.0996944186028174	0.001
GeoRegion	1	603.709077048714	603.709077048714	103.516315729527	0.0387371408046519	0.001
Residuals	481	2805.2009387502	5.83201858368025	NA	0.179996405356251	NA
Total	499	15584.7608911862	NA	NA	1	NA
