	Df	SumsOfSqs	MeanSqs	F.Model	R2	Pr(>F)
IncomeGroup	4	4780.09371175603	1195.02342793901	231.041362173596	0.317381600403203	0.001
Ethnicity	9	5723.83647725181	635.981830805757	122.958349662178	0.380042838308508	0.001
EducationLevel	4	1547.9359118891	386.983977972275	74.8180356298709	0.102777561834969	0.001
GeoRegion	1	521.270253581008	521.270253581008	100.780442150527	0.0346105321988231	0.001
Residuals	481	2487.89335135055	5.17233544979324	NA	0.165187467254497	NA
Total	499	15061.0297058285	NA	NA	1	NA
