	Df	SumsOfSqs	MeanSqs	F.Model	R2	Pr(>F)
IncomeGroup	4	4010.41790146966	1002.60447536742	184.130406521527	0.27584068498241	0.001
Ethnicity	9	5634.99914074915	626.111015638795	114.986596080104	0.387581060390221	0.001
EducationLevel	4	1636.82000548652	409.205001371629	75.1513534044303	0.112582170386995	0.001
GeoRegion	1	637.572207721894	637.572207721894	117.091467950648	0.0438528748934882	0.001
Residuals	481	2619.08264779368	5.44507826984133	NA	0.180143209346887	NA
Total	499	14538.8919032209	NA	NA	1	NA
