	Df	SumsOfSqs	MeanSqs	F.Model	R2	Pr(>F)
IncomeGroup	4	3426.93168467133	856.732921167832	171.519009375112	0.240764754089762	0.001
Ethnicity	9	5868.21878675266	652.024309639185	130.536087635526	0.412281417647499	0.001
EducationLevel	4	1986.26984816303	496.567462040758	99.4134310387491	0.13954867372699	0.001
GeoRegion	1	549.524621432165	549.524621432165	110.01552101768	0.0386077612627035	0.001
Residuals	481	2402.58229442365	4.99497358508034	NA	0.168797393273045	NA
Total	499	14233.5272354428	NA	NA	1	NA
