	Df	SumsOfSqs	MeanSqs	F.Model	R2	Pr(>F)
IncomeGroup	4	4345.15213911368	1086.28803477842	212.886310999401	0.285287272179221	0.001
Ethnicity	9	6046.25962290971	671.806624767745	131.657930008349	0.39697595377158	0.001
EducationLevel	4	1759.82723554525	439.956808886313	86.2209460513673	0.11554401214541	0.001
GeoRegion	1	625.173625161609	625.173625161609	122.51898440723	0.0410466820149434	0.001
Residuals	481	2454.38300976472	5.10266737996824	NA	0.161146079888846	NA
Total	499	15230.795632495	NA	NA	1	NA
