	Df	SumsOfSqs	MeanSqs	F.Model	R2	Pr(>F)
IncomeGroup	4	4126.39702785425	1031.59925696356	200.948981340016	0.286939419636745	0.001
Ethnicity	9	5384.05896757964	598.228774175516	116.531164565489	0.374394113077062	0.001
EducationLevel	4	1764.39100351477	441.097750878693	85.923039506005	0.122691376312882	0.001
GeoRegion	1	636.598786166987	636.598786166987	124.005399130552	0.0442675014088983	0.001
Residuals	481	2469.27971115155	5.13363765312172	NA	0.171707589564414	NA
Total	499	14380.7254962672	NA	NA	1	NA
