	Df	SumsOfSqs	MeanSqs	F.Model	R2	Pr(>F)
IncomeGroup	4	3227.83146527359	806.957866318399	153.041253431202	0.235771217783177	0.001
Ethnicity	9	5550.20022541482	616.68891393498	116.956347171287	0.405404520082525	0.001
EducationLevel	4	1845.47577429928	461.368943574819	87.4995887220956	0.134799500958149	0.001
GeoRegion	1	530.793407949594	530.793407949594	100.666084136756	0.0387708619641176	0.001
Residuals	481	2536.22291373637	5.27281271047063	NA	0.185253899212032	NA
Total	499	13690.5237866737	NA	NA	1	NA
