	Df	SumsOfSqs	MeanSqs	F.Model	R2	Pr(>F)
IncomeGroup	4	4063.4386700894	1015.85966752235	205.416379244173	0.277676757902678	0.001
Ethnicity	9	6094.68814013018	677.187571125575	136.933696038003	0.41648302843513	0.001
EducationLevel	4	1562.55100737222	390.637751843054	78.9906274903061	0.106777567723235	0.001
GeoRegion	1	534.301062659932	534.301062659932	108.040700134896	0.0365116835441499	0.001
Residuals	481	2378.72219282684	4.94536838425539	NA	0.162550962394807	NA
Total	499	14633.7010730786	NA	NA	1	NA
