	Df	SumsOfSqs	MeanSqs	F.Model	R2	Pr(>F)
IncomeGroup	4	3224.74497748155	806.186244370387	157.738461546127	0.24079873895323	0.001
Ethnicity	9	5134.96852716127	570.552058573475	111.63425893187	0.383439296607768	0.001
EducationLevel	4	1933.80386032552	483.450965081379	94.5920523916699	0.144401350866802	0.001
GeoRegion	1	640.005685873346	640.005685873346	125.223560902206	0.0477906200823226	0.001
Residuals	481	2458.3451603448	5.11090469926154	NA	0.183569993489877	NA
Total	499	13391.8682111865	NA	NA	1	NA
