	Df	SumsOfSqs	MeanSqs	F.Model	R2	Pr(>F)
IncomeGroup	4	4032.91962566954	1008.22990641739	206.294131548816	0.26796838196215	0.001
Ethnicity	9	6112.87049197952	679.207832442168	138.972856332636	0.406171252323922	0.001
EducationLevel	4	1993.03270981165	498.258177452912	101.94870966483	0.132427571094279	0.001
GeoRegion	1	560.348948547888	560.348948547888	114.653115295634	0.0372325300313022	0.001
Residuals	481	2350.81134565384	4.88734167495601	NA	0.156200264588348	NA
Total	499	15049.9831216624	NA	NA	1	NA
