	Df	SumsOfSqs	MeanSqs	F.Model	R2	Pr(>F)
IncomeGroup	4	3928.72347846332	982.180869615831	190.703327540525	0.263943567782589	0.001
Ethnicity	9	6229.14213826859	692.126904252066	134.38553712904	0.418492675601227	0.001
EducationLevel	4	1652.37171678309	413.092929195772	80.2074227040376	0.111011347228072	0.001
GeoRegion	1	597.174587486026	597.174587486026	115.949296590117	0.0401200013373833	0.001
Residuals	481	2477.29813830764	5.15030797984957	NA	0.166432408050728	NA
Total	499	14884.7100593087	NA	NA	1	NA
