	Df	SumsOfSqs	MeanSqs	F.Model	R2	Pr(>F)
IncomeGroup	4	4502.11542548749	1125.52885637187	192.159139800543	0.288727216391756	0.001
Ethnicity	9	6223.08844969855	691.454272188728	118.050512346258	0.399095721817616	0.001
EducationLevel	4	1530.13319075143	382.533297687857	65.3090935986427	0.0981296690824978	0.001
GeoRegion	1	520.285917672491	520.285917672491	88.827304448292	0.0333666933297568	0.001
Residuals	481	2817.34910177475	5.85727463986435	NA	0.180680699378373	NA
Total	499	15592.9720853847	NA	NA	1	NA
