	Df	SumsOfSqs	MeanSqs	F.Model	R2	Pr(>F)
IncomeGroup	4	3528.39355728085	882.098389320212	170.648636329771	0.249106187616938	0.001
Ethnicity	9	5801.69065187854	644.632294653171	124.709015851929	0.409601994947543	0.001
EducationLevel	4	1749.76440477489	437.441101193723	84.6263050665248	0.123534161658883	0.001
GeoRegion	1	598.033280041605	598.033280041605	115.694082377327	0.0422214211767305	0.001
Residuals	481	2486.33293759875	5.16909134635915	NA	0.175536234599906	NA
Total	499	14164.2148315746	NA	NA	1	NA
