	Df	SumsOfSqs	MeanSqs	F.Model	R2	Pr(>F)
IncomeGroup	4	5111.20205981194	1277.80051495298	242.638913424508	0.317859918802828	0.001
Ethnicity	9	6120.86570308607	680.096189231786	129.142067520157	0.380649767436027	0.001
EducationLevel	4	1695.58607254475	423.896518136188	80.4928385623491	0.105446594565293	0.001
GeoRegion	1	619.31912265659	619.31912265659	117.601235267888	0.0385147610556226	0.001
Residuals	481	2533.0728654273	5.26626375348711	NA	0.157528958140229	NA
Total	499	16080.0458235267	NA	NA	1	NA
