	Df	SumsOfSqs	MeanSqs	F.Model	R2	Pr(>F)
IncomeGroup	4	3451.82513147	862.956282867501	167.225086171378	0.261124654894613	0.001
Ethnicity	9	4830.69660138298	536.744066820331	104.011147039516	0.365433918258634	0.001
EducationLevel	4	1881.84601169836	470.46150292459	91.1668029178251	0.142358425370253	0.001
GeoRegion	1	572.527145580179	572.527145580179	110.945250826569	0.0433106972727078	0.001
Residuals	481	2482.17526187356	5.16044752988266	NA	0.187772304203792	NA
Total	499	13219.0701520051	NA	NA	1	NA
