	Df	SumsOfSqs	MeanSqs	F.Model	R2	Pr(>F)
IncomeGroup	4	3342.13473202226	835.533683005565	171.514157585367	0.237734874919094	0.001
Ethnicity	9	5729.9571822968	636.661909144089	130.690758774369	0.407586995513149	0.001
EducationLevel	4	2114.95771240147	528.739428100367	108.536973957278	0.150442530757191	0.001
GeoRegion	1	527.995344320334	527.995344320334	108.384232176424	0.0375577040438185	0.001
Residuals	481	2343.19841104455	4.87151436807599	NA	0.166677894766747	NA
Total	499	14058.2433820854	NA	NA	1	NA
