	Df	SumsOfSqs	MeanSqs	F.Model	R2	Pr(>F)
IncomeGroup	4	3623.17864352375	905.794660880937	191.602239169419	0.255305679727879	0.001
Ethnicity	9	5940.78440396661	660.08715599629	139.627867769567	0.418614744012839	0.001
EducationLevel	4	1804.89469062864	451.22367265716	95.4470916877322	0.127181105643754	0.001
GeoRegion	1	548.75881131976	548.75881131976	116.078645142992	0.0386680467939604	0.001
Residuals	481	2273.91513675623	4.72747429679051	NA	0.160230423821568	NA
Total	499	14191.531686195	NA	NA	1	NA
