	Df	SumsOfSqs	MeanSqs	F.Model	R2	Pr(>F)
IncomeGroup	4	4124.76711682377	1031.19177920594	186.155505371845	0.274175867116922	0.001
Ethnicity	9	5889.35746029396	654.373051143773	118.130447210497	0.391469298194223	0.001
EducationLevel	4	1685.34173034029	421.335432585072	76.0614193844102	0.112025725869392	0.001
GeoRegion	1	680.315625832962	680.315625832962	122.813720680376	0.0452210079607054	0.001
Residuals	481	2664.4564973101	5.53941059731829	NA	0.177108100858758	NA
Total	499	15044.2384306011	NA	NA	1	NA
