	Df	SumsOfSqs	MeanSqs	F.Model	R2	Pr(>F)
IncomeGroup	4	4180.18376724811	1045.04594181203	193.23008610463	0.275618752765241	0.001
Ethnicity	9	5897.88379845693	655.32042205077	121.169430464875	0.388874620589985	0.001
EducationLevel	4	1915.4735007545	478.868375188624	88.5432627105744	0.126295982815219	0.001
GeoRegion	1	571.610831586002	571.610831586002	105.691439760233	0.0376889326500955	0.001
Residuals	481	2601.39147140576	5.40829827735086	NA	0.171521711179459	NA
Total	499	15166.5433694513	NA	NA	1	NA
