	Df	SumsOfSqs	MeanSqs	F.Model	R2	Pr(>F)
IncomeGroup	4	4674.02845436993	1168.50711359248	200.486250298057	0.297133392193982	0.001
Ethnicity	9	5450.18901226555	605.576556918394	103.90161236735	0.346474816129705	0.001
EducationLevel	4	2132.11296119937	533.028240299842	91.4541571528304	0.135540885744848	0.001
GeoRegion	1	670.630356547916	670.630356547916	115.063198123782	0.0426327470392354	0.001
Residuals	481	2803.44373143993	5.82836534602895	NA	0.178218158892229	NA
Total	499	15730.4045158227	NA	NA	1	NA
