	Df	SumsOfSqs	MeanSqs	F.Model	R2	Pr(>F)
IncomeGroup	4	3786.62198998894	946.655497497234	193.580411412497	0.263000468688148	0.001
Ethnicity	9	6070.78293570145	674.531437300161	137.934099034385	0.421647252251382	0.001
EducationLevel	4	1602.96193432728	400.740483581819	81.9469256625092	0.111333991386493	0.001
GeoRegion	1	585.202231855323	585.202231855323	119.667280337529	0.0406453196707259	0.001
Residuals	481	2352.20749338057	4.89024426898248	NA	0.16337296800325	NA
Total	499	14397.7765852536	NA	NA	1	NA
