	Df	SumsOfSqs	MeanSqs	F.Model	R2	Pr(>F)
IncomeGroup	4	3432.6607279643	858.165181991075	169.505839938232	0.234650541795327	0.001
Ethnicity	9	6248.18609767772	694.242899741969	137.127709573214	0.427114815371685	0.001
EducationLevel	4	2082.62959547957	520.657398869892	102.84088840651	0.142364830569223	0.001
GeoRegion	1	430.16307973191	430.16307973191	84.9663394303645	0.0294051780000115	0.001
Residuals	481	2435.18130518761	5.06274699623205	NA	0.166464634263753	NA
Total	499	14628.8208060411	NA	NA	1	NA
