	Df	SumsOfSqs	MeanSqs	F.Model	R2	Pr(>F)
IncomeGroup	4	4196.74027864294	1049.18506966073	192.57518496933	0.285265885265366	0.001
Ethnicity	9	5985.83351151723	665.092612390803	122.076015525374	0.406876285483697	0.001
EducationLevel	4	1474.50318272756	368.625795681889	67.66030402135	0.100226706400662	0.001
GeoRegion	1	434.025961077459	434.025961077459	79.6643339225276	0.0295021354180509	0.001
Residuals	481	2620.57657422053	5.44818414598863	NA	0.178128987432225	NA
Total	499	14711.6795081857	NA	NA	1	NA
