	Df	SumsOfSqs	MeanSqs	F.Model	R2	Pr(>F)
IncomeGroup	4	3661.18712784086	915.296781960215	187.651311002434	0.25581470861311	0.001
Ethnicity	9	6063.31578879185	673.701754310205	138.120246801485	0.423656400937306	0.001
EducationLevel	4	1627.08198269796	406.770495674491	83.3948270056803	0.113687579672823	0.001
GeoRegion	1	614.138150137933	614.138150137933	125.908701179069	0.0429111013559092	0.001
Residuals	481	2346.1480219403	4.87764661526049	NA	0.163930209420852	NA
Total	499	14311.8710714089	NA	NA	1	NA
