	Df	SumsOfSqs	MeanSqs	F.Model	R2	Pr(>F)
IncomeGroup	4	4222.24880583355	1055.56220145839	214.482862694852	0.299700296793702	0.001
Ethnicity	9	5175.89481297723	575.099423664137	116.856183890653	0.367391236982307	0.001
EducationLevel	4	1839.79528236733	459.948820591831	93.4583860594463	0.130590881191874	0.001
GeoRegion	1	483.09068818263	483.09068818263	98.1606518303521	0.0342903578838304	0.001
Residuals	481	2367.20739606983	4.92142909785828	NA	0.168027227148286	NA
Total	499	14088.2369854306	NA	NA	1	NA
