	Df	SumsOfSqs	MeanSqs	F.Model	R2	Pr(>F)
IncomeGroup	4	4569.67763142844	1142.41940785711	219.032763028078	0.308989906055468	0.001
Ethnicity	9	5296.87302612926	588.541447347695	112.839346462883	0.35816099750122	0.001
EducationLevel	4	1953.27790588876	488.31947647219	93.6240783695668	0.132075652884102	0.001
GeoRegion	1	460.48113703508	460.48113703508	88.2867142079572	0.0311365559562038	0.001
Residuals	481	2508.77415589571	5.21574668585386	NA	0.169636887603007	NA
Total	499	14789.0838563772	NA	NA	1	NA
