	Df	SumsOfSqs	MeanSqs	F.Model	R2	Pr(>F)
IncomeGroup	4	3788.80819624446	947.202049061115	183.4788337807	0.25985755608768	0.001
Ethnicity	9	5537.7722684287	615.308029825411	119.188931062989	0.379811247576588	0.001
EducationLevel	4	2223.12247740219	555.780619350548	107.658107346191	0.152474114270009	0.001
GeoRegion	1	547.481248859393	547.481248859393	106.050468489898	0.0375493115416744	0.001
Residuals	481	2483.14302097074	5.16245950305767	NA	0.170307770524049	NA
Total	499	14580.3272119055	NA	NA	1	NA
