	Df	SumsOfSqs	MeanSqs	F.Model	R2	Pr(>F)
IncomeGroup	4	3660.71366186041	915.178415465104	159.814702397785	0.246173732762416	0.001
Ethnicity	9	5936.14650963822	659.571834404247	115.178936307961	0.399190835308209	0.001
EducationLevel	4	2094.52625384206	523.631563460515	91.4401181959696	0.140851591767256	0.001
GeoRegion	1	424.616390288174	424.616390288174	74.1494127269592	0.0285543780379206	0.001
Residuals	481	2754.44506190073	5.72649701018863	NA	0.185229462124198	NA
Total	499	14870.4478775296	NA	NA	1	NA
