	Df	SumsOfSqs	MeanSqs	F.Model	R2	Pr(>F)
IncomeGroup	4	4293.75290052638	1073.43822513159	213.502162659328	0.28789378051409	0.001
Ethnicity	9	6174.43359968554	686.048177742837	136.451978518494	0.413992391441243	0.001
EducationLevel	4	1490.1383716319	372.534592907975	74.0954992929516	0.0999129617462677	0.001
GeoRegion	1	537.686153988176	537.686153988176	106.943421634141	0.0360515621620332	0.001
Residuals	481	2418.35389326787	5.02776277186667	NA	0.162149304136366	NA
Total	499	14914.3649190999	NA	NA	1	NA
