	Df	SumsOfSqs	MeanSqs	F.Model	R2	Pr(>F)
IncomeGroup	4	4626.46839306009	1156.61709826502	201.908538115138	0.288728358044842	0.001
Ethnicity	9	6268.47381594098	696.497090660109	121.586227272257	0.391202532592384	0.001
EducationLevel	4	1753.72350757245	438.430876893111	76.5360788378579	0.109446269981133	0.001
GeoRegion	1	619.566148107726	619.566148107726	108.156532890364	0.0386658464827402	0.001
Residuals	481	2755.37047347759	5.72842094278085	NA	0.171956992898901	NA
Total	499	16023.6023381588	NA	NA	1	NA
