	Df	SumsOfSqs	MeanSqs	F.Model	R2	Pr(>F)
IncomeGroup	4	4762.65144641233	1190.66286160308	229.38973826719	0.308563513825979	0.001
Ethnicity	9	6084.60631434741	676.067368260823	130.24922642463	0.394210562273473	0.001
EducationLevel	4	1611.77342477076	402.943356192689	77.6299269879778	0.104423864948848	0.001
GeoRegion	1	479.220446319538	479.220446319538	92.3252553670144	0.0310478199963593	0.001
Residuals	481	2496.66284445558	5.19056724419039	NA	0.16175423895534	NA
Total	499	15434.9144763056	NA	NA	1	NA
