	Df	SumsOfSqs	MeanSqs	F.Model	R2	Pr(>F)
IncomeGroup	4	3806.47294619946	951.618236549866	178.240339865773	0.264199375132783	0.001
Ethnicity	9	5722.17732960136	635.797481066818	119.086367577418	0.397164434437684	0.001
EducationLevel	4	1847.47039026759	461.867597566898	86.5088902265885	0.128229079671341	0.001
GeoRegion	1	463.416456606381	463.416456606381	86.7989951772906	0.0321647730043366	0.001
Residuals	481	2568.04027710666	5.33896107506582	NA	0.178242337753855	NA
Total	499	14407.5773997815	NA	NA	1	NA
