	Df	SumsOfSqs	MeanSqs	F.Model	R2	Pr(>F)
IncomeGroup	4	3703.49131662217	925.872829155543	182.997891469768	0.261736297377255	0.001
Ethnicity	9	5561.27592610568	617.919547345076	122.13121575804	0.393031235974317	0.001
EducationLevel	4	1813.51162665609	453.377906664024	89.6097156605894	0.128166040590178	0.001
GeoRegion	1	637.819477981671	637.819477981671	126.064418280262	0.0450765222029133	0.001
Residuals	481	2433.6063505813	5.05947266233119	NA	0.171989903855337	NA
Total	499	14149.7046979469	NA	NA	1	NA
