	Df	SumsOfSqs	MeanSqs	F.Model	R2	Pr(>F)
IncomeGroup	4	4098.05650011551	1024.51412502888	192.421650311055	0.276746022399342	0.001
Ethnicity	9	5893.32475800095	654.813862000105	122.985482478403	0.397982357109609	0.001
EducationLevel	4	1700.60068366552	425.150170916381	79.8506292096765	0.114843334854161	0.001
GeoRegion	1	555.025988846754	555.025988846754	104.243576667532	0.0374814829266681	0.001
Residuals	481	2560.99712970073	5.32431835696618	NA	0.17294680271022	NA
Total	499	14808.0050603295	NA	NA	1	NA
