	Df	SumsOfSqs	MeanSqs	F.Model	R2	Pr(>F)
IncomeGroup	4	4119.42259383925	1029.85564845981	192.921616315378	0.277910490854369	0.001
Ethnicity	9	5443.92004426599	604.880004918443	113.31144165713	0.367265668236255	0.001
EducationLevel	4	2138.51857734713	534.629644336781	100.151526352086	0.144271857036602	0.001
GeoRegion	1	553.30037706578	553.30037706578	103.649092191782	0.0373275564420664	0.001
Residuals	481	2567.67788063408	5.3382076520459	NA	0.173224427430707	NA
Total	499	14822.8394731522	NA	NA	1	NA
