	Df	SumsOfSqs	MeanSqs	F.Model	R2	Pr(>F)
IncomeGroup	4	3885.73774518896	971.434436297239	179.103810332789	0.2781004173394	0.001
Ethnicity	9	5046.62288746848	560.735876385387	103.383129420161	0.361184419328667	0.001
EducationLevel	4	1953.32901266789	488.332253166973	90.0340403660956	0.139798835960218	0.001
GeoRegion	1	477.859378409932	477.859378409932	88.1031516678592	0.0342001702842368	0.001
Residuals	481	2608.87785129064	5.42386247669571	NA	0.186716157087478	NA
Total	499	13972.4268750259	NA	NA	1	NA
