	Df	SumsOfSqs	MeanSqs	F.Model	R2	Pr(>F)
IncomeGroup	4	4727.52754957187	1181.88188739297	221.986180669487	0.311735782020867	0.001
Ethnicity	9	5426.23658846579	602.915176496198	113.242142658846	0.357809042591156	0.001
EducationLevel	4	1909.75858894602	477.439647236504	89.6747846978209	0.125930537887626	0.001
GeoRegion	1	540.748324973536	540.748324973536	101.565695053575	0.0356572437060394	0.001
Residuals	481	2560.9035036394	5.32412370819002	NA	0.168867393794311	NA
Total	499	15165.1745555966	NA	NA	1	NA
