	Df	SumsOfSqs	MeanSqs	F.Model	R2	Pr(>F)
IncomeGroup	4	4373.76919577952	1093.44229894488	219.003908282762	0.293879148496271	0.001
Ethnicity	9	5970.68189072957	663.409098969952	132.873207488829	0.401177755717625	0.001
EducationLevel	4	1745.65766216026	436.414415540065	87.4087848315712	0.117292971887195	0.001
GeoRegion	1	391.239084649527	391.239084649527	78.3606859675146	0.026287854687488	0.001
Residuals	481	2401.53589000532	4.99279810811917	NA	0.161362269211421	NA
Total	499	14882.8837233242	NA	NA	1	NA
