	Df	SumsOfSqs	MeanSqs	F.Model	R2	Pr(>F)
IncomeGroup	4	3612.96579847621	903.241449619053	163.028129938895	0.252398530886395	0.001
Ethnicity	9	5571.92982873689	619.103314304098	111.743383358389	0.389249990566865	0.001
EducationLevel	4	1929.68311104835	482.420777762086	87.0732374775211	0.13480592108298	0.001
GeoRegion	1	535.015531244002	535.015531244002	96.5661856901725	0.0373757022954225	0.001
Residuals	481	2664.93357575533	5.54040244439778	NA	0.186169855168338	NA
Total	499	14314.5278452608	NA	NA	1	NA
