	Df	SumsOfSqs	MeanSqs	F.Model	R2	Pr(>F)
IncomeGroup	4	3663.51707352611	915.879268381529	164.698889717618	0.249209554244202	0.001
Ethnicity	9	5859.45699376091	651.050777084546	117.075845951946	0.398587651216475	0.001
EducationLevel	4	1959.72341590568	489.930853976419	88.1022974031408	0.133309546296099	0.001
GeoRegion	1	543.042631605815	543.042631605815	97.6531750225768	0.036940297927376	0.001
Residuals	481	2674.80812315635	5.56093164897369	NA	0.181952950315849	NA
Total	499	14700.5482379549	NA	NA	1	NA
