	Df	SumsOfSqs	MeanSqs	F.Model	R2	Pr(>F)
IncomeGroup	4	3382.37057270947	845.592643177368	162.213138778679	0.245020547087129	0.001
Ethnicity	9	5645.93108848903	627.325676498781	120.342185853171	0.408993956865482	0.001
EducationLevel	4	1802.82348357465	450.705870893662	86.4605606180794	0.130597398112157	0.001
GeoRegion	1	465.930809189751	465.930809189751	89.3812163837686	0.0337522513628573	0.001
Residuals	481	2507.38050216296	5.21284927684608	NA	0.181635846572374	NA
Total	499	13804.4364561259	NA	NA	1	NA
