	Df	SumsOfSqs	MeanSqs	F.Model	R2	Pr(>F)
IncomeGroup	4	4005.80557139744	1001.45139284936	207.341733919415	0.275534622565364	0.001
Ethnicity	9	5732.59420793908	636.954911993231	131.875932096318	0.394309747003986	0.001
EducationLevel	4	1906.97842991702	476.744607479255	98.7057926698084	0.131169267345188	0.001
GeoRegion	1	569.7151535008	569.7151535008	117.954529406491	0.0391871864452096	0.001
Residuals	481	2323.20869925664	4.82995571571028	NA	0.159799176640253	NA
Total	499	14538.302062011	NA	NA	1	NA
