	Df	SumsOfSqs	MeanSqs	F.Model	R2	Pr(>F)
IncomeGroup	4	4689.52472785011	1172.38118196253	216.45608455059	0.299524081356504	0.001
Ethnicity	9	6116.26170621748	679.584634024165	125.471332417137	0.390651030798724	0.001
EducationLevel	4	1669.98340362459	417.495850906147	77.0820263866618	0.10666331320969	0.001
GeoRegion	1	575.598512290766	575.598512290766	106.272432686988	0.0367639847595175	0.001
Residuals	481	2605.21828108823	5.41625422263666	NA	0.166397589875565	NA
Total	499	15656.5866310712	NA	NA	1	NA
