	Df	SumsOfSqs	MeanSqs	F.Model	R2	Pr(>F)
IncomeGroup	4	4606.43277893326	1151.60819473332	217.149988183207	0.290687967919994	0.001
Ethnicity	9	6142.7356811516	682.526186794623	128.698765843277	0.387636038192032	0.001
EducationLevel	4	1932.55259785105	483.138149462763	91.1016819144736	0.121953323651435	0.001
GeoRegion	1	614.0569201078	614.0569201078	115.788037593901	0.0387499322924414	0.001
Residuals	481	2550.87990702254	5.30328462998448	NA	0.160972737944097	NA
Total	499	15846.6578850663	NA	NA	1	NA
