	Df	SumsOfSqs	MeanSqs	F.Model	R2	Pr(>F)
IncomeGroup	4	4701.11064451426	1175.27766112856	217.847284071864	0.296563262976498	0.001
Ethnicity	9	6055.69275160186	672.854750177984	124.719106598498	0.382015259328945	0.001
EducationLevel	4	1990.7019784557	497.675494613925	92.2482052000013	0.125580765692783	0.001
GeoRegion	1	509.483858173835	509.483858173835	94.4369815342586	0.0321401062087744	0.001
Residuals	481	2594.97637260583	5.3949612736088	NA	0.163700605793	NA
Total	499	15851.9656053515	NA	NA	1	NA
