	Df	SumsOfSqs	MeanSqs	F.Model	R2	Pr(>F)
IncomeGroup	4	3423.3011207968	855.825280199199	164.529388656718	0.246167953891849	0.001
Ethnicity	9	5626.07013725572	625.118904139524	120.176902360134	0.404568025210097	0.001
EducationLevel	4	1767.02010706464	441.75502676616	84.9258442949375	0.127065574687339	0.001
GeoRegion	1	587.975895400054	587.975895400054	113.03629006208	0.0422810667250532	0.001
Residuals	481	2501.99653166344	5.20165599098428	NA	0.179917379485662	NA
Total	499	13906.3637921806	NA	NA	1	NA
