	Df	SumsOfSqs	MeanSqs	F.Model	R2	Pr(>F)
IncomeGroup	4	4093.09486244226	1023.27371561057	194.855930873478	0.266814257267941	0.001
Ethnicity	9	6490.2166357859	721.135181753988	137.321485915862	0.423074077044966	0.001
EducationLevel	4	1707.9280594902	426.98201487255	81.307646922779	0.11133373937687	0.001
GeoRegion	1	523.434315428485	523.434315428485	99.6744851626346	0.0341208163487989	0.001
Residuals	481	2525.94137115728	5.25143736207335	NA	0.164657109961424	NA
Total	499	15340.6152443041	NA	NA	1	NA
