	Df	SumsOfSqs	MeanSqs	F.Model	R2	Pr(>F)
IncomeGroup	4	4397.83901501399	1099.4597537535	214.681182886058	0.303840386357508	0.001
Ethnicity	9	5449.97048148864	605.55227572096	118.240507128437	0.376530639498011	0.001
EducationLevel	4	1622.74578411367	405.686446028418	79.2145831776833	0.112113177476904	0.001
GeoRegion	1	540.2455648122	540.2455648122	105.488678877856	0.0373247907847638	0.001
Residuals	481	2463.37445343831	5.12136061005885	NA	0.170191005882813	NA
Total	499	14474.1752988668	NA	NA	1	NA
