	Df	SumsOfSqs	MeanSqs	F.Model	R2	Pr(>F)
IncomeGroup	4	4163.73855122576	1040.93463780644	192.492980187382	0.287073229310044	0.001
Ethnicity	9	5381.03731555042	597.893035061158	110.564302476023	0.371001142412784	0.001
EducationLevel	4	1790.49729572372	447.624323930931	82.7761292480393	0.123447674350973	0.001
GeoRegion	1	567.746299232445	567.746299232445	104.989471154415	0.0391438515037173	0.001
Residuals	481	2601.07958377237	5.40764986231261	NA	0.179334102422482	NA
Total	499	14504.0990455047	NA	NA	1	NA
