	Df	SumsOfSqs	MeanSqs	F.Model	R2	Pr(>F)
IncomeGroup	4	4332.0163383443	1083.00408458608	189.789558618735	0.280597261140222	0.001
Ethnicity	9	5525.21162985434	613.912403317149	107.584233258603	0.357883980453726	0.001
EducationLevel	4	2200.72665456529	550.181663641323	96.4158275935928	0.1425474475531	0.001
GeoRegion	1	635.850307624993	635.850307624993	111.428711072551	0.0411858683993173	0.001
Residuals	481	2744.75038815165	5.70634176330905	NA	0.177785442453635	NA
Total	499	15438.5553185406	NA	NA	1	NA
