	Df	SumsOfSqs	MeanSqs	F.Model	R2	Pr(>F)
IncomeGroup	4	3698.38911689011	924.597279222527	172.55248782691	0.253272687821848	0.001
Ethnicity	9	5861.39931981559	651.266591090622	121.542289877528	0.401399721123763	0.001
EducationLevel	4	1903.3164980592	475.8291245148	88.8013636429582	0.130342716789215	0.001
GeoRegion	1	561.926966302932	561.926966302932	104.869328724536	0.0384818223872546	0.001
Residuals	481	2577.36817884742	5.35835380217759	NA	0.17650305187792	NA
Total	499	14602.4000799153	NA	NA	1	NA
