	Df	SumsOfSqs	MeanSqs	F.Model	R2	Pr(>F)
IncomeGroup	4	3719.797030591	929.94925764775	202.731960205513	0.271482968315088	0.001
Ethnicity	9	5654.52713137067	628.280792374518	136.967254449711	0.412685906628301	0.001
EducationLevel	4	1539.04094266611	384.760235666528	83.8789817232767	0.112324247811732	0.001
GeoRegion	1	582.015177192261	582.015177192261	126.881199991494	0.042477373525803	0.001
Residuals	481	2206.38912816275	4.58708758453795	NA	0.161029503719077	NA
Total	499	13701.7694099828	NA	NA	1	NA
