	Df	SumsOfSqs	MeanSqs	F.Model	R2	Pr(>F)
IncomeGroup	4	3524.21200558271	881.053001395678	171.421742851929	0.248533847224413	0.001
Ethnicity	9	5767.22474143772	640.802749048635	124.677543680363	0.40671518924706	0.001
EducationLevel	4	1856.59199981973	464.147999954933	90.3067794644276	0.130930248154855	0.001
GeoRegion	1	559.79315409357	559.79315409357	108.915942581532	0.0394776324512745	0.001
Residuals	481	2472.18635524772	5.13968057224058	NA	0.174343082922397	NA
Total	499	14180.0082561814	NA	NA	1	NA
