	Df	SumsOfSqs	MeanSqs	F.Model	R2	Pr(>F)
IncomeGroup	4	5037.54598589166	1259.38649647292	250.664219300141	0.319693705467795	0.001
Ethnicity	9	6026.42594728869	669.602883032077	133.275594415561	0.382450194442239	0.001
EducationLevel	4	1645.00533124059	411.251332810146	81.854136568642	0.104395642507568	0.001
GeoRegion	1	631.797565304882	631.797565304882	125.750946120521	0.0400952577551701	0.001
Residuals	481	2416.63890640148	5.02419731060599	NA	0.153365199827229	NA
Total	499	15757.4137361273	NA	NA	1	NA
