	Df	SumsOfSqs	MeanSqs	F.Model	R2	Pr(>F)
IncomeGroup	4	3722.11709310039	930.529273275098	179.566810335963	0.266440856662921	0.001
Ethnicity	9	5256.18966611966	584.021074013295	112.700163704089	0.376254599840431	0.001
EducationLevel	4	1987.46800534604	496.867001336509	95.8818009853353	0.142269215258206	0.001
GeoRegion	1	511.414092375748	511.414092375748	98.6889934215163	0.0366086303772307	0.001
Residuals	481	2492.57966774544	5.18207831132107	NA	0.178426697861211	NA
Total	499	13969.7685246873	NA	NA	1	NA
