	Df	SumsOfSqs	MeanSqs	F.Model	R2	Pr(>F)
IncomeGroup	4	4328.16328614799	1082.040821537	200.151996902699	0.287897243364922	0.001
Ethnicity	9	5481.34513478635	609.038348309594	112.65771048391	0.36460365515488	0.001
EducationLevel	4	2003.53168769953	500.882921924882	92.6515109617755	0.133269290400621	0.001
GeoRegion	1	620.336606288472	620.336606288472	114.747621373577	0.0412630455695555	0.001
Residuals	481	2600.33196377407	5.40609555878184	NA	0.172966765510022	NA
Total	499	15033.7086786964	NA	NA	1	NA
