	Df	SumsOfSqs	MeanSqs	F.Model	R2	Pr(>F)
IncomeGroup	4	3622.75942379629	905.689855949073	169.041749328256	0.245360488805328	0.001
Ethnicity	9	5993.57051727251	665.952279696946	124.296123656089	0.405929629814104	0.001
EducationLevel	4	1991.60810833604	497.90202708401	92.9305204198933	0.134886665606383	0.001
GeoRegion	1	580.01404222559	580.01404222559	108.256250954719	0.0392829090387944	0.001
Residuals	481	2577.096027713	5.35778799940332	NA	0.17454030673539	NA
Total	499	14765.0481193434	NA	NA	1	NA
