	Df	SumsOfSqs	MeanSqs	F.Model	R2	Pr(>F)
IncomeGroup	4	4545.50194334373	1136.37548583593	202.13631362349	0.289243539717505	0.001
Ethnicity	9	5907.5785987422	656.397622082466	116.758762620942	0.375916448030954	0.001
EducationLevel	4	1982.0947347205	495.523683680125	88.142811932054	0.126126466179498	0.001
GeoRegion	1	575.863009951918	575.863009951918	102.433418737628	0.0366438420810227	0.001
Residuals	481	2704.09902549822	5.6218274958383	NA	0.17206970399102	NA
Total	499	15715.1373122566	NA	NA	1	NA
