	Df	SumsOfSqs	MeanSqs	F.Model	R2	Pr(>F)
IncomeGroup	4	3928.29381765871	982.073454414679	186.710544453418	0.270002855841856	0.001
Ethnicity	9	5814.59836656394	646.066485173771	122.829330797659	0.399653955996947	0.001
EducationLevel	4	1668.17074865889	417.042687164723	79.2876203208757	0.114658140932593	0.001
GeoRegion	1	608.021392944216	608.021392944216	115.596246701934	0.0417910472403835	0.001
Residuals	481	2529.99814743357	5.2598714083858	NA	0.17389399998822	NA
Total	499	14549.0824732593	NA	NA	1	NA
