	Df	SumsOfSqs	MeanSqs	F.Model	R2	Pr(>F)
IncomeGroup	4	4850.52804135029	1212.63201033757	237.736009681973	0.316822638319176	0.001
Ethnicity	9	5746.23549923082	638.470611025647	125.171902168568	0.37532769128427	0.001
EducationLevel	4	1741.2808846756	435.320221168901	85.3443513220127	0.113735494204894	0.001
GeoRegion	1	518.410900483479	518.410900483479	101.634245019041	0.0338611194130677	0.001
Residuals	481	2453.46086927529	5.10075024797358	NA	0.160253056778591	NA
Total	499	15309.9161950155	NA	NA	1	NA
