	Df	SumsOfSqs	MeanSqs	F.Model	R2	Pr(>F)
IncomeGroup	4	3869.80358856488	967.45089714122	195.85102118617	0.256750257772842	0.001
Ethnicity	9	6139.16357389994	682.129285988882	138.090437082322	0.407315718752796	0.001
EducationLevel	4	2097.64234838002	524.410587095006	106.161821035971	0.139172493212125	0.001
GeoRegion	1	589.629131025747	589.629131025747	119.364680702394	0.0391201847630153	0.001
Residuals	481	2376.00947243765	4.93972863292651	NA	0.157641345499221	NA
Total	499	15072.2481143082	NA	NA	1	NA
