	Df	SumsOfSqs	MeanSqs	F.Model	R2	Pr(>F)
IncomeGroup	4	4694.45091997334	1173.61272999334	236.202256841263	0.321405148838227	0.001
Ethnicity	9	5273.51528028977	585.946142254419	117.927999288753	0.361050736807325	0.001
EducationLevel	4	1597.71528966352	399.42882241588	80.3893711195642	0.109387429803682	0.001
GeoRegion	1	650.407617265779	650.407617265779	130.901568412434	0.0445300974696337	0.001
Residuals	481	2389.93365548647	4.96867703843341	NA	0.163626587081132	NA
Total	499	14606.0227626789	NA	NA	1	NA
