	Df	SumsOfSqs	MeanSqs	F.Model	R2	Pr(>F)
IncomeGroup	4	4701.15246659072	1175.28811664768	212.198511272946	0.319149112393594	0.001
Ethnicity	9	5039.71170061169	559.967966734633	101.102331605764	0.342133025337989	0.001
EducationLevel	4	1846.34874545288	461.58718636322	83.339661468138	0.125343852910102	0.001
GeoRegion	1	478.977746551956	478.977746551956	86.4795306882731	0.0325165634926108	0.001
Residuals	481	2664.07893588086	5.53862564632196	NA	0.180857445865703	NA
Total	499	14730.2695950881	NA	NA	1	NA
