	Df	SumsOfSqs	MeanSqs	F.Model	R2	Pr(>F)
IncomeGroup	4	3128.34423698578	782.086059246446	150.100801057637	0.226458188009236	0.001
Ethnicity	9	5897.07884282633	655.230982536259	125.754313344029	0.426884539592987	0.001
EducationLevel	4	1738.07908129638	434.519770324096	83.39461473571	0.125818071653898	0.001
GeoRegion	1	544.517176592268	544.517176592268	104.50571702415	0.0394171369292153	0.001
Residuals	481	2506.2051091459	5.21040563231995	NA	0.181422063814663	NA
Total	499	13814.2244468467	NA	NA	1	NA
