	Df	SumsOfSqs	MeanSqs	F.Model	R2	Pr(>F)
IncomeGroup	4	4503.61058758853	1125.90264689713	208.822079671022	0.294860185504595	0.001
Ethnicity	9	5698.2562426147	633.139582512744	117.428913331645	0.373075970951065	0.001
EducationLevel	4	1944.65273135313	486.163182838283	90.1690809410174	0.127320214294067	0.001
GeoRegion	1	533.795984496712	533.795984496712	99.0035754066647	0.0349486661755509	0.001
Residuals	481	2593.39996043854	5.39168390943564	NA	0.169794963074721	NA
Total	499	15273.7155064916	NA	NA	1	NA
