	Df	SumsOfSqs	MeanSqs	F.Model	R2	Pr(>F)
IncomeGroup	4	4268.20645069056	1067.05161267264	197.245269411001	0.277258559070025	0.001
Ethnicity	9	6396.18196013508	710.686884459454	131.370989301035	0.415489788112246	0.001
EducationLevel	4	1499.115744178	374.778936044499	69.278159867553	0.0973811074772947	0.001
GeoRegion	1	628.714387548012	628.714387548012	116.218313417727	0.0408406779690688	0.001
Residuals	481	2602.09954453242	5.40977036285327	NA	0.169029867371365	NA
Total	499	15394.3180870841	NA	NA	1	NA
