	Df	SumsOfSqs	MeanSqs	F.Model	R2	Pr(>F)
IncomeGroup	4	3613.18492242042	903.296230605106	174.585037485272	0.248662016184532	0.001
Ethnicity	9	6222.71447393355	691.41271932595	133.633144290277	0.428251739241853	0.001
EducationLevel	4	1772.88661928406	443.221654821014	85.6638903157778	0.12201134751842	0.001
GeoRegion	1	433.044607736734	433.044607736734	83.696916374673	0.0298024450919942	0.001
Residuals	481	2488.67539383327	5.17396131774068	NA	0.171272451963201	NA
Total	499	14530.506017208	NA	NA	1	NA
