	Df	SumsOfSqs	MeanSqs	F.Model	R2	Pr(>F)
IncomeGroup	4	4290.94670638835	1072.73667659709	208.133973168347	0.293808428352751	0.001
Ethnicity	9	5830.1117432704	647.790193696711	125.685221485375	0.399197679584549	0.001
EducationLevel	4	1406.4737870777	351.618446769426	68.2215365261451	0.0963036553880804	0.001
GeoRegion	1	597.934222014075	597.934222014075	116.012091351154	0.0409415744471334	0.001
Residuals	481	2479.10676757152	5.15406812384931	NA	0.169748662227486	NA
Total	499	14604.5732263221	NA	NA	1	NA
