	Df	SumsOfSqs	MeanSqs	F.Model	R2	Pr(>F)
IncomeGroup	4	3854.41292316759	963.603230791899	170.829209638571	0.258440915029524	0.001
Ethnicity	9	5876.92050509601	652.99116723289	115.763377949335	0.394051375181825	0.001
EducationLevel	4	1871.82402053598	467.956005133995	82.9600316272989	0.125507028511104	0.001
GeoRegion	1	597.743584913922	597.743584913922	105.968993164805	0.0400790994938933	0.001
Residuals	481	2713.19615065557	5.64074043795337	NA	0.181921581783654	NA
Total	499	14914.0971843691	NA	NA	1	NA
