	Df	SumsOfSqs	MeanSqs	F.Model	R2	Pr(>F)
IncomeGroup	4	4334.7591047798	1083.68977619495	212.10231112671	0.286770680271711	0.001
Ethnicity	9	6038.85995582353	670.984439535948	131.326652222686	0.399507316493676	0.001
EducationLevel	4	1754.15427174886	438.538567937215	85.8317996726657	0.116047974443669	0.001
GeoRegion	1	530.43182697834	530.43182697834	103.81736440506	0.0350912916227837	0.001
Residuals	481	2457.56295431582	5.10927849130109	NA	0.16258273716816	NA
Total	499	15115.7681136464	NA	NA	1	NA
