	Df	SumsOfSqs	MeanSqs	F.Model	R2	Pr(>F)
IncomeGroup	4	4022.61097631888	1005.65274407972	183.998084216058	0.271338448471034	0.001
Ethnicity	9	5823.49146743674	647.054607492971	118.387593394208	0.392813808931776	0.001
EducationLevel	4	1738.60806326906	434.652015817265	79.525600344491	0.117274878720278	0.001
GeoRegion	1	611.422774207902	611.422774207902	111.868256475819	0.0412424934675752	0.001
Residuals	481	2628.93481724703	5.46556095061752	NA	0.177330370409337	NA
Total	499	14825.0680984796	NA	NA	1	NA
