	Df	SumsOfSqs	MeanSqs	F.Model	R2	Pr(>F)
IncomeGroup	4	3665.87887213695	916.469718034237	167.541570958839	0.254812743972813	0.001
Ethnicity	9	5991.53916253935	665.726573615484	121.702740175444	0.416467807005651	0.001
EducationLevel	4	1594.63522123249	398.658805308124	72.879573873058	0.110842008296112	0.001
GeoRegion	1	503.387171200124	503.387171200124	92.0251654842391	0.0349900994681376	0.001
Residuals	481	2631.11973853205	5.47010340651153	NA	0.182887341257285	NA
Total	499	14386.560165641	NA	NA	1	NA
