	Df	SumsOfSqs	MeanSqs	F.Model	R2	Pr(>F)
IncomeGroup	4	3670.46194749419	917.615486873547	186.311125952258	0.249579195289796	0.001
Ethnicity	9	6270.65077546591	696.738975051767	141.464725469052	0.426383380858247	0.001
EducationLevel	4	1785.56547135832	446.391367839579	90.6345626760563	0.121412508794183	0.001
GeoRegion	1	610.913334851402	610.913334851402	124.038829884198	0.0415400733436592	0.001
Residuals	481	2369.01069074789	4.92517815124302	NA	0.161084841714115	NA
Total	499	14706.6022199177	NA	NA	1	NA
