	Df	SumsOfSqs	MeanSqs	F.Model	R2	Pr(>F)
IncomeGroup	4	3639.76466256114	909.941165640284	176.586107716231	0.255515937428015	0.001
Ethnicity	9	5570.76039882638	618.973377647376	120.119963428413	0.391074203267689	0.001
EducationLevel	4	2074.79099938591	518.697749846478	100.660152749662	0.145652869436416	0.001
GeoRegion	1	480.875840604194	480.875840604194	93.3203114591633	0.0337580730046448	0.001
Residuals	481	2478.57380364439	5.15296009073678	NA	0.173998916863235	NA
Total	499	14244.765705022	NA	NA	1	NA
