	Df	SumsOfSqs	MeanSqs	F.Model	R2	Pr(>F)
IncomeGroup	4	3331.5131368234	832.878284205851	158.968416751276	0.236227251482904	0.001
Ethnicity	9	5583.8192322579	620.424359139766	118.418116976618	0.39593128282585	0.001
EducationLevel	4	2112.03967129639	528.009917824097	100.779312244288	0.149758174764072	0.001
GeoRegion	1	555.540497367321	555.540497367321	106.03397276939	0.0393916515981861	0.001
Residuals	481	2520.08834767362	5.23926891408237	NA	0.178691639328988	NA
Total	499	14103.0008854186	NA	NA	1	NA
