	Df	SumsOfSqs	MeanSqs	F.Model	R2	Pr(>F)
IncomeGroup	4	3936.22934703463	984.057336758657	184.250871947352	0.26808807807738	0.001
Ethnicity	9	5783.98370610313	642.664856233682	120.32993983969	0.393934636092339	0.001
EducationLevel	4	1915.51051293752	478.877628234381	89.6630889912302	0.130461283293186	0.001
GeoRegion	1	477.9223053568	477.9223053568	89.4842182419248	0.0325502558457217	0.001
Residuals	481	2568.9516363112	5.34085579274677	NA	0.174965746691373	NA
Total	499	14682.5975077433	NA	NA	1	NA
