	Df	SumsOfSqs	MeanSqs	F.Model	R2	Pr(>F)
IncomeGroup	4	3840.88174609949	960.220436524872	185.046812125884	0.25971202864897	0.001
Ethnicity	9	6102.97569040274	678.108410044749	130.680200901226	0.412669876899874	0.001
EducationLevel	4	1727.15852265025	431.789630662562	83.2114081557047	0.116786684248059	0.001
GeoRegion	1	622.044609948365	622.044609948365	119.87598648454	0.0420612969206636	0.001
Residuals	481	2495.94156560916	5.18906770396914	NA	0.168770113282433	NA
Total	499	14789.00213471	NA	NA	1	NA
