	Df	SumsOfSqs	MeanSqs	F.Model	R2	Pr(>F)
IncomeGroup	4	4024.76604568932	1006.19151142233	196.729021749729	0.260429083121751	0.001
Ethnicity	9	6285.31826553519	698.368696170577	136.543976826102	0.406701819295778	0.001
EducationLevel	4	2192.31200753662	548.078001884155	107.159370685606	0.141857141398583	0.001
GeoRegion	1	491.842772316	491.842772316	96.1643448130704	0.0318254926572702	0.001
Residuals	481	2460.12567281425	5.11460638838721	NA	0.159186463526618	NA
Total	499	15454.3647638914	NA	NA	1	NA
