	Df	SumsOfSqs	MeanSqs	F.Model	R2	Pr(>F)
IncomeGroup	4	4076.48498824008	1019.12124706002	197.565643063405	0.270857143591415	0.001
Ethnicity	9	6352.1228923843	705.791432487144	136.823894733059	0.422059167968538	0.001
EducationLevel	4	1522.85784994579	380.714462486447	73.8048567053805	0.101184458797714	0.001
GeoRegion	1	617.660929775342	617.660929775342	119.73901941328	0.0410397378205956	0.001
Residuals	481	2481.18707400229	5.15839308524384	NA	0.164859491821737	NA
Total	499	15050.3137343478	NA	NA	1	NA
