	Df	SumsOfSqs	MeanSqs	F.Model	R2	Pr(>F)
IncomeGroup	4	4631.0511129166	1157.76277822915	228.279911738579	0.317998852532734	0.001
Ethnicity	9	5009.30421856106	556.589357617896	109.744562375711	0.343972233225163	0.001
EducationLevel	4	1831.22100247159	457.805250617897	90.2669736579034	0.125743845904794	0.001
GeoRegion	1	652.051706299364	652.051706299364	128.56718903218	0.0447742184958568	0.001
Residuals	481	2439.47832328738	5.07168050579497	NA	0.167510849841453	NA
Total	499	14563.106363536	NA	NA	1	NA
