	Df	SumsOfSqs	MeanSqs	F.Model	R2	Pr(>F)
IncomeGroup	4	4910.93806909439	1227.7345172736	224.502603648183	0.314383555942606	0.001
Ethnicity	9	5786.47404624069	642.94156069341	117.567806670317	0.37043274857714	0.001
EducationLevel	4	1750.47755270981	437.619388177453	80.0227497642872	0.112060333458879	0.001
GeoRegion	1	542.520827110664	542.520827110664	99.2049474101147	0.0347305594980607	0.001
Residuals	481	2630.43854820514	5.4686872104057	NA	0.168392802523314	NA
Total	499	15620.8490433607	NA	NA	1	NA
