	Df	SumsOfSqs	MeanSqs	F.Model	R2	Pr(>F)
IncomeGroup	4	3985.33415344589	996.333538361472	207.771252640405	0.264288806380913	0.001
Ethnicity	9	6244.37489317987	693.819432575541	144.686219084372	0.414097870736011	0.001
EducationLevel	4	2063.07163529248	515.767908823119	107.556094783415	0.136813305729539	0.001
GeoRegion	1	480.12769636236	480.12769636236	100.1238330937	0.0318398334735142	0.001
Residuals	481	2306.55793745102	4.79533874729942	NA	0.152960183680023	NA
Total	499	15079.4663157316	NA	NA	1	NA
