	Df	SumsOfSqs	MeanSqs	F.Model	R2	Pr(>F)
IncomeGroup	4	4003.600804575	1000.90020114375	175.602028227382	0.253489925504695	0.001
Ethnicity	9	6639.59941829191	737.733268699101	129.430944390202	0.420389455412375	0.001
EducationLevel	4	1864.62671776834	466.156679442084	81.7844359389984	0.118059744428324	0.001
GeoRegion	1	544.483693665914	544.483693665914	95.5264479267891	0.0344742489781133	0.001
Residuals	481	2741.6141009872	5.69982141577381	NA	0.173586625676493	NA
Total	499	15793.9247352884	NA	NA	1	NA
