	Df	SumsOfSqs	MeanSqs	F.Model	R2	Pr(>F)
IncomeGroup	4	4100.7780028949	1025.19450072373	202.941121032372	0.285215973508305	0.001
Ethnicity	9	5507.40542450756	611.933936056396	121.134632397432	0.383049264931423	0.001
EducationLevel	4	1686.0865867585	421.521646689626	83.4418010028491	0.117270144085375	0.001
GeoRegion	1	653.669001540169	653.669001540169	129.39624613966	0.045463773092537	0.001
Residuals	481	2429.86020940257	5.05168442703236	NA	0.16900084438236	NA
Total	499	14377.7992251037	NA	NA	1	NA
