	Df	SumsOfSqs	MeanSqs	F.Model	R2	Pr(>F)
IncomeGroup	4	3860.62061567812	965.15515391953	182.321367987589	0.273010711289467	0.001
Ethnicity	9	5143.36966799754	571.485518666393	107.955722067294	0.363722611277107	0.001
EducationLevel	4	2053.51470459909	513.378676149773	96.9791252226868	0.145217975542386	0.001
GeoRegion	1	537.136549243289	537.136549243289	101.467075067118	0.0379845744937882	0.001
Residuals	481	2546.27109350615	5.29370289710218	NA	0.180064127397252	NA
Total	499	14140.9126310242	NA	NA	1	NA
