	Df	SumsOfSqs	MeanSqs	F.Model	R2	Pr(>F)
IncomeGroup	4	4337.62989844268	1084.40747461067	211.626995485293	0.291659497483749	0.001
Ethnicity	9	5766.34682510488	640.705202789431	125.036501714269	0.387725522163823	0.001
EducationLevel	4	1761.69253237035	440.423133092586	85.9505551011317	0.118455094312329	0.001
GeoRegion	1	541.856351999011	541.856351999011	105.745703937851	0.0364340792166589	0.001
Residuals	481	2464.71389007637	5.12414530161408	NA	0.16572580682344	NA
Total	499	14872.2394979933	NA	NA	1	NA
