	Df	SumsOfSqs	MeanSqs	F.Model	R2	Pr(>F)
IncomeGroup	4	3525.35139165915	881.337847914788	163.833232379939	0.236024658798396	0.001
Ethnicity	9	6310.69797339072	701.18866371008	130.34502666099	0.42250549533114	0.001
EducationLevel	4	1882.22298244476	470.555745611191	87.472322901861	0.126016101051687	0.001
GeoRegion	1	630.566013360918	630.566013360918	117.216874825327	0.0422168208552202	0.001
Residuals	481	2587.53061688919	5.37948153199416	NA	0.173236923963556	NA
Total	499	14936.3689777447	NA	NA	1	NA
