	Df	SumsOfSqs	MeanSqs	F.Model	R2	Pr(>F)
IncomeGroup	4	3961.20884235049	990.302210587623	176.626255522556	0.257401151336517	0.001
Ethnicity	9	6379.83297258666	708.870330287406	126.431215391722	0.414564446822765	0.001
EducationLevel	4	1801.71582402733	450.428956006833	80.3366679664517	0.117076313303055	0.001
GeoRegion	1	549.630477348073	549.630477348073	98.0298459370908	0.0357152382794049	0.001
Residuals	481	2696.85479026541	5.6067667157285	NA	0.175242850258258	NA
Total	499	15389.242906578	NA	NA	1	NA
