	Df	SumsOfSqs	MeanSqs	F.Model	R2	Pr(>F)
IncomeGroup	4	4494.18054258557	1123.54513564639	214.84108351247	0.29390858806374	0.001
Ethnicity	9	5987.61540114429	665.290600127144	127.214963464504	0.39157563247483	0.001
EducationLevel	4	1762.51381916733	440.628454791832	84.2557113644038	0.115264160646353	0.001
GeoRegion	1	531.308066405238	531.308066405238	101.595207031666	0.0347462684563625	0.001
Residuals	481	2515.46492603007	5.22965681087333	NA	0.164505350358715	NA
Total	499	15291.0827553325	NA	NA	1	NA
