	Df	SumsOfSqs	MeanSqs	F.Model	R2	Pr(>F)
IncomeGroup	4	4299.20784859054	1074.80196214764	207.327566187123	0.277320565797485	0.001
Ethnicity	9	6140.15383282052	682.239314757835	131.602864218146	0.396070856532239	0.001
EducationLevel	4	1776.92789358729	444.231973396822	85.6916316777385	0.114620801362863	0.001
GeoRegion	1	792.834702073476	792.834702073476	152.936536179311	0.0511418326134148	0.001
Residuals	481	2493.54079296149	5.18407649264342	NA	0.160845943693998	NA
Total	499	15502.6650700333	NA	NA	1	NA
