	Df	SumsOfSqs	MeanSqs	F.Model	R2	Pr(>F)
IncomeGroup	4	4405.95988197733	1101.48997049433	204.89739987048	0.283383802704158	0.001
Ethnicity	9	5879.92293967825	653.324771075361	121.530427375786	0.378186585190975	0.001
EducationLevel	4	2117.47189703805	529.367974259512	98.4721825944535	0.136192170236587	0.001
GeoRegion	1	558.556724358034	558.556724358034	103.901827131273	0.0359254130347464	0.001
Residuals	481	2585.76573515663	5.37581233920298	NA	0.166312028833533	NA
Total	499	15547.6771782083	NA	NA	1	NA
