	Df	SumsOfSqs	MeanSqs	F.Model	R2	Pr(>F)
IncomeGroup	4	4248.24229384801	1062.060573462	202.815349840905	0.281444570149178	0.001
Ethnicity	9	6090.85690442966	676.761878269962	129.237164555399	0.403517145382643	0.001
EducationLevel	4	1643.97288655968	410.993221639919	78.484915184664	0.108912630304708	0.001
GeoRegion	1	592.54783528299	592.54783528299	113.155312901454	0.0392560874024418	0.001
Residuals	481	2518.79917489456	5.23658872119451	NA	0.16686956676103	NA
Total	499	15094.4190950149	NA	NA	1	NA
