	Df	SumsOfSqs	MeanSqs	F.Model	R2	Pr(>F)
IncomeGroup	4	3248.8814719059	812.220367976475	164.125669956631	0.233151877575264	0.001
Ethnicity	9	5715.26090092958	635.028988992176	128.32054251469	0.410148483841895	0.001
EducationLevel	4	2167.24632376823	541.811580942058	109.484066416508	0.15552969658146	0.001
GeoRegion	1	422.866650655353	422.866650655353	85.4488203909909	0.0303464913745903	0.001
Residuals	481	2380.35888657709	4.94877107396484	NA	0.170823450626791	NA
Total	499	13934.6142338362	NA	NA	1	NA
