	Df	SumsOfSqs	MeanSqs	F.Model	R2	Pr(>F)
IncomeGroup	4	3692.40037434454	923.100093586136	177.755611165098	0.257337983853496	0.001
Ethnicity	9	5677.51063690038	630.834515211153	121.475856816099	0.395688168259944	0.001
EducationLevel	4	1942.45816460642	485.614541151604	93.5117547412612	0.135377591030689	0.001
GeoRegion	1	538.203493741303	538.203493741303	103.638480405212	0.0375095298290561	0.001
Residuals	481	2497.87414363273	5.19308553769798	NA	0.174086727026814	NA
Total	499	14348.4468132254	NA	NA	1	NA
