	Df	SumsOfSqs	MeanSqs	F.Model	R2	Pr(>F)
IncomeGroup	4	3726.24810543191	931.562026357978	180.921238942639	0.250046441791678	0.001
Ethnicity	9	6205.52888525094	689.503209472327	133.91032629396	0.416416291478428	0.001
EducationLevel	4	1874.38757377179	468.596893442948	91.0074993694422	0.125779049086118	0.001
GeoRegion	1	619.394323011775	619.394323011775	120.294285450258	0.0415638846778045	0.001
Residuals	481	2476.66519031661	5.14899207966031	NA	0.166194332965973	NA
Total	499	14902.224077783	NA	NA	1	NA
