	Df	SumsOfSqs	MeanSqs	F.Model	R2	Pr(>F)
IncomeGroup	4	4566.53106874757	1141.63276718689	212.412477776828	0.313368468975868	0.001
Ethnicity	9	4956.10094869631	550.677883188479	102.45926447363	0.340101872296856	0.001
EducationLevel	4	1906.79395424154	476.698488560384	88.6946398333394	0.130849674095613	0.001
GeoRegion	1	557.791173571017	557.791173571017	103.782765058694	0.0382772313247706	0.001
Residuals	481	2585.18410389166	5.37460312659388	NA	0.177402753306892	NA
Total	499	14572.4012491481	NA	NA	1	NA
