	Df	SumsOfSqs	MeanSqs	F.Model	R2	Pr(>F)
IncomeGroup	4	4513.31568587505	1128.32892146876	235.589795143645	0.300056538599719	0.001
Ethnicity	9	5778.65188616345	642.072431795939	134.061717107528	0.384179260529339	0.001
EducationLevel	4	1822.69881820761	455.674704551902	95.1427445090935	0.121177585696653	0.001
GeoRegion	1	623.192957271622	623.192957271622	130.119771234321	0.0414314297189232	0.001
Residuals	481	2303.69151132188	4.78937944141762	NA	0.153155185455365	NA
Total	499	15041.5508588396	NA	NA	1	NA
