	Df	SumsOfSqs	MeanSqs	F.Model	R2	Pr(>F)
IncomeGroup	4	3930.9925517255	982.748137931374	193.867229841889	0.285200544902884	0.001
Ethnicity	9	5448.45623423525	605.384026026138	119.424417697969	0.39529525086516	0.001
EducationLevel	4	1527.65014043661	381.912535109153	75.3400819251157	0.110833751715517	0.001
GeoRegion	1	437.882371674661	437.882371674661	86.38128032667	0.0317691497406076	0.001
Residuals	481	2438.27620960236	5.06918130894462	NA	0.176901302775832	NA
Total	499	13783.2575076744	NA	NA	1	NA
