	Df	SumsOfSqs	MeanSqs	F.Model	R2	Pr(>F)
IncomeGroup	4	2856.95478931616	714.238697329039	127.717482931093	0.201102103936093	0.001
Ethnicity	9	6337.48598871207	704.165109856897	125.916161830963	0.446097981935713	0.001
EducationLevel	4	1779.47688357863	444.869220894658	79.5498442448675	0.125258035769954	0.001
GeoRegion	1	542.658965035786	542.658965035786	97.0362392342259	0.0381979651888718	0.001
Residuals	481	2689.91218375813	5.59233302236617	NA	0.189343913169369	NA
Total	499	14206.4888104008	NA	NA	1	NA
