	Df	SumsOfSqs	MeanSqs	F.Model	R2	Pr(>F)
IncomeGroup	4	4563.35348255383	1140.83837063846	229.903645365445	0.313875852527136	0.001
Ethnicity	9	5209.10461946434	578.789402162704	116.63860269849	0.358291804390835	0.001
EducationLevel	4	1851.51089564446	462.877723911114	93.279888566572	0.127350327572795	0.001
GeoRegion	1	527.911939480124	527.911939480124	106.385691822847	0.0363107549518268	0.001
Residuals	481	2386.84017125888	4.96224567829289	NA	0.164171260557407	NA
Total	499	14538.7211084016	NA	NA	1	NA
