	Df	SumsOfSqs	MeanSqs	F.Model	R2	Pr(>F)
IncomeGroup	4	3638.00993706218	909.502484265545	192.63039474804	0.254666039563012	0.001
Ethnicity	9	6408.51156225253	712.056840250281	150.811891768738	0.448605222989178	0.001
EducationLevel	4	1465.06745530182	366.266863825455	77.5744231405802	0.102556873947318	0.001
GeoRegion	1	502.788862089326	502.788862089326	106.489447422892	0.035195958906061	0.001
Residuals	481	2271.03669441127	4.72149000917103	NA	0.158975904594432	NA
Total	499	14285.4145111171	NA	NA	1	NA
