	Df	SumsOfSqs	MeanSqs	F.Model	R2	Pr(>F)
IncomeGroup	4	4283.24857075961	1070.8121426899	201.481433247928	0.279292465990479	0.001
Ethnicity	9	6070.82110061436	674.53567784604	126.919008228542	0.395852486206964	0.001
EducationLevel	4	1819.92638974202	454.981597435506	85.6082413507746	0.118669678146196	0.001
GeoRegion	1	605.705324033661	605.705324033661	113.968054663294	0.0394954742453628	0.001
Residuals	481	2556.36776218506	5.31469389227663	NA	0.166689895410998	NA
Total	499	15336.0691473347	NA	NA	1	NA
