	Df	SumsOfSqs	MeanSqs	F.Model	R2	Pr(>F)
IncomeGroup	4	3768.56983345249	942.142458363123	192.082517538987	0.266466147618738	0.001
Ethnicity	9	5681.40006180259	631.266673533622	128.701653146456	0.40171758902036	0.001
EducationLevel	4	1729.531952416	432.382988103999	88.1535612356785	0.122290878744735	0.001
GeoRegion	1	604.02045181762	604.02045181762	123.146736462489	0.0427087754749973	0.001
Residuals	481	2359.24918248055	4.90488395526102	NA	0.16681660914117	NA
Total	499	14142.7714819693	NA	NA	1	NA
