	Df	SumsOfSqs	MeanSqs	F.Model	R2	Pr(>F)
IncomeGroup	4	5045.7282912058	1261.43207280145	240.09329251194	0.317097585662415	0.001
Ethnicity	9	6082.03006365472	675.781118183858	128.624059258165	0.382223722286531	0.001
EducationLevel	4	1571.49061862347	392.872654655869	74.7769865917155	0.0987599514474757	0.001
GeoRegion	1	685.838768227683	685.838768227683	130.538371067751	0.0431013730837875	0.001
Residuals	481	2527.13776661346	5.25392467071406	NA	0.158817367519791	NA
Total	499	15912.2255083251	NA	NA	1	NA
