	Df	SumsOfSqs	MeanSqs	F.Model	R2	Pr(>F)
IncomeGroup	4	3899.1492930293	974.787323257324	176.152933216538	0.250267685009332	0.001
Ethnicity	9	6437.87434210232	715.319371344702	129.264714920504	0.41321626511181	0.001
EducationLevel	4	1942.7731388196	485.693284704901	87.7691930363341	0.124697286359341	0.001
GeoRegion	1	638.381799294009	638.381799294009	115.361396044751	0.0409746647421338	0.001
Residuals	481	2661.73655996068	5.5337558419141	NA	0.170844098777384	NA
Total	499	15579.9151332059	NA	NA	1	NA
