	Df	SumsOfSqs	MeanSqs	F.Model	R2	Pr(>F)
IncomeGroup	4	3836.94513470475	959.236283676188	178.126477597174	0.259540583111293	0.001
Ethnicity	9	5916.80615936966	657.422906596629	122.080897727264	0.400227594309205	0.001
EducationLevel	4	1961.16360709623	490.290901774057	91.0451291482175	0.132658020454485	0.001
GeoRegion	1	478.435783872792	478.435783872792	88.8436794854101	0.0323625952335146	0.001
Residuals	481	2590.25305317982	5.38514148270233	NA	0.175211206891502	NA
Total	499	14783.6037382233	NA	NA	1	NA
