	Df	SumsOfSqs	MeanSqs	F.Model	R2	Pr(>F)
IncomeGroup	4	4364.06425845166	1091.01606461292	211.856684403039	0.284180884549516	0.001
Ethnicity	9	6137.43411722283	681.93712413587	132.420541527065	0.399659893393864	0.001
EducationLevel	4	1771.55705416708	442.88926354177	86.0015301103317	0.115360961907961	0.001
GeoRegion	1	606.541222961303	606.541222961303	117.779945335578	0.0394969943265783	0.001
Residuals	481	2477.0458791872	5.14978353261373	NA	0.161301265822081	NA
Total	499	15356.6425319901	NA	NA	1	NA
