	Df	SumsOfSqs	MeanSqs	F.Model	R2	Pr(>F)
IncomeGroup	4	4510.75731434149	1127.68932858537	229.304107380862	0.307901394142865	0.001
Ethnicity	9	5610.2026209377	623.355846770856	126.753044833492	0.382948823896737	0.001
EducationLevel	4	1630.70372344554	407.675930861385	82.8967367671199	0.111310787722159	0.001
GeoRegion	1	532.843783856631	532.843783856631	108.348341279383	0.0363715741009152	0.001
Residuals	481	2365.49869622979	4.91787670733843	NA	0.161467420137323	NA
Total	499	14650.0061388111	NA	NA	1	NA
