	Df	SumsOfSqs	MeanSqs	F.Model	R2	Pr(>F)
IncomeGroup	4	3733.53399188751	933.383497971877	175.194877613909	0.256705478258816	0.001
Ethnicity	9	5860.09555799852	651.121728666502	122.214707902326	0.402920834824877	0.001
EducationLevel	4	1779.95113739383	444.987784348458	83.5236326633252	0.122383567149741	0.001
GeoRegion	1	607.83886429723	607.83886429723	114.090570136413	0.0417929947076312	0.001
Residuals	481	2562.61751849775	5.32768714864398	NA	0.176197125058934	NA
Total	499	14544.0370700748	NA	NA	1	NA
