	Df	SumsOfSqs	MeanSqs	F.Model	R2	Pr(>F)
IncomeGroup	4	4979.77534185193	1244.94383546298	253.765231717552	0.33223952961549	0.001
Ethnicity	9	5506.23728953837	611.804143282041	124.708132016243	0.3673638992612	0.001
EducationLevel	4	1540.78867006729	385.197167516822	78.5173159522487	0.102797991443055	0.001
GeoRegion	1	601.97600075522	601.97600075522	122.704795966353	0.0401624992296038	0.001
Residuals	481	2359.73218555091	4.90588811964847	NA	0.157436080450651	NA
Total	499	14988.5094877637	NA	NA	1	NA
