	Df	SumsOfSqs	MeanSqs	F.Model	R2	Pr(>F)
IncomeGroup	4	4672.43261857819	1168.10815464455	223.637688881936	0.303954467549411	0.001
Ethnicity	9	5788.86324751905	643.207027502117	123.143848051437	0.37658132064223	0.001
EducationLevel	4	1844.25143408406	461.062858521015	88.2718194363732	0.119973578740412	0.001
GeoRegion	1	554.231920250846	554.231920250846	106.109306108914	0.0360542959033609	0.001
Residuals	481	2512.36732588776	5.22321689373755	NA	0.163436337164586	NA
Total	499	15372.1465463199	NA	NA	1	NA
