	Df	SumsOfSqs	MeanSqs	F.Model	R2	Pr(>F)
IncomeGroup	4	4647.58503530276	1161.89625882569	242.298376601884	0.307616605272336	0.001
Ethnicity	9	6128.96235706241	680.995817451379	142.012834440064	0.405666723642563	0.001
EducationLevel	4	1425.79754846083	356.449387115208	74.3328908951314	0.0943713774641174	0.001
GeoRegion	1	599.478614444004	599.478614444004	125.013480320639	0.0396785803611693	0.001
Residuals	481	2306.544964655	4.79531177682953	NA	0.152666713259815	NA
Total	499	15108.368519925	NA	NA	1	NA
