	Df	SumsOfSqs	MeanSqs	F.Model	R2	Pr(>F)
IncomeGroup	4	4259.46585560224	1064.86646390056	196.674640819447	0.28827472447305	0.001
Ethnicity	9	5515.29029522382	612.810032802647	113.182447919845	0.373267175778251	0.001
EducationLevel	4	1857.42180800955	464.355452002388	85.7637505087681	0.125707724415714	0.001
GeoRegion	1	539.234322701181	539.234322701181	99.5934423047773	0.0364946289212868	0.001
Residuals	481	2604.30509496333	5.41435570678447	NA	0.176255746411698	NA
Total	499	14775.7173765001	NA	NA	1	NA
