	Df	SumsOfSqs	MeanSqs	F.Model	R2	Pr(>F)
IncomeGroup	4	3195.05706603851	798.764266509626	155.534331825022	0.22339621188384	0.001
Ethnicity	9	6261.37895109807	695.70877234423	135.467500973971	0.437791347676562	0.001
EducationLevel	4	1821.77665546675	455.444163866688	88.6834910882401	0.127377381786263	0.001
GeoRegion	1	553.756017752386	553.756017752386	107.826646516822	0.0387182432478884	0.001
Residuals	481	2470.23025516557	5.13561383610305	NA	0.172716815405446	NA
Total	499	14302.1989455213	NA	NA	1	NA
