	Df	SumsOfSqs	MeanSqs	F.Model	R2	Pr(>F)
IncomeGroup	4	4032.22900892574	1008.05725223144	195.90948992865	0.273646823752094	0.001
Ethnicity	9	6118.16407778431	679.796008642702	132.114013379617	0.415208601340299	0.001
EducationLevel	4	1614.4388091085	403.609702277124	78.4389683505915	0.109563730451995	0.001
GeoRegion	1	495.327756873892	495.327756873892	96.2637865873791	0.0336153693365997	0.001
Residuals	481	2474.99770684877	5.14552537806396	NA	0.167965475119013	NA
Total	499	14735.1573595412	NA	NA	1	NA
