	Df	SumsOfSqs	MeanSqs	F.Model	R2	Pr(>F)
IncomeGroup	4	3819.95672891577	954.989182228944	190.599340179816	0.261648194452526	0.001
Ethnicity	9	5722.53940565993	635.837711739993	126.902221066241	0.391965723548742	0.001
EducationLevel	4	2059.68693179498	514.921732948745	102.769480922507	0.141078395669309	0.001
GeoRegion	1	587.380068661858	587.380068661858	117.230912773717	0.040232637521629	0.001
Residuals	481	2410.02826252579	5.01045376824488	NA	0.165075048807794	NA
Total	499	14599.5913975583	NA	NA	1	NA
