	Df	SumsOfSqs	MeanSqs	F.Model	R2	Pr(>F)
IncomeGroup	4	3750.17308883488	937.54327220872	190.658134182524	0.266065820253061	0.001
Ethnicity	9	5530.42785506845	614.491983896495	124.962653557116	0.392370642301826	0.001
EducationLevel	4	1860.38365277903	465.095913194758	94.5815746901215	0.131989775094841	0.001
GeoRegion	1	588.650936021379	588.650936021379	119.707636408325	0.0417633774295788	0.001
Residuals	481	2365.27182994812	4.9174050518672	NA	0.167810384920693	NA
Total	499	14094.9073626519	NA	NA	1	NA
