	Df	SumsOfSqs	MeanSqs	F.Model	R2	Pr(>F)
IncomeGroup	4	3543.24019206874	885.810048017185	172.452861991262	0.253711721440908	0.001
Ethnicity	9	5627.41602976234	625.268447751372	121.729634439037	0.402947960279703	0.001
EducationLevel	4	1764.43613806916	441.10903451729	85.8767809452905	0.126341457450195	0.001
GeoRegion	1	559.849501073506	559.849501073506	108.99362562055	0.0400877086975753	0.001
Residuals	481	2470.67301856582	5.13653434213268	NA	0.176911152131618	NA
Total	499	13965.6148795396	NA	NA	1	NA
