	Df	SumsOfSqs	MeanSqs	F.Model	R2	Pr(>F)
IncomeGroup	4	3175.46463574645	793.866158936613	157.602022268412	0.224915337989368	0.001
Ethnicity	9	6035.05840694647	670.562045216275	133.123112999411	0.427457823369797	0.001
EducationLevel	4	1927.81666125239	481.954165313099	95.6797946845012	0.136545540789873	0.001
GeoRegion	1	557.276291456863	557.276291456863	110.633095399215	0.0394713844504895	0.001
Residuals	481	2422.87260628029	5.03715718561391	NA	0.171609913400473	NA
Total	499	14118.4886016825	NA	NA	1	NA
