	Df	SumsOfSqs	MeanSqs	F.Model	R2	Pr(>F)
IncomeGroup	4	3455.75596841293	863.938992103233	164.394218648992	0.239847994652048	0.001
Ethnicity	9	6408.24861516129	712.02762390681	135.487836477546	0.444766816183515	0.001
EducationLevel	4	1639.35066292677	409.837665731693	77.9857645582895	0.113779726528279	0.001
GeoRegion	1	376.959803100441	376.959803100441	71.7296161641123	0.0261630316678854	0.001
Residuals	481	2527.79360866047	5.25528816769329	NA	0.175442430968272	NA
Total	499	14408.1086582619	NA	NA	1	NA
