	Df	SumsOfSqs	MeanSqs	F.Model	R2	Pr(>F)
IncomeGroup	4	4535.02742949466	1133.75685737367	225.227342933415	0.302343238680905	0.001
Ethnicity	9	5781.30236457675	642.366929397416	127.609897797331	0.385430453922189	0.001
EducationLevel	4	1648.72861144944	412.18215286236	81.8823634803096	0.109918177087418	0.001
GeoRegion	1	613.267160027181	613.267160027181	121.829060669328	0.0408855695410688	0.001
Residuals	481	2421.27372855414	5.03383311549718	NA	0.161422560768419	NA
Total	499	14999.5992941022	NA	NA	1	NA
