	Df	SumsOfSqs	MeanSqs	F.Model	R2	Pr(>F)
IncomeGroup	4	4096.09218115153	1024.02304528788	209.246860446198	0.285880092656063	0.001
Ethnicity	9	5709.19428152155	634.354920169061	129.622840096005	0.398463930500217	0.001
EducationLevel	4	1524.24974473444	381.062436183611	77.8655507532883	0.106382532175621	0.001
GeoRegion	1	644.529002219111	644.529002219111	131.701792065583	0.0449838535670159	0.001
Residuals	481	2353.94253339403	4.89385142077761	NA	0.164289591101084	NA
Total	499	14328.0077430207	NA	NA	1	NA
