	Df	SumsOfSqs	MeanSqs	F.Model	R2	Pr(>F)
IncomeGroup	4	4438.60311059987	1109.65077764997	209.827680528624	0.294497794798747	0.001
Ethnicity	9	5966.18671999418	662.909635554909	125.351862072447	0.395851755296588	0.001
EducationLevel	4	1620.16650376083	405.041625940207	76.5907135833915	0.107496762083753	0.001
GeoRegion	1	503.097963494807	503.097963494807	95.1325235695814	0.0333801507197469	0.001
Residuals	481	2543.71598020321	5.28839081123328	NA	0.168773537101166	NA
Total	499	15071.7702780529	NA	NA	1	NA
