	Df	SumsOfSqs	MeanSqs	F.Model	R2	Pr(>F)
IncomeGroup	4	3750.76444431422	937.691111078556	180.436941016261	0.262268891723478	0.001
Ethnicity	9	5589.79455263378	621.088283625976	119.514058173814	0.390861448125207	0.001
EducationLevel	4	1903.35241761986	475.838104404966	91.5640246168606	0.133090237080893	0.001
GeoRegion	1	557.654764329463	557.654764329463	107.307746260935	0.0389935169687113	0.001
Residuals	481	2499.65124596154	5.19678013713417	NA	0.174785906101711	NA
Total	499	14301.2174248589	NA	NA	1	NA
