	Df	SumsOfSqs	MeanSqs	F.Model	R2	Pr(>F)
IncomeGroup	4	3757.20243791927	939.300609479818	180.844435566112	0.25386487065817	0.001
Ethnicity	9	6436.78302466534	715.198113851704	137.697769928082	0.434917499658686	0.001
EducationLevel	4	1536.24363226054	384.060908065136	73.9436102149577	0.10380018043937	0.001
GeoRegion	1	571.480503594712	571.480503594712	110.027682369819	0.0386135233663592	0.001
Residuals	481	2498.29966703413	5.19397020173415	NA	0.168803925877415	NA
Total	499	14800.009265474	NA	NA	1	NA
