	Df	SumsOfSqs	MeanSqs	F.Model	R2	Pr(>F)
IncomeGroup	4	4946.23829623034	1236.55957405758	237.936826958009	0.332922380590894	0.001
Ethnicity	9	5268.14636064076	585.349595626751	112.632038412487	0.354589431937086	0.001
EducationLevel	4	1594.43134520604	398.607836301509	76.699486025541	0.107318298744177	0.001
GeoRegion	1	548.454690822846	548.454690822846	105.532779497566	0.0369154962578619	0.001
Residuals	481	2499.76080931207	5.19700791956771	NA	0.168254392469982	NA
Total	499	14857.031502212	NA	NA	1	NA
