	Df	SumsOfSqs	MeanSqs	F.Model	R2	Pr(>F)
IncomeGroup	4	4274.56635669845	1068.64158917461	212.783785768304	0.280912026962666	0.001
Ethnicity	9	6431.9701657786	714.663351753178	142.301006320893	0.422690309579799	0.001
EducationLevel	4	1605.11511142679	401.278777856698	79.901080367624	0.105483481091065	0.001
GeoRegion	1	489.416585388031	489.416585388031	97.4507401841772	0.0321630297808001	0.001
Residuals	481	2415.67562367131	5.0221946438073	NA	0.15875115258567	NA
Total	499	15216.7438429632	NA	NA	1	NA
