	Df	SumsOfSqs	MeanSqs	F.Model	R2	Pr(>F)
IncomeGroup	4	4004.92736909358	1001.2318422734	207.168107477566	0.268599897371634	0.001
Ethnicity	9	6221.66870618221	691.296522909134	143.038391619392	0.417270882078211	0.001
EducationLevel	4	1839.33568654149	459.833921635372	95.1457187806608	0.123359384854173	0.001
GeoRegion	1	519.805315059863	519.805315059863	107.554593083274	0.0348619691222786	0.001
Residuals	481	2324.64601814087	4.83294390465878	NA	0.155907866573703	NA
Total	499	14910.383095018	NA	NA	1	NA
