	Df	SumsOfSqs	MeanSqs	F.Model	R2	Pr(>F)
IncomeGroup	4	3398.68571420679	849.671428551698	164.653582207322	0.231193671833441	0.001
Ethnicity	9	6340.78937334846	704.532152594274	136.527766859969	0.431328607825989	0.001
EducationLevel	4	1873.25575704583	468.313939261458	90.7522191589492	0.127427162489378	0.001
GeoRegion	1	605.737057516621	605.737057516621	117.382758845781	0.0412049204512973	0.001
Residuals	481	2482.13219326602	5.16035799015805	NA	0.168845637399895	NA
Total	499	14700.6000953837	NA	NA	1	NA
