	Df	SumsOfSqs	MeanSqs	F.Model	R2	Pr(>F)
IncomeGroup	4	4367.6671037333	1091.91677593333	205.483902848308	0.284464913062204	0.001
Ethnicity	9	6207.4430053997	689.715889488856	129.795160173743	0.40428899294094	0.001
EducationLevel	4	1734.77784910137	433.694462275342	81.6154057857219	0.112985586654497	0.001
GeoRegion	1	488.110611782184	488.110611782184	91.8557858449855	0.0317905049646925	0.001
Residuals	481	2555.97621976087	5.31387987476273	NA	0.166470002377666	NA
Total	499	15353.9747897774	NA	NA	1	NA
