	Df	SumsOfSqs	MeanSqs	F.Model	R2	Pr(>F)
IncomeGroup	4	4973.28645854018	1243.32161463504	258.070104553466	0.326529559886375	0.001
Ethnicity	9	5651.94095324837	627.993439249819	130.349485296822	0.371087772110696	0.001
EducationLevel	4	1699.77468487159	424.943671217898	88.2034514398167	0.111601590695429	0.001
GeoRegion	1	588.39087695777	588.39087695777	122.129377747019	0.0386318012637813	0.001
Residuals	481	2317.34589201732	4.81776692727094	NA	0.152149276043718	NA
Total	499	15230.7388656352	NA	NA	1	NA
