	Df	SumsOfSqs	MeanSqs	F.Model	R2	Pr(>F)
IncomeGroup	4	3444.73264769782	861.183161924455	160.152465711691	0.236755615845264	0.001
Ethnicity	9	5891.32775457886	654.591972730985	121.733126125779	0.404909487420972	0.001
EducationLevel	4	1992.69650634088	498.174126585221	92.6444202045253	0.136957533951653	0.001
GeoRegion	1	634.515856127404	634.515856127404	117.99961191169	0.0436101165590968	0.001
Residuals	481	2586.46720826244	5.37727070324832	NA	0.177767246223014	NA
Total	499	14549.7399730074	NA	NA	1	NA
