	Df	SumsOfSqs	MeanSqs	F.Model	R2	Pr(>F)
IncomeGroup	4	4347.64966828217	1086.91241707054	220.447958125322	0.291503434370889	0.001
Ethnicity	9	5857.79772374208	650.866413749121	132.008954603775	0.392756612101978	0.001
EducationLevel	4	1705.12607806199	426.281519515498	86.4585674869995	0.114326163723957	0.001
GeoRegion	1	632.444075283664	632.444075283664	128.27252944677	0.0424044332131187	0.001
Residuals	481	2371.55688379623	4.93047169188405	NA	0.159009356590057	NA
Total	499	14914.5744291661	NA	NA	1	NA
