	Df	SumsOfSqs	MeanSqs	F.Model	R2	Pr(>F)
IncomeGroup	4	3770.24305018722	942.560762546806	183.380871191104	0.250946279181728	0.001
Ethnicity	9	6197.88819103334	688.654243448149	133.981829215707	0.412529632604708	0.001
EducationLevel	4	1993.50954793756	498.37738698439	96.9623211984756	0.132687414818877	0.001
GeoRegion	1	590.167791718415	590.167791718415	114.820697078273	0.0392813963060761	0.001
Residuals	481	2472.2956317104	5.13990775823367	NA	0.16455527708861	NA
Total	499	15024.1042125869	NA	NA	1	NA
