	Df	SumsOfSqs	MeanSqs	F.Model	R2	Pr(>F)
IncomeGroup	4	4405.16220696076	1101.29055174019	201.825782265952	0.308305081670593	0.001
Ethnicity	9	4888.47731527082	543.164146141202	99.5418770464742	0.342130965245257	0.001
EducationLevel	4	1786.01945175074	446.504862937686	81.8278092966056	0.124998546493293	0.001
GeoRegion	1	584.01914750309	584.01914750309	107.029086117968	0.0408738798956409	0.001
Residuals	481	2624.64363789262	5.45663957981834	NA	0.183691526695216	NA
Total	499	14288.321759378	NA	NA	1	NA
