	Df	SumsOfSqs	MeanSqs	F.Model	R2	Pr(>F)
IncomeGroup	4	5331.7456627701	1332.93641569252	263.80489670141	0.336824920026475	0.001
Ethnicity	9	5991.54574971622	665.727305524024	131.755814454082	0.378506786637423	0.001
EducationLevel	4	1547.41431205541	386.853578013852	76.5631931013704	0.0977555447825118	0.001
GeoRegion	1	528.355943225106	528.355943225106	104.568292518034	0.0333780828228495	0.001
Residuals	481	2430.36586494369	5.05273568595362	NA	0.153534665730741	NA
Total	499	15829.4275327105	NA	NA	1	NA
