	Df	SumsOfSqs	MeanSqs	F.Model	R2	Pr(>F)
IncomeGroup	4	4206.8034803374	1051.70087008435	207.02179144146	0.291751239554894	0.001
Ethnicity	9	5642.96771595765	626.996412884183	123.420950115067	0.391352444580286	0.001
EducationLevel	4	1617.93118326819	404.482795817048	79.6203135123199	0.112207149784699	0.001
GeoRegion	1	507.892706237459	507.892706237459	99.9760111417393	0.0352234962479835	0.001
Residuals	481	2443.55009677142	5.08014573133352	NA	0.169465669832137	NA
Total	499	14419.1451825721	NA	NA	1	NA
