	Df	SumsOfSqs	MeanSqs	F.Model	R2	Pr(>F)
IncomeGroup	4	4188.81565085056	1047.20391271264	196.642158213346	0.27160261719629	0.001
Ethnicity	9	6137.72119101852	681.96902122428	128.058975468119	0.397969564204446	0.001
EducationLevel	4	1906.39212846748	476.59803211687	89.4947626703647	0.123610379317847	0.001
GeoRegion	1	628.128953688263	628.128953688263	117.948979745118	0.0407278529251718	0.001
Residuals	481	2561.53149757585	5.3254293088895	NA	0.166089586356244	NA
Total	499	15422.5894216007	NA	NA	1	NA
