	Df	SumsOfSqs	MeanSqs	F.Model	R2	Pr(>F)
IncomeGroup	4	4506.48033071408	1126.62008267852	212.784905444767	0.286153888294386	0.001
Ethnicity	9	6341.86872707507	704.652080786119	133.087745094206	0.40269795097886	0.001
EducationLevel	4	1827.28036627914	456.820091569786	86.2796798001726	0.116029216471009	0.001
GeoRegion	1	526.097804384202	526.097804384202	99.3641718994064	0.0334063218520303	0.001
Residuals	481	2546.72322097129	5.29464287104218	NA	0.161712622403715	NA
Total	499	15748.4504494238	NA	NA	1	NA
