	Df	SumsOfSqs	MeanSqs	F.Model	R2	Pr(>F)
IncomeGroup	4	3933.81061359493	983.452653398733	182.087164550551	0.263477754960848	0.001
Ethnicity	9	5627.06229383633	625.229143759592	115.761751811955	0.376887930263107	0.001
EducationLevel	4	2156.25209825645	539.063024564112	99.8080154827001	0.144420898152757	0.001
GeoRegion	1	615.327294470279	615.327294470279	113.928415296296	0.0412132331823171	0.001
Residuals	481	2597.88067683082	5.4009993281306	NA	0.17400018344097	NA
Total	499	14930.3329769888	NA	NA	1	NA
