	Df	SumsOfSqs	MeanSqs	F.Model	R2	Pr(>F)
IncomeGroup	4	3450.73012684339	862.682531710848	162.409002214655	0.24824376863261	0.001
Ethnicity	9	5274.75081580621	586.083423978468	110.336329534949	0.379462888426886	0.001
EducationLevel	4	2078.09074360138	519.522685900346	97.8055749866901	0.149496790183373	0.001
GeoRegion	1	542.028253431765	542.028253431765	102.04248327299	0.038993236616953	0.001
Residuals	481	2554.97104282729	5.31179010982805	NA	0.183803316140179	NA
Total	499	13900.57098251	NA	NA	1	NA
