	Df	SumsOfSqs	MeanSqs	F.Model	R2	Pr(>F)
IncomeGroup	4	4277.02409535636	1069.25602383909	230.994976970652	0.297165829400745	0.001
Ethnicity	9	5826.46568787595	647.385076430661	139.856776569115	0.404820377442456	0.001
EducationLevel	4	1592.97686467991	398.244216169978	86.0340381460626	0.110679360381149	0.001
GeoRegion	1	469.743806591059	469.743806591059	101.480335267148	0.0326376014675841	0.001
Residuals	481	2226.50792762453	4.628914610446	NA	0.154696831308066	NA
Total	499	14392.7183821278	NA	NA	1	NA
