	Df	SumsOfSqs	MeanSqs	F.Model	R2	Pr(>F)
IncomeGroup	4	4065.78188323254	1016.44547080813	216.574503444039	0.280797658188291	0.001
Ethnicity	9	5732.63920212414	636.959911347127	135.717340945093	0.395916876365989	0.001
EducationLevel	4	1964.0833822569	491.020845564225	104.622037150891	0.135646729230293	0.001
GeoRegion	1	459.427296445116	459.427296445116	97.8903851252636	0.0317297171010558	0.001
Residuals	481	2257.46920197854	4.69328316419655	NA	0.155909019114371	NA
Total	499	14479.4009660372	NA	NA	1	NA
