	Df	SumsOfSqs	MeanSqs	F.Model	R2	Pr(>F)
IncomeGroup	4	5051.94772174178	1262.98693043544	245.596072143407	0.318446563120776	0.001
Ethnicity	9	6096.91592449873	677.435102722081	131.731688073167	0.384315521207245	0.001
EducationLevel	4	1783.1530997	445.788274925	86.6864467801088	0.11240001033143	0.001
GeoRegion	1	458.772836672511	458.772836672511	89.2113797678104	0.0289184768208885	0.001
Residuals	481	2473.56038000772	5.14253717257322	NA	0.15591942851966	NA
Total	499	15864.3499626207	NA	NA	1	NA
