	Df	SumsOfSqs	MeanSqs	F.Model	R2	Pr(>F)
IncomeGroup	4	3733.05653681473	933.264134203684	164.86964213392	0.252695432278221	0.001
Ethnicity	9	5970.16958539552	663.352176155058	117.187226941663	0.404128512193139	0.001
EducationLevel	4	1767.82484949831	441.956212374576	78.0756057182376	0.119666353865973	0.001
GeoRegion	1	579.139786570408	579.139786570408	102.310338368301	0.0392027222930293	0.001
Residuals	481	2722.75746305885	5.66061842631777	NA	0.184306979369638	NA
Total	499	14772.9482213378	NA	NA	1	NA
