	Df	SumsOfSqs	MeanSqs	F.Model	R2	Pr(>F)
IncomeGroup	4	3646.65920160954	911.664800402385	181.615322712247	0.245545529440916	0.001
Ethnicity	9	6551.96757698397	727.996397442663	145.026220817724	0.441172662051929	0.001
EducationLevel	4	1658.26663011919	414.566657529798	82.5869960755096	0.111658352243912	0.001
GeoRegion	1	579.858154088834	579.858154088834	115.515182483397	0.0390443881850904	0.001
Residuals	481	2414.50315119241	5.01975707108608	NA	0.162579068078153	NA
Total	499	14851.2547139939	NA	NA	1	NA
