	Df	SumsOfSqs	MeanSqs	F.Model	R2	Pr(>F)
IncomeGroup	4	3451.36703575877	862.841758939691	156.979527045764	0.241356251284094	0.001
Ethnicity	9	5785.29013670665	642.810015189628	116.948456793224	0.404568950656211	0.001
EducationLevel	4	1931.10076386528	482.77519096632	87.8328156491305	0.135043081883034	0.001
GeoRegion	1	488.300605777247	488.300605777247	88.8380718212667	0.0341471661776589	0.001
Residuals	481	2643.82810841951	5.49652413392829	NA	0.184884549999002	NA
Total	499	14299.8866505275	NA	NA	1	NA
