	Df	SumsOfSqs	MeanSqs	F.Model	R2	Pr(>F)
IncomeGroup	4	5159.68081568663	1289.92020392166	247.939984640605	0.336996627981526	0.001
Ethnicity	9	5394.08870728357	599.343189698174	115.201809225434	0.352306619405853	0.001
EducationLevel	4	1617.98158986705	404.495397466763	77.7494470822287	0.105675982565372	0.001
GeoRegion	1	636.601031041511	636.601031041511	122.363266641424	0.0415786186188735	0.001
Residuals	481	2502.42662144905	5.20255014854272	NA	0.163442151428374	NA
Total	499	15310.7787653278	NA	NA	1	NA
