	Df	SumsOfSqs	MeanSqs	F.Model	R2	Pr(>F)
IncomeGroup	4	3472.11222000176	868.02805500044	174.335935937682	0.241954257885642	0.001
Ethnicity	9	6217.16773079961	690.79641453329	138.740492057016	0.433243544315921	0.001
EducationLevel	4	1772.29753249049	443.074383122623	88.9876621230339	0.123502613698953	0.001
GeoRegion	1	493.781103652416	493.781103652416	99.1716688852203	0.0344091529657164	0.001
Residuals	481	2394.92501766508	4.9790540907798	NA	0.166890431133767	NA
Total	499	14350.2836046094	NA	NA	1	NA
