	Df	SumsOfSqs	MeanSqs	F.Model	R2	Pr(>F)
IncomeGroup	4	3470.16297517434	867.540743793586	173.647664742614	0.258815857204095	0.001
Ethnicity	9	5084.3710067375	564.930111859723	113.076873183221	0.379208656730684	0.001
EducationLevel	4	1818.89932848085	454.724832120211	91.0180942659442	0.135659331344538	0.001
GeoRegion	1	631.344272088243	631.344272088243	126.370385807302	0.0470876757490633	0.001
Residuals	481	2403.06771981777	4.99598278548394	NA	0.17922847897162	NA
Total	499	13407.8453022987	NA	NA	1	NA
