	Df	SumsOfSqs	MeanSqs	F.Model	R2	Pr(>F)
IncomeGroup	4	4160.85370452902	1040.21342613225	222.343341644288	0.287810923044023	0.001
Ethnicity	9	5981.70391248318	664.633768053687	142.064012294245	0.413761176595537	0.001
EducationLevel	4	1616.37645274115	404.094113185287	86.3742316790464	0.111806574295962	0.001
GeoRegion	1	447.650375310035	447.650375310035	95.6842873148018	0.0309644791353144	0.001
Residuals	481	2250.31545478019	4.67841050889853	NA	0.155656846929164	NA
Total	499	14456.8998998436	NA	NA	1	NA
