	Df	SumsOfSqs	MeanSqs	F.Model	R2	Pr(>F)
IncomeGroup	4	4508.67785533998	1127.169463835	211.474225924567	0.292305284401279	0.001
Ethnicity	9	6095.91482256112	677.323869173458	127.076314191792	0.395208567359563	0.001
EducationLevel	4	1582.94426959291	395.736067398228	74.2461370792809	0.102624980040815	0.001
GeoRegion	1	673.257425945318	673.257425945318	126.313387265959	0.0436484285815934	0.001
Residuals	481	2563.75692940483	5.33005598628864	NA	0.16621273961675	NA
Total	499	15424.5513028442	NA	NA	1	NA
