	Df	SumsOfSqs	MeanSqs	F.Model	R2	Pr(>F)
IncomeGroup	4	3863.52189609444	965.880474023611	177.070482893734	0.251149794935615	0.001
Ethnicity	9	6264.38547589286	696.042830654763	127.602372605524	0.40721889767431	0.001
EducationLevel	4	1994.42057764981	498.605144412451	91.4070178131117	0.129648111894608	0.001
GeoRegion	1	637.2598719821	637.2598719821	116.825959624805	0.0414253343124028	0.001
Residuals	481	2623.7490315321	5.45477969133493	NA	0.170557861183064	NA
Total	499	15383.3368531513	NA	NA	1	NA
