	Df	SumsOfSqs	MeanSqs	F.Model	R2	Pr(>F)
IncomeGroup	4	3985.56427785029	996.391069462573	195.891286554808	0.268363516464432	0.001
Ethnicity	9	6034.32289422507	670.480321580563	131.816971096439	0.406314388247559	0.001
EducationLevel	4	1851.17830368908	462.79457592227	90.9857862705438	0.124647022240127	0.001
GeoRegion	1	533.716518657036	533.716518657036	104.929097318859	0.0359372053131737	0.001
Residuals	481	2446.582044768	5.08644915752184	NA	0.164737867734709	NA
Total	499	14851.3640391895	NA	NA	1	NA
