	Df	SumsOfSqs	MeanSqs	F.Model	R2	Pr(>F)
IncomeGroup	4	4915.75401315434	1228.93850328859	218.797910246047	0.321402970087432	0.001
Ethnicity	9	5726.59646377132	636.288495974591	113.283612532521	0.374417659431914	0.001
EducationLevel	4	1388.26397687124	347.06599421781	61.7909798164177	0.0907677976232773	0.001
GeoRegion	1	562.392184400736	562.392184400736	100.127251572242	0.0367704563606446	0.001
Residuals	481	2701.66849133555	5.61677441026102	NA	0.176641116496733	NA
Total	499	15294.6751295332	NA	NA	1	NA
