	Df	SumsOfSqs	MeanSqs	F.Model	R2	Pr(>F)
IncomeGroup	4	3796.69179711886	949.172949279715	176.00258681829	0.256295440923541	0.001
Ethnicity	9	6323.00447530226	702.556052811363	130.273079077402	0.426834019339913	0.001
EducationLevel	4	1517.4342362738	379.35855906845	70.3434371769375	0.102434302661438	0.001
GeoRegion	1	582.592398713126	582.592398713126	108.028541386471	0.0393278632256096	0.001
Residuals	481	2594.00839985892	5.39294885625556	NA	0.175108373849498	NA
Total	499	14813.731307267	NA	NA	1	NA
