	Df	SumsOfSqs	MeanSqs	F.Model	R2	Pr(>F)
IncomeGroup	4	4468.56943542091	1117.14235885523	219.504309489612	0.287129972300039	0.001
Ethnicity	9	6624.2203599314	736.024484436822	144.619479284008	0.425642308113155	0.001
EducationLevel	4	1476.36311543117	369.090778857793	72.5216584170916	0.0948643870403731	0.001
GeoRegion	1	545.732446823768	545.732446823768	107.229506567883	0.0350662879036098	0.001
Residuals	481	2447.99510250524	5.08938690749531	NA	0.157297044642824	NA
Total	499	15562.8804601125	NA	NA	1	NA
