	Df	SumsOfSqs	MeanSqs	F.Model	R2	Pr(>F)
IncomeGroup	4	3932.26274594727	983.065686486818	190.009610720498	0.271941216580848	0.001
Ethnicity	9	5719.59618221331	635.51068691259	122.833234735832	0.395546799548251	0.001
EducationLevel	4	1819.27161714158	454.817904285394	87.9084420602848	0.125814313238956	0.001
GeoRegion	1	500.260293456322	500.260293456322	96.6916706840346	0.0345962112907672	0.001
Residuals	481	2488.58251646925	5.1737682255078	NA	0.172101459341179	NA
Total	499	14459.9733552277	NA	NA	1	NA
