	Df	SumsOfSqs	MeanSqs	F.Model	R2	Pr(>F)
IncomeGroup	4	4445.15785113859	1111.28946278465	208.033753367737	0.296085115575364	0.001
Ethnicity	9	5267.54701890109	585.283002100121	109.5651707199	0.350863190941691	0.001
EducationLevel	4	1975.4614231454	493.865355786349	92.4517572272138	0.131582441698186	0.001
GeoRegion	1	755.5018962621	755.5018962621	141.430203758087	0.0503228172684292	0.001
Residuals	481	2569.43992475364	5.34187094543376	NA	0.171146434516329	NA
Total	499	15013.1081142008	NA	NA	1	NA
