	Df	SumsOfSqs	MeanSqs	F.Model	R2	Pr(>F)
IncomeGroup	4	4889.1580100314	1222.28950250785	243.034189508553	0.319514908038416	0.001
Ethnicity	9	5860.02258132307	651.113620147007	129.464313180904	0.382962582173215	0.001
EducationLevel	4	1630.15679986846	407.539199967114	81.0331422741935	0.106533558320162	0.001
GeoRegion	1	503.388945541208	503.388945541208	100.091446532232	0.0328973357605027	0.001
Residuals	481	2419.08865536627	5.02929034379681	NA	0.158091615707704	NA
Total	499	15301.8149921304	NA	NA	1	NA
