	Df	SumsOfSqs	MeanSqs	F.Model	R2	Pr(>F)
IncomeGroup	4	4236.76248314256	1059.19062078564	195.512450759931	0.28210201117958	0.001
Ethnicity	9	5962.73444344592	662.526049271769	122.293465447551	0.397024705849966	0.001
EducationLevel	4	1580.39006338748	395.09751584687	72.929727752957	0.105229220921335	0.001
GeoRegion	1	632.838390065523	632.838390065523	116.813519822245	0.0421371231688006	0.001
Residuals	481	2605.82222061893	5.41750981417657	NA	0.173506938880318	NA
Total	499	15018.5476006604	NA	NA	1	NA
