	Df	SumsOfSqs	MeanSqs	F.Model	R2	Pr(>F)
IncomeGroup	4	3353.45994591241	838.364986478102	163.422505417329	0.229586901344132	0.001
Ethnicity	9	6620.17938659018	735.575487398909	143.385746080943	0.453235314041003	0.001
EducationLevel	4	1646.16983329574	411.542458323934	80.2219805331297	0.112701221188949	0.001
GeoRegion	1	519.133744709578	519.133744709578	101.194752375712	0.0355412945892871	0.001
Residuals	481	2467.55217383424	5.13004609944749	NA	0.168935268836629	NA
Total	499	14606.4950843421	NA	NA	1	NA
