	Df	SumsOfSqs	MeanSqs	F.Model	R2	Pr(>F)
IncomeGroup	4	5556.47582664735	1389.11895666184	253.74623455559	0.332504498471999	0.001
Ethnicity	9	5902.4687651752	655.829862797245	119.798493423354	0.353209026321888	0.001
EducationLevel	4	2011.46706032528	502.86676508132	91.8571786171357	0.120367993482292	0.001
GeoRegion	1	607.361317857818	607.361317857818	110.944888256002	0.0363450461562537	0.001
Residuals	481	2633.20643683469	5.47444165662097	NA	0.157573435567566	NA
Total	499	16710.9794068403	NA	NA	1	NA
