	Df	SumsOfSqs	MeanSqs	F.Model	R2	Pr(>F)
IncomeGroup	4	4705.70702990598	1176.42675747649	210.534178888002	0.303318261838573	0.001
Ethnicity	9	5832.01888563202	648.002098403558	115.96692172978	0.375917544410958	0.001
EducationLevel	4	1626.77463607832	406.693659019581	72.7821898103633	0.104857878291716	0.001
GeoRegion	1	661.84951634039	661.84951634039	118.44506560616	0.0426611864315485	0.001
Residuals	481	2687.74064778915	5.58781839457203	NA	0.173245129027205	NA
Total	499	15514.0907157459	NA	NA	1	NA
