	Df	SumsOfSqs	MeanSqs	F.Model	R2	Pr(>F)
IncomeGroup	4	3783.6125721719	945.903143042974	183.220444455671	0.262891249257899	0.001
Ethnicity	9	5858.69013421806	650.965570468674	126.091346692133	0.407070845394564	0.001
EducationLevel	4	1754.34667065149	438.586667662873	84.9537764754763	0.121894718098546	0.001
GeoRegion	1	512.426493591825	512.426493591825	99.2564731360555	0.0356041847529519	0.001
Residuals	481	2483.2349531482	5.16265063024573	NA	0.172539002496039	NA
Total	499	14392.3108237815	NA	NA	1	NA
