	Df	SumsOfSqs	MeanSqs	F.Model	R2	Pr(>F)
IncomeGroup	4	5089.47333387603	1272.36833346901	242.453255725386	0.331831199804982	0.001
Ethnicity	9	5003.13060320042	555.903400355603	105.928908901372	0.326201695525272	0.001
EducationLevel	4	2127.80685046748	531.95171261687	101.364849485856	0.138731977519991	0.001
GeoRegion	1	592.890580741159	592.890580741159	112.976916988881	0.0386561791081394	0.001
Residuals	481	2524.23571944847	5.24789130862467	NA	0.164578948041616	NA
Total	499	15337.5370877336	NA	NA	1	NA
