	Df	SumsOfSqs	MeanSqs	F.Model	R2	Pr(>F)
IncomeGroup	4	5274.06167059189	1318.51541764797	242.088962007798	0.341972394261031	0.001
Ethnicity	9	5046.16126898969	560.684585443299	102.945742982567	0.327195235619993	0.001
EducationLevel	4	1911.74707106318	477.936767765796	87.752645486831	0.123958490428426	0.001
GeoRegion	1	570.785261682549	570.785261682549	104.800300156194	0.0370099583087706	0.001
Residuals	481	2619.72256243656	5.44640865371426	NA	0.169863921381779	NA
Total	499	15422.4778347639	NA	NA	1	NA
