	Df	SumsOfSqs	MeanSqs	F.Model	R2	Pr(>F)
IncomeGroup	4	3476.96588435394	869.241471088486	167.780068814122	0.24258417677737	0.001
Ethnicity	9	5856.79296631203	650.75477403467	125.607997777571	0.408622157232436	0.001
EducationLevel	4	2054.24046183366	513.560115458414	99.1268299749929	0.143322151528466	0.001
GeoRegion	1	453.04563553711	453.04563553711	87.4463891042493	0.0316085075881528	0.001
Residuals	481	2491.98340749739	5.18083868502576	NA	0.173863006873576	NA
Total	499	14333.0283555341	NA	NA	1	NA
