	Df	SumsOfSqs	MeanSqs	F.Model	R2	Pr(>F)
IncomeGroup	4	5062.63919258855	1265.65979814714	230.280742059699	0.318122253879686	0.001
Ethnicity	9	5776.33128507102	641.814587230113	116.775092033782	0.36296869234779	0.001
EducationLevel	4	1881.3750795828	470.3437698957	85.5767975828103	0.118220409936805	0.001
GeoRegion	1	550.132400216635	550.132400216635	100.093956953069	0.0345687994801926	0.001
Residuals	481	2643.65294928114	5.49615997771547	NA	0.166119844355526	NA
Total	499	15914.1309067401	NA	NA	1	NA
