	Df	SumsOfSqs	MeanSqs	F.Model	R2	Pr(>F)
IncomeGroup	4	3397.88313475211	849.470783688026	160.446024777158	0.238806839113658	0.001
Ethnicity	9	5673.45966192387	630.38440688043	119.065510088946	0.398736776684854	0.001
EducationLevel	4	2042.83055126634	510.707637816584	96.4612460893027	0.143572302944526	0.001
GeoRegion	1	567.788064975293	567.788064975293	107.242461648519	0.0399047488409581	0.001
Residuals	481	2546.62243905036	5.29443334521904	NA	0.178979332416004	NA
Total	499	14228.583851968	NA	NA	1	NA
