	Df	SumsOfSqs	MeanSqs	F.Model	R2	Pr(>F)
IncomeGroup	4	4698.10019037913	1174.52504759478	219.605112118995	0.298308916434329	0.001
Ethnicity	9	6172.32532824761	685.813925360845	128.229060997937	0.391915797010945	0.001
EducationLevel	4	1806.48489390649	451.621223476622	84.4412212579038	0.114703929124326	0.001
GeoRegion	1	499.64397928896	499.64397928896	93.4202061642095	0.0317252182850102	0.001
Residuals	481	2572.55645117665	5.34835021034646	NA	0.163346139145389	NA
Total	499	15749.1108429988	NA	NA	1	NA
