	Df	SumsOfSqs	MeanSqs	F.Model	R2	Pr(>F)
IncomeGroup	4	4987.76549965597	1246.94137491399	239.413761699344	0.319080337608251	0.001
Ethnicity	9	5692.89671550472	632.544079500525	121.448979527458	0.364189416298228	0.001
EducationLevel	4	1870.66180440656	467.665451101639	89.7921483059192	0.11967110325096	0.001
GeoRegion	1	575.170104941284	575.170104941284	110.43312958518	0.036795128255227	0.001
Residuals	481	2505.19768402801	5.20831119340543	NA	0.160264014587334	NA
Total	499	15631.6918085365	NA	NA	1	NA
