	Df	SumsOfSqs	MeanSqs	F.Model	R2	Pr(>F)
IncomeGroup	4	4170.74823503542	1042.68705875885	204.845471271398	0.28587771880748	0.001
Ethnicity	9	5774.77577952782	641.641753280869	126.056429140571	0.395823395094497	0.001
EducationLevel	4	1689.42410748941	422.356026872352	82.9757295271	0.115799056363644	0.001
GeoRegion	1	505.979966339024	505.979966339024	99.4044222453271	0.0346816423307932	0.001
Residuals	481	2448.34543888224	5.09011525755143	NA	0.167818187403587	NA
Total	499	14589.2735272739	NA	NA	1	NA
