	Df	SumsOfSqs	MeanSqs	F.Model	R2	Pr(>F)
IncomeGroup	4	4326.35477032913	1081.58869258228	195.501172921104	0.290678957263449	0.001
Ethnicity	9	5334.01095994086	592.667884437873	107.126921125295	0.358381322424343	0.001
EducationLevel	4	1997.77142164549	499.442855411372	90.276150915437	0.134226189141315	0.001
GeoRegion	1	564.402081821796	564.402081821796	102.017772330658	0.0379210252812435	0.001
Residuals	481	2661.079487958	5.53238978785446	NA	0.178792505889649	NA
Total	499	14883.6187216953	NA	NA	1	NA
