	Df	SumsOfSqs	MeanSqs	F.Model	R2	Pr(>F)
IncomeGroup	4	4496.18044970144	1124.04511242536	210.010090607986	0.281113640352749	0.001
Ethnicity	9	6610.76869816117	734.529855351241	137.235311796107	0.4133235476333	0.001
EducationLevel	4	1714.51107145697	428.627767864241	80.0823342152519	0.107195975364904	0.001
GeoRegion	1	598.238819334911	598.238819334911	111.771482536544	0.0374035460064184	0.001
Residuals	481	2574.47486219045	5.35233859083253	NA	0.160963290642629	NA
Total	499	15994.1739008449	NA	NA	1	NA
