	Df	SumsOfSqs	MeanSqs	F.Model	R2	Pr(>F)
IncomeGroup	4	4357.11904777057	1089.27976194264	205.084485343094	0.307239138734249	0.001
Ethnicity	9	5288.60591733425	587.622879703806	110.634880101837	0.372922270273526	0.001
EducationLevel	4	1546.95532862886	386.738832157214	72.8133736862063	0.109082450494778	0.001
GeoRegion	1	434.073756791689	434.073756791689	81.7253713167349	0.0306084010378503	0.001
Residuals	481	2554.76938988283	5.31137087293728	NA	0.180147739459597	NA
Total	499	14181.5234404082	NA	NA	1	NA
