	Df	SumsOfSqs	MeanSqs	F.Model	R2	Pr(>F)
IncomeGroup	4	3996.83527958685	999.208819896712	194.027766217603	0.282349255959676	0.001
Ethnicity	9	5546.62472066402	616.291635629335	119.672371799234	0.391831349909651	0.001
EducationLevel	4	1705.61905718012	426.40476429503	82.7998735332025	0.120490397541535	0.001
GeoRegion	1	429.498704716594	429.498704716594	83.400659211684	0.0303411652543535	0.001
Residuals	481	2477.06527647853	5.14982385962273	NA	0.174987831334785	NA
Total	499	14155.6430386261	NA	NA	1	NA
