	Df	SumsOfSqs	MeanSqs	F.Model	R2	Pr(>F)
IncomeGroup	4	3770.0060184176	942.5015046044	175.028864701431	0.262427859017789	0.001
Ethnicity	9	5204.57992523103	578.286658359004	107.391719578257	0.362287688717969	0.001
EducationLevel	4	2062.34081220307	515.585203050769	95.7476378615553	0.143558307670455	0.001
GeoRegion	1	738.843511446088	738.843511446088	137.208206425843	0.0514304539331653	0.001
Residuals	481	2590.10549196009	5.38483470261972	NA	0.180295690660622	NA
Total	499	14365.8757592579	NA	NA	1	NA
