	Df	SumsOfSqs	MeanSqs	F.Model	R2	Pr(>F)
IncomeGroup	4	3004.54329560319	751.135823900799	143.964684791529	0.216968196739652	0.001
Ethnicity	9	5724.13224911175	636.01469434575	121.900263681685	0.413358880135468	0.001
EducationLevel	4	2136.91213253854	534.228033134634	102.391562151326	0.154313626522359	0.001
GeoRegion	1	472.64571533554	472.64571533554	90.5885317424756	0.0341313399288151	0.001
Residuals	481	2509.61777063219	5.21750056264489	NA	0.181227956673707	NA
Total	499	13847.8511632212	NA	NA	1	NA
