	Df	SumsOfSqs	MeanSqs	F.Model	R2	Pr(>F)
IncomeGroup	4	3696.6871062384	924.1717765596	171.684194418702	0.251152889472526	0.001
Ethnicity	9	6058.10609509371	673.122899454857	125.046626253724	0.411587674798405	0.001
EducationLevel	4	1771.32529544746	442.831323861864	82.2651600372569	0.12034382498769	0.001
GeoRegion	1	603.541884801749	603.541884801749	112.120500666957	0.041004630343166	0.001
Residuals	481	2589.21111538701	5.38297529186488	NA	0.175910980398213	NA
Total	499	14718.8714969683	NA	NA	1	NA
