	Df	SumsOfSqs	MeanSqs	F.Model	R2	Pr(>F)
IncomeGroup	4	4227.02931091306	1056.75732772827	185.841272698374	0.283192347569171	0.001
Ethnicity	9	5837.29417077515	648.588241197239	114.060684547521	0.391073001411618	0.001
EducationLevel	4	1630.16545944243	407.541364860608	71.6701970600416	0.109213906370089	0.001
GeoRegion	1	496.734083393876	496.734083393876	87.3556225524613	0.0332789959205527	0.001
Residuals	481	2735.13126151629	5.68634357903594	NA	0.183241748728569	NA
Total	499	14926.3542860408	NA	NA	1	NA
