	Df	SumsOfSqs	MeanSqs	F.Model	R2	Pr(>F)
IncomeGroup	4	3914.70133309184	978.67533327296	182.410049982921	0.258927851978635	0.001
Ethnicity	9	6237.72148218483	693.080164687204	129.179497208706	0.412578045474411	0.001
EducationLevel	4	1694.7202739343	423.680068483574	78.9674571754036	0.112092914094133	0.001
GeoRegion	1	691.060691563222	691.060691563222	128.803098436855	0.0457084321965404	0.001
Residuals	481	2580.68475584744	5.36524897265579	NA	0.170692756256281	NA
Total	499	15118.8885366216	NA	NA	1	NA
