	Df	SumsOfSqs	MeanSqs	F.Model	R2	Pr(>F)
IncomeGroup	4	3943.49728188087	985.874320470219	179.282757870355	0.26073007174246	0.001
Ethnicity	9	6183.10717936607	687.011908818453	124.934169746913	0.408805145086477	0.001
EducationLevel	4	1883.51878384769	470.879695961923	85.6301952128571	0.12453159024536	0.001
GeoRegion	1	469.689157398487	469.689157398487	85.4136939483734	0.0310541833686149	0.001
Residuals	481	2645.0148010836	5.49899127044407	NA	0.174879009557088	NA
Total	499	15124.8272035767	NA	NA	1	NA
