	Df	SumsOfSqs	MeanSqs	F.Model	R2	Pr(>F)
IncomeGroup	4	3902.75352263669	975.688380659173	204.842214170423	0.276233078631105	0.001
Ethnicity	9	5585.56182514505	620.617980571672	130.296479710448	0.395340605010024	0.001
EducationLevel	4	1862.06075426752	465.515188566881	97.7332146679647	0.131794839660275	0.001
GeoRegion	1	487.042379851649	487.042379851649	102.252769902048	0.0344723834671855	0.001
Residuals	481	2291.06150310703	4.76312162808115	NA	0.162159093231411	NA
Total	499	14128.4799850079	NA	NA	1	NA
