	Df	SumsOfSqs	MeanSqs	F.Model	R2	Pr(>F)
IncomeGroup	4	3818.58292507032	954.645731267579	178.075201166342	0.264370814216919	0.001
Ethnicity	9	5817.86676686606	646.429640762896	120.581996596676	0.402786636912857	0.001
EducationLevel	4	1534.08900118406	383.522250296016	71.5404674596386	0.106209126862626	0.001
GeoRegion	1	694.903135254366	694.903135254366	129.624018155127	0.04811002177351	0.001
Residuals	481	2578.59934304259	5.36091339509893	NA	0.178523400234087	NA
Total	499	14444.0411714174	NA	NA	1	NA
