	Df	SumsOfSqs	MeanSqs	F.Model	R2	Pr(>F)
IncomeGroup	4	3268.35506444293	817.088766110732	156.372052574137	0.229695721731093	0.001
Ethnicity	9	6110.73818589393	678.97090954377	129.939462108698	0.42945469211372	0.001
EducationLevel	4	1859.39704047634	464.849260119084	88.9614885887923	0.130675993512249	0.001
GeoRegion	1	477.210667125761	477.210667125761	91.327178421415	0.0335377419044007	0.001
Residuals	481	2513.36277825558	5.2252864412798	NA	0.176635850738537	NA
Total	499	14229.0637361945	NA	NA	1	NA
