	Df	SumsOfSqs	MeanSqs	F.Model	R2	Pr(>F)
IncomeGroup	4	4631.43354422667	1157.85838605667	208.718893105341	0.29885117269256	0.001
Ethnicity	9	5724.89972372433	636.099969302703	114.665215622236	0.369408948578145	0.001
EducationLevel	4	1895.63483569719	473.908708924298	85.4281511027719	0.122319080741461	0.001
GeoRegion	1	577.164846992871	577.164846992871	104.041400446159	0.0372425491402667	0.001
Residuals	481	2668.32520720668	5.54745365323634	NA	0.172178248847568	NA
Total	499	15497.4581578477	NA	NA	1	NA
