	Df	SumsOfSqs	MeanSqs	F.Model	R2	Pr(>F)
IncomeGroup	4	3893.79956811431	973.449892028577	203.509423620957	0.266230180052991	0.001
Ethnicity	9	6055.84018920054	672.871132133393	140.670431414078	0.414055062604	0.001
EducationLevel	4	1754.10483842009	438.526209605021	91.6782845118249	0.119933149818125	0.001
GeoRegion	1	621.168454329583	621.168454329583	129.86147016638	0.0424710585500143	0.001
Residuals	481	2300.77501933196	4.7833160485072	NA	0.15731054897487	NA
Total	499	14625.6880693965	NA	NA	1	NA
