	Df	SumsOfSqs	MeanSqs	F.Model	R2	Pr(>F)
IncomeGroup	4	3763.48272224668	940.870680561669	173.466306990003	0.260376235468906	0.001
Ethnicity	9	5564.81045353588	618.312272615098	113.996905964918	0.385000942989508	0.001
EducationLevel	4	1951.78841350257	487.947103375644	89.9617596527862	0.13503431715936	0.001
GeoRegion	1	565.021439468714	565.021439468714	104.171789492158	0.0390909607471936	0.001
Residuals	481	2608.91469474959	5.42393907432347	NA	0.180497543635032	NA
Total	499	14454.0177235034	NA	NA	1	NA
