	Df	SumsOfSqs	MeanSqs	F.Model	R2	Pr(>F)
IncomeGroup	4	3883.74107713067	970.935269282667	181.199716775861	0.270415755825481	0.001
Ethnicity	9	5274.73462945361	586.081625494846	109.376832737431	0.367267364964595	0.001
EducationLevel	4	2038.87108910448	509.717772276119	95.1255134034757	0.141961798081103	0.001
GeoRegion	1	587.38776554073	587.38776554073	109.620589673522	0.0408984284551452	0.001
Residuals	481	2577.37634933863	5.3583707886458	NA	0.179456652673676	NA
Total	499	14362.1109105681	NA	NA	1	NA
