	Df	SumsOfSqs	MeanSqs	F.Model	R2	Pr(>F)
IncomeGroup	4	4459.73564998007	1114.93391249502	206.760571753146	0.290968395523548	0.001
Ethnicity	9	5871.97029131768	652.441143479742	120.992914781171	0.383107410017515	0.001
EducationLevel	4	1727.27860952742	431.819652381855	80.0794353998231	0.112693559681858	0.001
GeoRegion	1	674.491920481358	674.491920481358	125.082153801852	0.0440061580548914	0.001
Residuals	481	2593.74022504823	5.39239132026658	NA	0.169224476722189	NA
Total	499	15327.2166963548	NA	NA	1	NA
