	Df	SumsOfSqs	MeanSqs	F.Model	R2	Pr(>F)
IncomeGroup	4	3796.32032275154	949.080080687885	177.229174424805	0.255720318989153	0.001
Ethnicity	9	5800.89194021209	644.543548912454	120.360677016627	0.390748359268452	0.001
EducationLevel	4	1922.51170815293	480.627927038232	89.7514260890954	0.129500480853239	0.001
GeoRegion	1	750.067711571706	750.067711571706	140.066032350197	0.0505245970201905	0.001
Residuals	481	2575.80344936132	5.35510072632291	NA	0.173506243868965	NA
Total	499	14845.5951320496	NA	NA	1	NA
