	Df	SumsOfSqs	MeanSqs	F.Model	R2	Pr(>F)
IncomeGroup	4	3606.67859740762	901.669649351906	177.594782734328	0.256319436360959	0.001
Ethnicity	9	5804.68136180157	644.96459575573	127.033606306813	0.412527097918115	0.001
EducationLevel	4	1619.43997588454	404.859993971136	79.7420903751229	0.11509036101456	0.001
GeoRegion	1	598.136821198836	598.136821198836	117.81030766929	0.0425083879075389	0.001
Residuals	481	2442.09370715053	5.07711789428384	NA	0.173554716798826	NA
Total	499	14071.0304634431	NA	NA	1	NA
