	Df	SumsOfSqs	MeanSqs	F.Model	R2	Pr(>F)
IncomeGroup	4	3783.5488586975	945.887214674376	186.982756344225	0.27048608897504	0.001
Ethnicity	9	5309.82672984854	589.980747760948	116.627251848779	0.379599767025682	0.001
EducationLevel	4	1941.88493419445	485.471233548613	95.967836298538	0.138825446877044	0.001
GeoRegion	1	519.472073954936	519.472073954936	102.689114225297	0.0371370834270644	0.001
Residuals	481	2433.22838508593	5.05868687128053	NA	0.173951613695169	NA
Total	499	13987.9609817814	NA	NA	1	NA
