	Df	SumsOfSqs	MeanSqs	F.Model	R2	Pr(>F)
IncomeGroup	4	4382.74691217494	1095.68672804373	219.350804648811	0.321262750455752	0.001
Ethnicity	9	4752.64412182197	528.07156909133	105.717191444998	0.348376840623039	0.001
EducationLevel	4	1483.0933182438	370.773329560949	74.2268990760895	0.108713244946445	0.001
GeoRegion	1	621.106531192749	621.106531192749	124.342308711732	0.0455281576909475	0.001
Residuals	481	2402.65959832162	4.99513430004495	NA	0.176119006283816	NA
Total	499	13642.2504817551	NA	NA	1	NA
