	Df	SumsOfSqs	MeanSqs	F.Model	R2	Pr(>F)
IncomeGroup	4	3860.89171343556	965.22292835889	186.025306201829	0.269267503806688	0.001
Ethnicity	9	5724.04413612991	636.004904014434	122.575835632407	0.399208056224791	0.001
EducationLevel	4	1669.21030911464	417.30257727866	80.4258140127926	0.116414581558865	0.001
GeoRegion	1	588.604701685697	588.604701685697	113.440498195672	0.0410506511229646	0.001
Residuals	481	2495.74769164423	5.188664639593	NA	0.174059207286691	NA
Total	499	14338.49855201	NA	NA	1	NA
