	Df	SumsOfSqs	MeanSqs	F.Model	R2	Pr(>F)
IncomeGroup	4	4077.61805056058	1019.40451264014	197.830448930709	0.284355587204457	0.001
Ethnicity	9	4960.26780048984	551.140866721093	106.956996693208	0.345907793621263	0.001
EducationLevel	4	2140.83190898384	535.207977245961	103.864984995649	0.149292431766984	0.001
GeoRegion	1	682.583201411373	682.583201411373	132.465316263948	0.047600423739184	0.001
Residuals	481	2478.5546068879	5.15292018064012	NA	0.172843763668112	NA
Total	499	14339.8555683335	NA	NA	1	NA
