	Df	SumsOfSqs	MeanSqs	F.Model	R2	Pr(>F)
IncomeGroup	4	4331.58593923568	1082.89648480892	204.849879787305	0.30369473486207	0.001
Ethnicity	9	4804.18685896103	533.798539884559	100.977857311344	0.336829575778302	0.001
EducationLevel	4	2009.53720809666	502.384302024166	95.0352737499548	0.140892014649966	0.001
GeoRegion	1	574.943338058891	574.943338058891	108.761156156729	0.040310239035294	0.001
Residuals	481	2542.70693121183	5.28629299628239	NA	0.178273435674367	NA
Total	499	14262.9602755641	NA	NA	1	NA
