	Df	SumsOfSqs	MeanSqs	F.Model	R2	Pr(>F)
IncomeGroup	4	4368.09282125416	1092.02320531354	194.183420202067	0.281674739010614	0.001
Ethnicity	9	6031.02988562212	670.114431735792	119.159658556761	0.388908578300328	0.001
EducationLevel	4	1756.72050888439	439.180127221098	78.0949514384047	0.113281427639748	0.001
GeoRegion	1	646.74959718981	646.74959718981	115.004926805166	0.0417053921352692	0.001
Residuals	481	2704.98460274942	5.62366861278465	NA	0.174429862914041	NA
Total	499	15507.5774156999	NA	NA	1	NA
