	Df	SumsOfSqs	MeanSqs	F.Model	R2	Pr(>F)
IncomeGroup	4	4407.74810235669	1101.93702558917	203.421509561723	0.28656859948342	0.001
Ethnicity	9	5707.00846726082	634.112051917869	117.05934897999	0.371039675073203	0.001
EducationLevel	4	2211.34676808597	552.836692021493	102.055627336774	0.143770136493	0.001
GeoRegion	1	449.440535791809	449.440535791809	82.968327704677	0.0292202598474431	0.001
Residuals	481	2605.58340389057	5.4170133137018	NA	0.169401329102935	NA
Total	499	15381.1272773859	NA	NA	1	NA
