	Df	SumsOfSqs	MeanSqs	F.Model	R2	Pr(>F)
IncomeGroup	4	3785.51088121491	946.377720303728	187.460565994931	0.278943818071015	0.001
Ethnicity	9	5093.14177643216	565.904641825796	112.095627548983	0.375299519054353	0.001
EducationLevel	4	1744.99131136965	436.247827842412	86.4129226279247	0.128583579381491	0.001
GeoRegion	1	518.943126213335	518.943126213335	102.793387959207	0.0382394824714382	0.001
Residuals	481	2428.28501583849	5.04840959633781	NA	0.178933601021702	NA
Total	499	13570.8721110685	NA	NA	1	NA
