	Df	SumsOfSqs	MeanSqs	F.Model	R2	Pr(>F)
IncomeGroup	4	4287.51325989852	1071.87831497463	209.3949025476	0.301204161353781	0.001
Ethnicity	9	5156.74671924725	572.971857694139	111.931909273882	0.362269100229323	0.001
EducationLevel	4	1767.9534957581	441.988373939525	86.343861234313	0.124201353493868	0.001
GeoRegion	1	560.155239077962	560.155239077962	109.428141291424	0.0393517357934416	0.001
Residuals	481	2462.20640154121	5.1189322277364	NA	0.172973649129585	NA
Total	499	14234.575115523	NA	NA	1	NA
