	Df	SumsOfSqs	MeanSqs	F.Model	R2	Pr(>F)
IncomeGroup	4	3390.32898840846	847.582247102116	165.826757515014	0.229648418674484	0.001
Ethnicity	9	6186.06835935243	687.340928816936	134.476055772483	0.419021523101341	0.001
EducationLevel	4	2167.95834535603	541.989586339008	106.038530203751	0.146849526245204	0.001
GeoRegion	1	560.260331762423	560.260331762423	109.613143146986	0.0379499746706531	0.001
Residuals	481	2458.51192512889	5.11125140359437	NA	0.166530557308319	NA
Total	499	14763.1279500082	NA	NA	1	NA
