	Df	SumsOfSqs	MeanSqs	F.Model	R2	Pr(>F)
IncomeGroup	4	3676.6766838306	919.169170957651	159.713045858214	0.259565163772244	0.001
Ethnicity	9	5358.17992230743	595.353324700826	103.447434764067	0.378275537572114	0.001
EducationLevel	4	1831.00582666064	457.751456665159	79.5380020348779	0.129264922682823	0.001
GeoRegion	1	530.674520430099	530.674520430099	92.2089716400452	0.0374644361335803	0.001
Residuals	481	2768.21701605469	5.75512893150663	NA	0.195429939839239	NA
Total	499	14164.7539692835	NA	NA	1	NA
