	Df	SumsOfSqs	MeanSqs	F.Model	R2	Pr(>F)
IncomeGroup	4	3664.06494061068	916.016235152671	180.148680712103	0.256028940057166	0.001
Ethnicity	9	5867.26776381059	651.918640423399	128.209826962651	0.409979181850865	0.001
EducationLevel	4	1678.85325631756	419.713314079391	82.5430782851842	0.117310972019745	0.001
GeoRegion	1	655.171164545683	655.171164545683	128.849485854195	0.0457805146834251	0.001
Residuals	481	2445.77871659559	5.08477903658127	NA	0.1709003913888	NA
Total	499	14311.1358418801	NA	NA	1	NA
