	Df	SumsOfSqs	MeanSqs	F.Model	R2	Pr(>F)
IncomeGroup	4	3932.07839273456	983.019598183641	190.384510889348	0.273293306416588	0.001
Ethnicity	9	5534.20561052634	614.911734502927	119.091898096207	0.384646794551351	0.001
EducationLevel	4	1987.90502045972	496.97625511493	96.2509612509272	0.138166405046098	0.001
GeoRegion	1	450.004950535144	450.004950535144	87.1538803129878	0.0312769300487048	0.001
Residuals	481	2483.56562473269	5.16333809715737	NA	0.172616563937258	NA
Total	499	14387.7595989885	NA	NA	1	NA
