	Df	SumsOfSqs	MeanSqs	F.Model	R2	Pr(>F)
IncomeGroup	4	3912.20753323079	978.051883307697	191.39664365786	0.258858015904712	0.001
Ethnicity	9	6812.63181603807	756.959090670897	148.130617417497	0.450769633259356	0.001
EducationLevel	4	1389.72522505695	347.431306264236	67.9894257713122	0.0919535866528758	0.001
GeoRegion	1	540.821180628433	540.821180628433	105.83422061547	0.0357843740618505	0.001
Residuals	481	2457.94778257431	5.11007855005055	NA	0.162634390121205	NA
Total	499	15113.3335375286	NA	NA	1	NA
