	Df	SumsOfSqs	MeanSqs	F.Model	R2	Pr(>F)
IncomeGroup	4	3365.48831106093	841.372077765233	155.360460312713	0.22978403862405	0.001
Ethnicity	9	6407.80047320773	711.977830356414	131.467642413828	0.43750271441787	0.001
EducationLevel	4	1701.91550812488	425.47887703122	78.5652340216489	0.116200973739396	0.001
GeoRegion	1	566.196222143772	566.196222143772	104.548876798025	0.0386579427865736	0.001
Residuals	481	2604.90969575198	5.41561267308105	NA	0.17785433043211	NA
Total	499	14646.3102102893	NA	NA	1	NA
