	Df	SumsOfSqs	MeanSqs	F.Model	R2	Pr(>F)
IncomeGroup	4	5591.09302410599	1397.7732560265	284.857928035356	0.344050253315786	0.001
Ethnicity	9	6227.49614783905	691.944016426561	141.014100810637	0.383211586348038	0.001
EducationLevel	4	1530.75686676517	382.689216691293	77.9898004759711	0.0941957655694072	0.001
GeoRegion	1	541.231888023673	541.231888023673	110.299859826596	0.0333049311421358	0.001
Residuals	481	2360.22546672914	4.90691365224354	NA	0.145237463624633	NA
Total	499	16250.803393463	NA	NA	1	NA
