	Df	SumsOfSqs	MeanSqs	F.Model	R2	Pr(>F)
IncomeGroup	4	3997.50409287054	999.376023217636	205.53742766761	0.286982811826113	0.001
Ethnicity	9	5571.02056549711	619.002285055235	127.307574361246	0.399946343889645	0.001
EducationLevel	4	1532.20846636288	383.052116590721	78.7807040369077	0.109998009699308	0.001
GeoRegion	1	489.940637532727	489.940637532727	100.764012752761	0.0351730826336827	0.001
Residuals	481	2338.7461477092	4.86225810334554	NA	0.167899751951252	NA
Total	499	13929.4199099725	NA	NA	1	NA
