	Df	SumsOfSqs	MeanSqs	F.Model	R2	Pr(>F)
IncomeGroup	4	4678.69738491526	1169.67434622881	222.930092583049	0.305517898718132	0.001
Ethnicity	9	5733.64732989903	637.071925544337	121.42055077258	0.374405895510446	0.001
EducationLevel	4	1783.41939561291	445.854848903226	84.9761842388512	0.116456889910755	0.001
GeoRegion	1	594.502706918789	594.502706918789	113.307215740502	0.0388208945476305	0.001
Residuals	481	2523.72101952305	5.24682124640966	NA	0.164798421313036	NA
Total	499	15313.987836869	NA	NA	1	NA
