	Df	SumsOfSqs	MeanSqs	F.Model	R2	Pr(>F)
IncomeGroup	4	4178.43126031267	1044.60781507817	187.923612964731	0.285559993521709	0.001
Ethnicity	9	5122.12096425243	569.124551583603	102.38478060067	0.350053103245231	0.001
EducationLevel	4	2101.29129882109	525.322824705272	94.5049058282847	0.143605265300852	0.001
GeoRegion	1	556.841141241161	556.841141241161	100.175010754263	0.0380553233448545	0.001
Residuals	481	2673.72658031484	5.55868311915767	NA	0.182726314587354	NA
Total	499	14632.4112449422	NA	NA	1	NA
