	Df	SumsOfSqs	MeanSqs	F.Model	R2	Pr(>F)
IncomeGroup	4	3885.34688843227	971.336722108067	195.546758020588	0.261014244386279	0.001
Ethnicity	9	6079.55990854187	675.506656504653	135.991087018859	0.408419577786904	0.001
EducationLevel	4	2053.41881106089	513.354702765223	103.347114914485	0.137946900178556	0.001
GeoRegion	1	477.983854059803	477.983854059803	96.2263558251237	0.0321105420130457	0.001
Residuals	481	2389.26468566045	4.96728624877433	NA	0.160508735635216	NA
Total	499	14885.5741477553	NA	NA	1	NA
