	Df	SumsOfSqs	MeanSqs	F.Model	R2	Pr(>F)
IncomeGroup	4	3948.72357225798	987.180893064496	178.777879875234	0.268331259520417	0.001
Ethnicity	9	5911.8288263791	656.869869597678	118.958747546304	0.401731963765777	0.001
EducationLevel	4	1616.04834497874	404.012086244686	73.166351506842	0.109816825594117	0.001
GeoRegion	1	583.253228927566	583.253228927566	105.626817162518	0.0396343452950267	0.001
Residuals	481	2655.99977970094	5.52182906382732	NA	0.180485605824662	NA
Total	499	14715.8537522443	NA	NA	1	NA
