	Df	SumsOfSqs	MeanSqs	F.Model	R2	Pr(>F)
IncomeGroup	4	4027.18405589333	1006.79601397333	182.907301714995	0.272519107118057	0.001
Ethnicity	9	5134.85476608374	570.539418453749	103.651409126637	0.34747506362076	0.001
EducationLevel	4	2364.53423501055	591.133558752637	107.392801206989	0.160007774547125	0.001
GeoRegion	1	603.428659761183	603.428659761183	109.626484811785	0.0408339517849739	0.001
Residuals	481	2647.61919387864	5.50440580847951	NA	0.179164102929084	NA
Total	499	14777.6209106274	NA	NA	1	NA
