	Df	SumsOfSqs	MeanSqs	F.Model	R2	Pr(>F)
IncomeGroup	4	3809.22845538471	952.307113846177	184.582351868323	0.2682071072511	0.001
Ethnicity	9	5589.52395326096	621.058217028996	120.3775385898	0.393557400920825	0.001
EducationLevel	4	1757.39253740189	439.348134350472	85.1573098092692	0.123737700240829	0.001
GeoRegion	1	564.817639892928	564.817639892928	109.476624538785	0.0397687109330323	0.001
Residuals	481	2481.60085253861	5.1592533316811	NA	0.174729080654214	NA
Total	499	14202.5634384791	NA	NA	1	NA
