	Df	SumsOfSqs	MeanSqs	F.Model	R2	Pr(>F)
IncomeGroup	4	4030.34078910367	1007.58519727592	189.485870525831	0.275363012303268	0.001
Ethnicity	9	5813.21245968673	645.912495520748	121.469918204589	0.397173285789123	0.001
EducationLevel	4	1675.05798089088	418.764495222721	78.7526009087032	0.114444171234295	0.001
GeoRegion	1	560.150196491928	560.150196491928	105.341511461708	0.038270869268747	0.001
Residuals	481	2557.7024743048	5.31746876154844	NA	0.174748661404567	NA
Total	499	14636.463900478	NA	NA	1	NA
