	Df	SumsOfSqs	MeanSqs	F.Model	R2	Pr(>F)
IncomeGroup	4	3682.68059866921	920.670149667302	177.240551225794	0.261767342547551	0.001
Ethnicity	9	5607.27210129318	623.03023347702	119.941134239778	0.39856856373234	0.001
EducationLevel	4	1726.06871969164	431.517179922909	83.0724693969655	0.122690092095255	0.001
GeoRegion	1	553.965822958304	553.965822958304	106.645368981346	0.0393762525564568	0.001
Residuals	481	2498.53850559186	5.19446674759222	NA	0.177597749068398	NA
Total	499	14068.5257482042	NA	NA	1	NA
