	Df	SumsOfSqs	MeanSqs	F.Model	R2	Pr(>F)
IncomeGroup	4	4503.56164753771	1125.89041188443	198.699315432056	0.277073669812967	0.001
Ethnicity	9	6327.78384906279	703.08709434031	124.082168974784	0.389305716243861	0.001
EducationLevel	4	2087.43078782517	521.857696956292	92.0984547373592	0.128425489452224	0.001
GeoRegion	1	609.754694676165	609.754694676165	107.610686737133	0.0375140797799406	0.001
Residuals	481	2725.49146401861	5.6663024199971	NA	0.167681044711008	NA
Total	499	16254.0224431204	NA	NA	1	NA
