	Df	SumsOfSqs	MeanSqs	F.Model	R2	Pr(>F)
IncomeGroup	4	3975.38480586765	993.846201466912	199.232276986034	0.286109010137776	0.001
Ethnicity	9	5475.81050328324	608.423389253693	121.968144601908	0.394094861077095	0.001
EducationLevel	4	1631.68339186935	407.920847967337	81.7742214546384	0.117432485885878	0.001
GeoRegion	1	412.361638391101	412.361638391101	82.6644485203941	0.0296777257901502	0.001
Residuals	481	2399.41052793918	4.98837947596502	NA	0.1726859171091	NA
Total	499	13894.6508673505	NA	NA	1	NA
