	Df	SumsOfSqs	MeanSqs	F.Model	R2	Pr(>F)
IncomeGroup	4	4376.98968192762	1094.2474204819	200.519576512501	0.295668676255366	0.001
Ethnicity	9	5702.73495188698	633.637216876331	116.113288468751	0.38522368494985	0.001
EducationLevel	4	1476.4125061466	369.103126536651	67.637721814299	0.0997326845666646	0.001
GeoRegion	1	622.714485379563	622.714485379563	114.111710532084	0.0420647936040215	0.001
Residuals	481	2624.84600459438	5.45706030061201	NA	0.177310160624098	NA
Total	499	14803.6976299351	NA	NA	1	NA
