	Df	SumsOfSqs	MeanSqs	F.Model	R2	Pr(>F)
IncomeGroup	4	3875.09774970222	968.774437425554	184.031218640558	0.264971524628586	0.001
Ethnicity	9	5550.73691963518	616.748546626132	117.1593533496	0.379548419009801	0.001
EducationLevel	4	2042.69780248923	510.674450622308	97.0092085897371	0.139675638149419	0.001
GeoRegion	1	623.976244350932	623.976244350932	118.532347897015	0.0426662622408404	0.001
Residuals	481	2532.07313326455	5.26418530824231	NA	0.173138155971355	NA
Total	499	14624.5818494421	NA	NA	1	NA
