	Df	SumsOfSqs	MeanSqs	F.Model	R2	Pr(>F)
IncomeGroup	4	4181.45194476212	1045.36298619053	197.60178590073	0.291063312545918	0.001
Ethnicity	9	5416.60749329178	601.84527703242	113.764982258373	0.377040257926063	0.001
EducationLevel	4	1618.7413186519	404.685329662976	76.4964370516317	0.112677657566282	0.001
GeoRegion	1	604.713704033216	604.713704033216	114.307192290267	0.0420930280110712	0.001
Residuals	481	2544.61058671934	5.29025070004021	NA	0.177125743950665	NA
Total	499	14366.1250474584	NA	NA	1	NA
