	Df	SumsOfSqs	MeanSqs	F.Model	R2	Pr(>F)
IncomeGroup	4	4585.15919649104	1146.28979912276	222.597055460013	0.30712421504401	0.001
Ethnicity	9	5792.90533025475	643.656147806083	124.99104793571	0.388021751510897	0.001
EducationLevel	4	1430.88961823125	357.722404557812	69.4658139569789	0.0958441859881788	0.001
GeoRegion	1	643.411036317246	643.411036317246	124.943449941105	0.0430971098300825	0.001
Residuals	481	2476.9662484466	5.14961798013846	NA	0.165912737626831	NA
Total	499	14929.3314297409	NA	NA	1	NA
