	Df	SumsOfSqs	MeanSqs	F.Model	R2	Pr(>F)
IncomeGroup	4	3750.74243192994	937.685607982484	195.084572462382	0.263729141026895	0.001
Ethnicity	9	5673.76072846659	630.41785871851	131.157818136256	0.398943961220149	0.001
EducationLevel	4	1946.31271357007	486.578178392517	101.23211350707	0.136852740340115	0.001
GeoRegion	1	539.17814508242	539.17814508242	112.175485065597	0.0379116912567878	0.001
Residuals	481	2311.95512667485	4.80655951491652	NA	0.162562466156053	NA
Total	499	14221.9491457239	NA	NA	1	NA
