	Df	SumsOfSqs	MeanSqs	F.Model	R2	Pr(>F)
IncomeGroup	4	3720.02697835933	930.006744589833	181.568532335218	0.247734342776577	0.001
Ethnicity	9	6590.55678656685	732.284087396317	142.966433065627	0.438896616489575	0.001
EducationLevel	4	1711.52231959835	427.880579899586	83.5366510609275	0.113978436032778	0.001
GeoRegion	1	530.372321265364	530.372321265364	103.546479123489	0.0353200229998092	0.001
Residuals	481	2463.71570224419	5.12207006703574	NA	0.16407058170126	NA
Total	499	15016.1941080341	NA	NA	1	NA
