	Df	SumsOfSqs	MeanSqs	F.Model	R2	Pr(>F)
IncomeGroup	4	3577.6680342213	894.417008555326	191.443109183477	0.253361138053796	0.001
Ethnicity	9	6106.83620204303	678.537355782559	145.235723209207	0.43247024465603	0.001
EducationLevel	4	1699.60809978874	424.902024947186	90.9470235652533	0.120361821803753	0.001
GeoRegion	1	489.492704312861	489.492704312861	104.772163699843	0.0346645992438284	0.001
Residuals	481	2247.21894117797	4.67197285068185	NA	0.159142196242593	NA
Total	499	14120.8239815439	NA	NA	1	NA
