	Df	SumsOfSqs	MeanSqs	F.Model	R2	Pr(>F)
IncomeGroup	4	3730.95479139662	932.738697849154	183.270270011499	0.256990323058297	0.001
Ethnicity	9	5893.69369898909	654.854855443233	128.669933446711	0.405961029386498	0.001
EducationLevel	4	1939.55792970169	484.889482425423	95.2740854161657	0.133597871540474	0.001
GeoRegion	1	505.664811185938	505.664811185938	99.3561505436199	0.0348304845412619	0.001
Residuals	481	2448.00923596224	5.08941629098178	NA	0.168620291473468	NA
Total	499	14517.8804672356	NA	NA	1	NA
