	Df	SumsOfSqs	MeanSqs	F.Model	R2	Pr(>F)
IncomeGroup	4	3937.05185428716	984.262963571791	176.179613592884	0.261782264889706	0.001
Ethnicity	9	6007.35510984484	667.483901093871	119.47727398727	0.39944077062116	0.001
EducationLevel	4	1759.78786276006	439.946965690016	78.7489616955147	0.117011730982688	0.001
GeoRegion	1	648.015589479197	648.015589479197	115.992514584018	0.0430878217956356	0.001
Residuals	481	2687.20356358616	5.58670179539743	NA	0.17867741171081	NA
Total	499	15039.4139799574	NA	NA	1	NA
