	Df	SumsOfSqs	MeanSqs	F.Model	R2	Pr(>F)
IncomeGroup	4	4082.536471315	1020.63411782875	191.432264080548	0.27114023423474	0.001
Ethnicity	9	6250.9399540177	694.548883779745	130.271037401165	0.415153994392543	0.001
EducationLevel	4	1673.74918218853	418.437295547133	78.4829719711264	0.111161467508612	0.001
GeoRegion	1	485.208953485888	485.208953485888	91.0068034131129	0.0322249832243584	0.001
Residuals	481	2564.48416902735	5.33156791897578	NA	0.170319320639747	NA
Total	499	15056.9187300345	NA	NA	1	NA
