	Df	SumsOfSqs	MeanSqs	F.Model	R2	Pr(>F)
IncomeGroup	4	5215.91575012885	1303.97893753221	243.22491497347	0.337459066421251	0.001
Ethnicity	9	5464.52716292733	607.169684769704	113.252438902167	0.353543715653281	0.001
EducationLevel	4	1609.15666912766	402.289167281915	75.0370620955483	0.104109140811167	0.001
GeoRegion	1	588.100020086347	588.100020086347	109.695466133911	0.0380488668237701	0.001
Residuals	481	2578.74021261929	5.36120626324177	NA	0.166839210290532	NA
Total	499	15456.4398148895	NA	NA	1	NA
