	Df	SumsOfSqs	MeanSqs	F.Model	R2	Pr(>F)
IncomeGroup	4	4647.02561153378	1161.75640288345	243.561846931718	0.311497366973309	0.001
Ethnicity	9	5854.23762782834	650.470847536483	136.370998780818	0.392418669305056	0.001
EducationLevel	4	1652.05699305751	413.014248264379	86.5883010127721	0.11073995420856	0.001
GeoRegion	1	470.722499148402	470.722499148402	98.6868167890796	0.0315532625204162	0.001
Residuals	481	2294.30363099356	4.76986201869762	NA	0.153790746992658	NA
Total	499	14918.3463625616	NA	NA	1	NA
