	Df	SumsOfSqs	MeanSqs	F.Model	R2	Pr(>F)
IncomeGroup	4	3763.73486321585	940.933715803963	192.085023072284	0.252243081835689	0.001
Ethnicity	9	6412.93265050289	712.548072278098	145.46169470259	0.429790608041243	0.001
EducationLevel	4	1882.05111466639	470.512778666597	96.0518859383793	0.126133851237894	0.001
GeoRegion	1	506.152567643789	506.152567643789	103.327499058615	0.033922018468758	0.001
Residuals	481	2356.19159715222	4.8985272290067	NA	0.157910440416416	NA
Total	499	14921.0627931811	NA	NA	1	NA
