	Df	SumsOfSqs	MeanSqs	F.Model	R2	Pr(>F)
IncomeGroup	4	3706.10706452734	926.526766131836	180.089450752618	0.2624355976176	0.001
Ethnicity	9	5550.89567038655	616.766185598505	119.8811385352	0.393068143258465	0.001
EducationLevel	4	1812.65979370452	453.164948426131	88.0818878046184	0.128357451081601	0.001
GeoRegion	1	577.649654726509	577.649654726509	112.278039717564	0.0409043316105833	0.001
Residuals	481	2474.6556372233	5.14481421460145	NA	0.17523447643175	NA
Total	499	14121.9678205682	NA	NA	1	NA
