	Df	SumsOfSqs	MeanSqs	F.Model	R2	Pr(>F)
IncomeGroup	4	3270.72031131723	817.680077829308	147.794906953194	0.234620564844977	0.001
Ethnicity	9	5696.61653945112	632.957393272347	114.406455018892	0.408638851071	0.001
EducationLevel	4	1762.58318520276	440.645796300691	79.6463142852451	0.126436449202831	0.001
GeoRegion	1	549.399285013858	549.399285013858	99.3034053420156	0.0394103923008522	0.001
Residuals	481	2661.14797555544	5.53253217371193	NA	0.19089374258034	NA
Total	499	13940.4672965404	NA	NA	1	NA
