	Df	SumsOfSqs	MeanSqs	F.Model	R2	Pr(>F)
IncomeGroup	4	3794.13473170376	948.533682925939	177.215183392157	0.258779609486387	0.001
Ethnicity	9	5870.11849285376	652.235388094863	121.857574482266	0.400372437627533	0.001
EducationLevel	4	1775.51337973829	443.878344934573	82.9300885327963	0.121099194292504	0.001
GeoRegion	1	647.354490432284	647.354490432284	120.945673102313	0.0441529239416599	0.001
Residuals	481	2574.52376683638	5.35244026369311	NA	0.175595834651916	NA
Total	499	14661.6448615645	NA	NA	1	NA
