	Df	SumsOfSqs	MeanSqs	F.Model	R2	Pr(>F)
IncomeGroup	4	4848.13107893749	1212.03276973437	226.57794171612	0.316025149404741	0.001
Ethnicity	9	5767.20761214232	640.800845793591	119.791593359048	0.37593510109361	0.001
EducationLevel	4	1487.53836616577	371.884591541443	69.5202699229548	0.096965104028468	0.001
GeoRegion	1	665.076967406672	665.076967406672	124.329782263914	0.043353004398637	0.001
Residuals	481	2573.01199678414	5.34929729061151	NA	0.167721641074544	NA
Total	499	15340.9660214364	NA	NA	1	NA
