	Df	SumsOfSqs	MeanSqs	F.Model	R2	Pr(>F)
IncomeGroup	4	4316.41966042884	1079.10491510721	223.970931359941	0.296969531486618	0.001
Ethnicity	9	5478.86705594825	608.763006216472	126.350288624378	0.376945874285255	0.001
EducationLevel	4	1819.89101756602	454.972754391505	94.4307361757674	0.125208442496435	0.001
GeoRegion	1	602.227045798296	602.227045798296	124.9937336484	0.0414332010575453	0.001
Residuals	481	2317.48584968114	4.81805789954499	NA	0.159442950674147	NA
Total	499	14534.8906294225	NA	NA	1	NA
