	Df	SumsOfSqs	MeanSqs	F.Model	R2	Pr(>F)
IncomeGroup	4	4258.69932088826	1064.67483022206	196.89067233478	0.277038287519837	0.001
Ethnicity	9	5805.24398442236	645.027109380262	119.285079007222	0.377644611863267	0.001
EducationLevel	4	2216.47347720453	554.118369301133	102.473295308386	0.144186750505271	0.001
GeoRegion	1	490.844759994143	490.844759994143	90.7720855832509	0.0319305923007732	0.001
Residuals	481	2600.9794535419	5.40744169135531	NA	0.169199757810851	NA
Total	499	15372.2409960512	NA	NA	1	NA
