	Df	SumsOfSqs	MeanSqs	F.Model	R2	Pr(>F)
IncomeGroup	4	4486.64407834738	1121.66101958684	212.675149563041	0.299933988175901	0.001
Ethnicity	9	5881.63492494293	653.514991660326	123.911231794651	0.393189695734143	0.001
EducationLevel	4	1581.04880793069	395.262201982672	74.9446102301438	0.105693758226099	0.001
GeoRegion	1	472.622194269317	472.622194269317	89.6126317111954	0.0315949866207921	0.001
Residuals	481	2536.82177503934	5.27405774436454	NA	0.169587571243066	NA
Total	499	14958.7717805297	NA	NA	1	NA
