	Df	SumsOfSqs	MeanSqs	F.Model	R2	Pr(>F)
IncomeGroup	4	3192.22013406851	798.055033517126	144.145294181438	0.21790129068604	0.001
Ethnicity	9	6210.01401617878	690.001557353198	124.62859488774	0.423896226598612	0.001
EducationLevel	4	1960.24329032458	490.060822581146	88.5151505485004	0.133806418442698	0.001
GeoRegion	1	624.329038765076	624.329038765076	112.7667756974	0.0426167675304705	0.001
Residuals	481	2663.03852166384	5.53646262300176	NA	0.181779296742179	NA
Total	499	14649.8450010008	NA	NA	1	NA
