	Df	SumsOfSqs	MeanSqs	F.Model	R2	Pr(>F)
IncomeGroup	4	3584.02494616017	896.006236540041	165.877772010429	0.243083863887608	0.001
Ethnicity	9	5940.48839170043	660.054265744492	122.195947464014	0.402909269139192	0.001
EducationLevel	4	1945.20387206925	486.300968017312	90.0289728034964	0.131932026248402	0.001
GeoRegion	1	676.096111674966	676.096111674966	125.165776861806	0.0458557230081272	0.001
Residuals	481	2598.17210318369	5.40160520412409	NA	0.176219117716671	NA
Total	499	14743.9854247885	NA	NA	1	NA
