	Df	SumsOfSqs	MeanSqs	F.Model	R2	Pr(>F)
IncomeGroup	4	4015.22469864742	1003.80617466185	183.3760552002	0.289410822607756	0.001
Ethnicity	9	4890.3545429271	543.3727269919	99.263732077276	0.35248874903287	0.001
EducationLevel	4	1848.95150946067	462.237877365167	84.4419576756356	0.133269397723899	0.001
GeoRegion	1	486.249472453612	486.249472453612	88.8284136444552	0.035048065893496	0.001
Residuals	481	2633.00881614682	5.47403080280005	NA	0.189782964741979	NA
Total	499	13873.7890396356	NA	NA	1	NA
