	Df	SumsOfSqs	MeanSqs	F.Model	R2	Pr(>F)
IncomeGroup	4	3730.44083769105	932.610209422763	186.551704811024	0.257215261061761	0.001
Ethnicity	9	5798.67156135036	644.29684015004	128.879860760628	0.399820526409235	0.001
EducationLevel	4	2016.94283305902	504.235708264755	100.863179550228	0.139068946519743	0.001
GeoRegion	1	552.513429100278	552.513429100278	110.520259255405	0.0380960031506942	0.001
Residuals	481	2404.61758946006	4.99920496769243	NA	0.165799262858567	NA
Total	499	14503.1862506608	NA	NA	1	NA
