	Df	SumsOfSqs	MeanSqs	F.Model	R2	Pr(>F)
IncomeGroup	4	4482.92388157844	1120.73097039461	215.961611997898	0.304833506918966	0.001
Ethnicity	9	5636.42027851134	626.268919834593	120.680206976024	0.383269893791464	0.001
EducationLevel	4	1614.44999395314	403.612498488285	77.7749594671579	0.109780684750051	0.001
GeoRegion	1	476.199247407296	476.199247407296	91.7622157492938	0.0323809840215772	0.001
Residuals	481	2496.14545739293	5.18949159541149	NA	0.169734930517941	NA
Total	499	14706.1388588431	NA	NA	1	NA
