	Df	SumsOfSqs	MeanSqs	F.Model	R2	Pr(>F)
IncomeGroup	4	3627.40135413016	906.85033853254	175.100790500964	0.247211840131128	0.001
Ethnicity	9	6188.28632791415	687.587369768239	132.76401504103	0.421739284140727	0.001
EducationLevel	4	1803.62033701392	450.905084253479	87.06380020925	0.122918932558555	0.001
GeoRegion	1	562.834687230119	562.834687230119	108.675924204686	0.0383578725197754	0.001
Residuals	481	2491.1081873828	5.17901910058795	NA	0.169772070649815	NA
Total	499	14673.2508936711	NA	NA	1	NA
