	Df	SumsOfSqs	MeanSqs	F.Model	R2	Pr(>F)
IncomeGroup	4	4194.98225775045	1048.74556443761	210.909721812455	0.299935057086239	0.001
Ethnicity	9	5483.3683053506	609.263145038955	122.526878575792	0.392052763191458	0.001
EducationLevel	4	1377.87220210239	344.468050525596	69.2748204838336	0.0985158344428224	0.001
GeoRegion	1	538.313535283827	538.313535283827	108.258439248298	0.0384886254613701	0.001
Residuals	481	2391.76559600726	4.97248564658473	NA	0.171007719818112	NA
Total	499	13986.3018964945	NA	NA	1	NA
