	Df	SumsOfSqs	MeanSqs	F.Model	R2	Pr(>F)
IncomeGroup	4	3677.77971881237	919.444929703091	168.894038334181	0.258428437257671	0.001
Ethnicity	9	5707.43764373582	634.159738192869	116.489629419053	0.401047453568684	0.001
EducationLevel	4	1731.44219155581	432.860547888953	79.512718605256	0.12166413814209	0.001
GeoRegion	1	496.144401791254	496.144401791254	91.1374122672912	0.0348628336148583	0.001
Residuals	481	2618.52351657391	5.44391583487299	NA	0.183997137416696	NA
Total	499	14231.3274724692	NA	NA	1	NA
