	Df	SumsOfSqs	MeanSqs	F.Model	R2	Pr(>F)
IncomeGroup	4	4277.90270648169	1069.47567662042	207.387429392532	0.293979933121664	0.001
Ethnicity	9	5320.00955794785	591.112173105317	114.625546651356	0.365594115004639	0.001
EducationLevel	4	1856.00967310838	464.002418277096	89.9770521780261	0.127546051654436	0.001
GeoRegion	1	617.293155075304	617.293155075304	119.702433081243	0.0424207404648406	0.001
Residuals	481	2480.46760578125	5.15689730931653	NA	0.17045915975442	NA
Total	499	14551.6826983945	NA	NA	1	NA
