	Df	SumsOfSqs	MeanSqs	F.Model	R2	Pr(>F)
IncomeGroup	4	3553.27364887202	888.318412218006	170.426636290931	0.248575499068708	0.001
Ethnicity	9	5947.28566875483	660.809518750536	126.778351051497	0.416052814756951	0.001
EducationLevel	4	1772.23814534214	443.059536335536	85.0023430964908	0.123980032212512	0.001
GeoRegion	1	514.620884892773	514.620884892773	98.7316092642393	0.0360012078816417	0.001
Residuals	481	2507.12661809191	5.21232145133452	NA	0.175390446080187	NA
Total	499	14294.5449659537	NA	NA	1	NA
