	Df	SumsOfSqs	MeanSqs	F.Model	R2	Pr(>F)
IncomeGroup	4	3740.50772650734	935.126931626834	181.680852236328	0.274435510230721	0.001
Ethnicity	9	5293.47236578293	588.163596198104	114.271185865383	0.388374225055356	0.001
EducationLevel	4	1625.9581827654	406.489545691349	78.9746980742853	0.119294142968578	0.001
GeoRegion	1	494.137545981459	494.137545981459	96.0033632222501	0.0362541396705525	0.001
Residuals	481	2475.74826172336	5.14708578320865	NA	0.181641982074793	NA
Total	499	13629.8240827605	NA	NA	1	NA
