	Df	SumsOfSqs	MeanSqs	F.Model	R2	Pr(>F)
IncomeGroup	4	3463.22226127726	865.805565319314	163.449574897102	0.254377663289399	0.001
Ethnicity	9	5129.97485853937	569.997206504375	107.605916186639	0.376802560967408	0.001
EducationLevel	4	1968.26372630991	492.065931577477	92.8937980527105	0.144571237322592	0.001
GeoRegion	1	505.133831068555	505.133831068555	95.3607983841614	0.037102661597079	0.001
Residuals	481	2547.89574815819	5.29708055750143	NA	0.187145876823522	NA
Total	499	13614.4904253533	NA	NA	1	NA
