	Df	SumsOfSqs	MeanSqs	F.Model	R2	Pr(>F)
IncomeGroup	4	4637.48125741673	1159.37031435418	234.440109305492	0.296458667061036	0.001
Ethnicity	9	6350.37957417981	705.597730464424	142.681252924725	0.405958527785335	0.001
EducationLevel	4	1738.0506530314	434.512663257851	87.8642440707439	0.111107765461736	0.001
GeoRegion	1	538.339159478381	538.339159478381	108.859343584143	0.0344142220284941	0.001
Residuals	481	2378.67625491377	4.9452728792386	NA	0.152060817663399	NA
Total	499	15642.9268990201	NA	NA	1	NA
