	Df	SumsOfSqs	MeanSqs	F.Model	R2	Pr(>F)
IncomeGroup	4	4421.30856785318	1105.32714196329	211.323244253766	0.294286249627063	0.001
Ethnicity	9	5808.87090668449	645.430100742721	123.397298093776	0.386643638972701	0.001
EducationLevel	4	1717.00350022736	429.25087505684	82.0668235420853	0.114285287471758	0.001
GeoRegion	1	560.781182708359	560.781182708359	107.213597085748	0.0373260966946725	0.001
Residuals	481	2515.87257786892	5.2305043198938	NA	0.167458727233806	NA
Total	499	15023.8367353423	NA	NA	1	NA
