	Df	SumsOfSqs	MeanSqs	F.Model	R2	Pr(>F)
IncomeGroup	4	4386.27651345887	1096.56912836472	199.852142643032	0.284289464395907	0.001
Ethnicity	9	5684.669513581	631.629945953444	115.115951006705	0.368442720454321	0.001
EducationLevel	4	2168.2078788727	542.051969718175	98.7901672315022	0.140528909815043	0.001
GeoRegion	1	550.55605067035	550.55605067035	100.340054744783	0.0356834057964064	0.001
Residuals	481	2639.19987931047	5.48690203598851	NA	0.171055499538322	NA
Total	499	15428.9098358934	NA	NA	1	NA
