	Df	SumsOfSqs	MeanSqs	F.Model	R2	Pr(>F)
IncomeGroup	4	3354.859608418	838.714902104501	168.928949304197	0.242145076605005	0.001
Ethnicity	9	6103.2549418161	678.139437979567	136.586797792885	0.440517132734157	0.001
EducationLevel	4	1461.06433051323	365.266082628308	73.5697140947805	0.105455838852165	0.001
GeoRegion	1	547.4559145899	547.4559145899	110.265302559888	0.0395139498665178	0.001
Residuals	481	2388.11565201775	4.9648974054423	NA	0.172368001942154	NA
Total	499	13854.750447355	NA	NA	1	NA
