	Df	SumsOfSqs	MeanSqs	F.Model	R2	Pr(>F)
IncomeGroup	4	3722.53000264525	930.632500661312	180.120948465105	0.255154820298167	0.001
Ethnicity	9	5982.1429458941	664.682549543789	128.647184755481	0.410036348202139	0.001
EducationLevel	4	1890.62897278663	472.657243196658	91.4812999578095	0.129590116254022	0.001
GeoRegion	1	508.810265089209	508.810265089209	98.4786018879899	0.0348755796897393	0.001
Residuals	481	2485.18696260814	5.16670886197118	NA	0.170343135555933	NA
Total	499	14589.2991490233	NA	NA	1	NA
