	Df	SumsOfSqs	MeanSqs	F.Model	R2	Pr(>F)
IncomeGroup	4	4258.89372699862	1064.72343174966	198.661100590651	0.290650099212114	0.001
Ethnicity	9	5494.48632091929	610.498480102144	113.909674897178	0.374973666088689	0.001
EducationLevel	4	1838.99960392448	459.749900981119	85.7822966995875	0.125503347017858	0.001
GeoRegion	1	482.695142995912	482.695142995912	90.0635277649044	0.0329417450150459	0.001
Residuals	481	2577.91771589373	5.35949629083935	NA	0.175931142666293	NA
Total	499	14652.992510732	NA	NA	1	NA
