	Df	SumsOfSqs	MeanSqs	F.Model	R2	Pr(>F)
IncomeGroup	4	3243.48137047913	810.870342619784	146.047395481141	0.231886321112027	0.001
Ethnicity	9	5808.56827676032	645.396475195591	116.24358334588	0.415272164312449	0.001
EducationLevel	4	1728.24689637099	432.061724092746	77.8194566679635	0.123557612638159	0.001
GeoRegion	1	536.518282600768	536.518282600768	96.6333255557214	0.0383573193587533	0.001
Residuals	481	2670.56207004034	5.55210409571796	NA	0.190926582578612	NA
Total	499	13987.3768962515	NA	NA	1	NA
