	Df	SumsOfSqs	MeanSqs	F.Model	R2	Pr(>F)
IncomeGroup	4	4533.16587025174	1133.29146756293	214.589559019517	0.298449380474397	0.001
Ethnicity	9	5632.42162538381	625.824625042646	118.50034537033	0.370820921356016	0.001
EducationLevel	4	1755.81559723823	438.953899309557	83.1162383012509	0.115597375481416	0.001
GeoRegion	1	727.398350478265	727.398350478265	137.733403743275	0.0478896191473975	0.001
Residuals	481	2540.25963979074	5.28120507233002	NA	0.167242703540773	NA
Total	499	15189.0610831428	NA	NA	1	NA
