	Df	SumsOfSqs	MeanSqs	F.Model	R2	Pr(>F)
IncomeGroup	4	4463.98070287385	1115.99517571846	217.012146218686	0.295466231550706	0.001
Ethnicity	9	5770.38566860515	641.153963178351	124.676343261408	0.381935815044931	0.001
EducationLevel	4	1939.19455886565	484.798639716412	94.2720860966332	0.128353267338902	0.001
GeoRegion	1	461.134118593109	461.134118593109	89.6703739835863	0.0305219868384392	0.001
Residuals	481	2473.5651385137	5.14254706551705	NA	0.163722699227022	NA
Total	499	15108.2601874515	NA	NA	1	NA
