	Df	SumsOfSqs	MeanSqs	F.Model	R2	Pr(>F)
IncomeGroup	4	3468.43489367513	867.108723418782	157.614255566889	0.223279932116682	0.001
Ethnicity	9	6888.88689617356	765.431877352618	139.132466642056	0.443470973418595	0.001
EducationLevel	4	1975.6542635789	493.913565894725	89.7786135698778	0.127182421864785	0.001
GeoRegion	1	554.840905596682	554.840905596682	100.853369285554	0.0357177930492788	0.001
Residuals	481	2646.20287336529	5.50146127518772	NA	0.17034887955066	NA
Total	499	15534.0198323896	NA	NA	1	NA
