	Df	SumsOfSqs	MeanSqs	F.Model	R2	Pr(>F)
IncomeGroup	4	3334.0319704516	833.507992612901	153.86739051771	0.232416567099728	0.001
Ethnicity	9	5791.61985746971	643.513317496634	118.793959751009	0.403735902099763	0.001
EducationLevel	4	2078.52930580189	519.632326450471	95.9252590355344	0.144895025048371	0.001
GeoRegion	1	535.285999540132	535.285999540132	98.8149611759696	0.037314979439988	0.001
Residuals	481	2605.60306571691	5.41705419067964	NA	0.18163752631215	NA
Total	499	14345.0701989802	NA	NA	1	NA
