	Df	SumsOfSqs	MeanSqs	F.Model	R2	Pr(>F)
IncomeGroup	4	4548.55794855479	1137.1394871387	226.426194007521	0.291812445622479	0.001
Ethnicity	9	6552.10342133393	728.011491259326	144.960994692363	0.420349777880341	0.001
EducationLevel	4	1424.76701456068	356.19175364017	70.9245822749019	0.0914058371166384	0.001
GeoRegion	1	646.197057053425	646.197057053425	128.670177988131	0.0414567310575261	0.001
Residuals	481	2415.63965561133	5.02211986613583	NA	0.154975208323015	NA
Total	499	15587.2650971142	NA	NA	1	NA
