	Df	SumsOfSqs	MeanSqs	F.Model	R2	Pr(>F)
IncomeGroup	4	3928.23139204094	982.057848010236	210.199313063329	0.281974821927284	0.001
Ethnicity	9	5691.67171620844	632.407968467605	135.360377005286	0.408557429152002	0.001
EducationLevel	4	1629.63695510875	407.409238777187	87.2017287984911	0.116977984330033	0.001
GeoRegion	1	434.355083232011	434.355083232011	92.9692077772409	0.0311787125105996	0.001
Residuals	481	2247.24723410779	4.67203167174177	NA	0.161311052080081	NA
Total	499	13931.1423806979	NA	NA	1	NA
