	Df	SumsOfSqs	MeanSqs	F.Model	R2	Pr(>F)
IncomeGroup	4	4259.0410017286	1064.76025043215	220.531576998231	0.295462361799803	0.001
Ethnicity	9	5506.11661270957	611.790734745507	126.713197146094	0.381975711921068	0.001
EducationLevel	4	1614.38756692524	403.596891731311	83.5923945967799	0.111994874712494	0.001
GeoRegion	1	712.947453973789	712.947453973789	147.664628049273	0.049459288723625	0.001
Residuals	481	2322.34171373096	4.82815325099991	NA	0.161107762843011	NA
Total	499	14414.8343490682	NA	NA	1	NA
