	Df	SumsOfSqs	MeanSqs	F.Model	R2	Pr(>F)
IncomeGroup	4	3536.88157922227	884.220394805567	169.302987487419	0.239486644553541	0.001
Ethnicity	9	6277.11509045424	697.457232272693	133.543168379913	0.425031258982621	0.001
EducationLevel	4	1881.72463871696	470.431159679241	90.0741503009323	0.127413912398827	0.001
GeoRegion	1	560.751540218025	560.751540218025	107.367927221311	0.0379691832443468	0.001
Residuals	481	2512.12347881979	5.22270993517628	NA	0.170099000820664	NA
Total	499	14768.5963274313	NA	NA	1	NA
