	Df	SumsOfSqs	MeanSqs	F.Model	R2	Pr(>F)
IncomeGroup	4	4612.98415875551	1153.24603968888	212.525989035275	0.290259294379161	0.001
Ethnicity	9	6374.4250135339	708.269445948211	130.523461016366	0.401093097835475	0.001
EducationLevel	4	1756.31131402369	439.077828505923	80.9154738496709	0.110511041264053	0.001
GeoRegion	1	538.824430663475	538.824430663475	99.2972801138058	0.033904039913466	0.001
Residuals	481	2610.0871126791	5.42637653363639	NA	0.164232526607844	NA
Total	499	15892.6320296557	NA	NA	1	NA
