	Df	SumsOfSqs	MeanSqs	F.Model	R2	Pr(>F)
IncomeGroup	4	4744.55937401831	1186.13984350458	210.040371881226	0.292025090774451	0.001
Ethnicity	9	6233.80978178318	692.645531309242	122.652928130477	0.383687656511318	0.001
EducationLevel	4	1959.98252341763	489.995630854408	86.7679010096741	0.120635875578182	0.001
GeoRegion	1	592.440389633877	592.440389633877	104.908709067977	0.0364643889817652	0.001
Residuals	481	2716.30286889955	5.64719931164148	NA	0.167186988154283	NA
Total	499	16247.0949377526	NA	NA	1	NA
