	Df	SumsOfSqs	MeanSqs	F.Model	R2	Pr(>F)
IncomeGroup	4	4233.38936543864	1058.34734135966	196.346486956306	0.270857527824473	0.001
Ethnicity	9	6655.64577262813	739.516196958681	137.196364223473	0.425836511700753	0.001
EducationLevel	4	1685.91902585903	421.479756464757	78.1936763773011	0.107867200495295	0.001
GeoRegion	1	461.93826652875	461.93826652875	85.6996113460099	0.0295553860225979	0.001
Residuals	481	2592.68744292472	5.39020258404308	NA	0.165883373956882	NA
Total	499	15629.5798733793	NA	NA	1	NA
