	Df	SumsOfSqs	MeanSqs	F.Model	R2	Pr(>F)
IncomeGroup	4	4278.10544659364	1069.52636164841	200.187773786016	0.283818051011803	0.001
Ethnicity	9	5994.01288508154	666.001431675727	124.658305513831	0.397654774063139	0.001
EducationLevel	4	1698.72157286978	424.680393217444	79.4892258267849	0.112696578436955	0.001
GeoRegion	1	532.770484001296	532.770484001296	99.7209053984764	0.0353450568934107	0.001
Residuals	481	2569.79819608155	5.34261579226933	NA	0.170485539594693	NA
Total	499	15073.4085846278	NA	NA	1	NA
