	Df	SumsOfSqs	MeanSqs	F.Model	R2	Pr(>F)
IncomeGroup	4	3554.43266739313	888.608166848282	181.034319198949	0.24725643466697	0.001
Ethnicity	9	6149.15600220282	683.239555800313	139.194993303748	0.42775276157665	0.001
EducationLevel	4	1715.15325391179	428.788313477949	87.3561636128868	0.119310933179306	0.001
GeoRegion	1	595.757424060619	595.757424060619	121.37243803989	0.0414425789946508	0.001
Residuals	481	2360.9917177323	4.90850668967214	NA	0.164237291582423	NA
Total	499	14375.4910653007	NA	NA	1	NA
