	Df	SumsOfSqs	MeanSqs	F.Model	R2	Pr(>F)
IncomeGroup	4	4266.33497715325	1066.58374428831	209.055221433349	0.277949275978359	0.001
Ethnicity	9	6093.71953686766	677.079948540852	132.710721805288	0.39700233159322	0.001
EducationLevel	4	2002.56273875989	500.640684689972	98.1278308026735	0.130465813472283	0.001
GeoRegion	1	532.686891271862	532.686891271862	104.409031738795	0.0347042453405689	0.001
Residuals	481	2454.02519719529	5.10192348689249	NA	0.159878333615569	NA
Total	499	15349.329341248	NA	NA	1	NA
