	Df	SumsOfSqs	MeanSqs	F.Model	R2	Pr(>F)
IncomeGroup	4	2949.24136564737	737.310341411842	137.42034048598	0.210834252236388	0.001
Ethnicity	9	6000.27300590884	666.697000656538	124.259383987166	0.428945249158097	0.001
EducationLevel	4	1901.99056838869	475.497642097172	88.6235336834572	0.135968782995443	0.001
GeoRegion	1	556.189926352272	556.189926352272	103.663009673573	0.039760695272275	0.001
Residuals	481	2580.74076199279	5.36536540954843	NA	0.184491020337796	NA
Total	499	13988.43562829	NA	NA	1	NA
