	Df	SumsOfSqs	MeanSqs	F.Model	R2	Pr(>F)
IncomeGroup	4	5064.89031570252	1266.22257892563	244.915321597401	0.3404639938429	0.001
Ethnicity	9	5526.63257110011	614.07028567779	118.774711494871	0.371502496673121	0.001
EducationLevel	4	1282.14818832971	320.537047082428	61.998921261287	0.0861865244236044	0.001
GeoRegion	1	515.973100434756	515.973100434756	99.8005563412152	0.0346839223635102	0.001
Residuals	481	2486.79035876901	5.1700423259231	NA	0.167163062696864	NA
Total	499	14876.4345343361	NA	NA	1	NA
