	Df	SumsOfSqs	MeanSqs	F.Model	R2	Pr(>F)
IncomeGroup	4	4405.75395123162	1101.4384878079	223.704323425301	0.306608952600955	0.001
Ethnicity	9	5261.62291672968	584.62476852552	118.738440456135	0.366171309005734	0.001
EducationLevel	4	1766.03402359813	441.508505899534	89.6712460042489	0.122903332375541	0.001
GeoRegion	1	567.61380728931	567.61380728931	115.28348076816	0.0395018598090718	0.001
Residuals	481	2368.26854538871	4.92363522949836	NA	0.164814546208698	NA
Total	499	14369.2932442375	NA	NA	1	NA
