	Df	SumsOfSqs	MeanSqs	F.Model	R2	Pr(>F)
IncomeGroup	4	4277.74721294314	1069.43680323578	201.788206223398	0.301036985130098	0.001
Ethnicity	9	5262.76849318683	584.752054798537	110.334774215946	0.370355675957913	0.001
EducationLevel	4	1641.35779512816	410.33944878204	77.4254832654848	0.11550691931261	0.001
GeoRegion	1	478.962204044259	478.962204044259	90.3736655690796	0.0337059042340067	0.001
Residuals	481	2549.20300836078	5.29979835418041	NA	0.179394515365372	NA
Total	499	14210.0387136632	NA	NA	1	NA
