	Df	SumsOfSqs	MeanSqs	F.Model	R2	Pr(>F)
IncomeGroup	4	4555.75110106229	1138.93777526557	238.640510779622	0.300939148185803	0.001
Ethnicity	9	6185.41212617181	687.26801401909	144.002590369583	0.408589629928256	0.001
EducationLevel	4	1583.75609776447	395.939024441117	82.9607139935113	0.104618140987592	0.001
GeoRegion	1	517.902084942623	517.902084942623	108.515513989094	0.0342110463958276	0.001
Residuals	481	2295.62477935126	4.77260868887995	NA	0.151642034502522	NA
Total	499	15138.4461892924	NA	NA	1	NA
