	Df	SumsOfSqs	MeanSqs	F.Model	R2	Pr(>F)
IncomeGroup	4	4645.73524750658	1161.43381187665	220.38495709789	0.294964818753917	0.001
Ethnicity	9	5989.84081142298	665.537867935887	126.287467242817	0.380304131677424	0.001
EducationLevel	4	1963.59560336287	490.898900840717	93.1492884871111	0.124671680669443	0.001
GeoRegion	1	616.080645953974	616.080645953974	116.902836252048	0.0391159001514653	0.001
Residuals	481	2534.88110472316	5.27002308674254	NA	0.16094346874775	NA
Total	499	15750.1334129696	NA	NA	1	NA
