	Df	SumsOfSqs	MeanSqs	F.Model	R2	Pr(>F)
IncomeGroup	4	3652.63227143386	913.158067858465	175.139320371416	0.261814346740965	0.001
Ethnicity	9	5077.76949876125	564.196610973472	108.210193262034	0.363965711691393	0.001
EducationLevel	4	2122.19971812192	530.549929530481	101.756921776957	0.15211559542944	0.001
GeoRegion	1	590.745296344599	590.745296344599	113.302103278838	0.0423435983584639	0.001
Residuals	481	2507.88360779551	5.21389523450211	NA	0.179760747779739	NA
Total	499	13951.2303924571	NA	NA	1	NA
