	Df	SumsOfSqs	MeanSqs	F.Model	R2	Pr(>F)
IncomeGroup	4	4569.25182070571	1142.31295517643	214.880645486903	0.2985984211711	0.001
Ethnicity	9	5942.95867305445	660.328741450495	124.214529436482	0.388369506976544	0.001
EducationLevel	4	1683.84991214144	420.962478035361	79.1873090435483	0.110038786432409	0.001
GeoRegion	1	549.257743596821	549.257743596821	103.320948911532	0.0358937308534422	0.001
Residuals	481	2557.01266251711	5.31603464140771	NA	0.167099554566506	NA
Total	499	15302.3308120155	NA	NA	1	NA
