	Df	SumsOfSqs	MeanSqs	F.Model	R2	Pr(>F)
IncomeGroup	4	4027.22190802868	1006.80547700717	205.216651532598	0.29270764655146	0.001
Ethnicity	9	5476.96376722453	608.551529691614	124.040750731299	0.39807818172519	0.001
EducationLevel	4	1252.95776858523	313.239442146309	63.8474371795123	0.0910678199628875	0.001
GeoRegion	1	641.553881091135	641.553881091135	130.767603337469	0.0466295950307001	0.001
Residuals	481	2359.81549656815	4.9060613234265	NA	0.171516756729763	NA
Total	499	13758.5128214977	NA	NA	1	NA
