	Df	SumsOfSqs	MeanSqs	F.Model	R2	Pr(>F)
IncomeGroup	4	3306.03046422241	826.507616055603	160.134508667548	0.239925799676846	0.001
Ethnicity	9	5204.38771800591	578.265302000657	112.03796337327	0.377693702034478	0.001
EducationLevel	4	2214.08016564135	553.520041410338	107.243609311063	0.160680598693481	0.001
GeoRegion	1	572.287282680372	572.287282680372	110.879731836061	0.0415321290677437	0.001
Residuals	481	2482.60144943581	5.16133357471063	NA	0.180167770527451	NA
Total	499	13779.3870799859	NA	NA	1	NA
