	Df	SumsOfSqs	MeanSqs	F.Model	R2	Pr(>F)
IncomeGroup	4	4683.02217669311	1170.75554417328	212.379440677629	0.308429675227631	0.001
Ethnicity	9	5652.53273107781	628.059192341979	113.932289832737	0.372282848271921	0.001
EducationLevel	4	1606.99256176339	401.748140440848	72.8786173892137	0.105838532301783	0.001
GeoRegion	1	589.344413807545	589.344413807545	106.909284003704	0.0388149573693107	0.001
Residuals	481	2651.54392982005	5.51256534266123	NA	0.174633986829354	NA
Total	499	15183.4358131619	NA	NA	1	NA
