	Df	SumsOfSqs	MeanSqs	F.Model	R2	Pr(>F)
IncomeGroup	4	3775.92338684305	943.980846710762	183.268657850634	0.271928221410392	0.001
Ethnicity	9	5468.59510681476	607.621678534974	117.966386599975	0.393828260973539	0.001
EducationLevel	4	1699.24847318268	424.812118295671	82.4749220601369	0.122373673326359	0.001
GeoRegion	1	464.432151268928	464.432151268928	90.1669322235925	0.0334467085059031	0.001
Residuals	481	2477.53648983416	5.15080351316873	NA	0.178423135783807	NA
Total	499	13885.7356079436	NA	NA	1	NA
