	Df	SumsOfSqs	MeanSqs	F.Model	R2	Pr(>F)
IncomeGroup	4	4505.2020830126	1126.30052075315	226.473257506209	0.30949667251087	0.001
Ethnicity	9	5472.38208105654	608.042453450727	122.263421349545	0.375939639018935	0.001
EducationLevel	4	1654.63094381698	413.657735954246	83.1771034710672	0.11366921214829	0.001
GeoRegion	1	532.212289024448	532.212289024448	107.015710779929	0.0365617189833835	0.001
Residuals	481	2392.11709341626	4.97321641042881	NA	0.16433275733852	NA
Total	499	14556.5444903268	NA	NA	1	NA
