	Df	SumsOfSqs	MeanSqs	F.Model	R2	Pr(>F)
IncomeGroup	4	4197.37232226791	1049.34308056698	211.807801784199	0.294970275835989	0.001
Ethnicity	9	5360.05722598587	595.56191399843	120.212981022602	0.376677939685718	0.001
EducationLevel	4	1647.35137508862	411.837843772154	83.1286449554631	0.115767592722424	0.001
GeoRegion	1	642.052367417085	642.052367417085	129.596986049095	0.0451202203134171	0.001
Residuals	481	2382.98125706893	4.95422298766929	NA	0.167463971442452	NA
Total	499	14229.8145478284	NA	NA	1	NA
