	Df	SumsOfSqs	MeanSqs	F.Model	R2	Pr(>F)
IncomeGroup	4	4903.78450488786	1225.94612622196	239.305390880179	0.32867342152194	0.001
Ethnicity	9	5421.38405797734	602.376006441927	117.584143866634	0.363365242894306	0.001
EducationLevel	4	1570.09118118853	392.522795297132	76.6206760222296	0.105234485754479	0.001
GeoRegion	1	560.538383562831	560.538383562831	109.417415751563	0.0375697725371776	0.001
Residuals	481	2464.13206381974	5.12293568361693	NA	0.165157077292097	NA
Total	499	14919.9301914363	NA	NA	1	NA
