	Df	SumsOfSqs	MeanSqs	F.Model	R2	Pr(>F)
IncomeGroup	4	4004.96833191635	1001.24208297909	186.824543360417	0.277594210000089	0.001
Ethnicity	9	5867.78462378599	651.976069309554	121.65402703436	0.406710590970177	0.001
EducationLevel	4	1499.32680063691	374.831700159226	69.9408888316963	0.103922029904194	0.001
GeoRegion	1	477.534442603104	477.534442603104	89.1044790214434	0.0330990872726357	0.001
Residuals	481	2577.80607007215	5.35926417894417	NA	0.178674081852904	NA
Total	499	14427.4202690145	NA	NA	1	NA
