	Df	SumsOfSqs	MeanSqs	F.Model	R2	Pr(>F)
IncomeGroup	4	4402.06823315179	1100.51705828795	209.623171076025	0.289923962466114	0.001
Ethnicity	9	6062.67732103185	673.630813447983	128.311166270484	0.399293091104249	0.001
EducationLevel	4	1636.57318745167	409.143296862918	77.9323815719209	0.10778610376788	0.001
GeoRegion	1	556.968518092704	556.968518092704	106.089684001571	0.0366824208943942	0.001
Residuals	481	2525.23946813361	5.24997810422789	NA	0.166314421767363	NA
Total	499	15183.5267278616	NA	NA	1	NA
