	Df	SumsOfSqs	MeanSqs	F.Model	R2	Pr(>F)
IncomeGroup	4	4078.62979387387	1019.65744846847	195.57566054563	0.271970308028519	0.001
Ethnicity	9	6048.3849204158	672.042768935089	128.901337058647	0.403317092507711	0.001
EducationLevel	4	1807.27001734382	451.817504335954	86.6609732408724	0.120511987640059	0.001
GeoRegion	1	554.562907792148	554.562907792148	106.368081916589	0.0369792436371551	0.001
Residuals	481	2507.75189174885	5.21362139656725	NA	0.167221368186555	NA
Total	499	14996.5995311745	NA	NA	1	NA
