	Df	SumsOfSqs	MeanSqs	F.Model	R2	Pr(>F)
IncomeGroup	4	3611.82289549292	902.955723873231	172.624079928678	0.246101025629507	0.001
Ethnicity	9	5968.27790717646	663.141989686274	126.777285757299	0.406664268071095	0.001
EducationLevel	4	1985.53123685366	496.382809213416	94.8968188222132	0.135289378230275	0.001
GeoRegion	1	594.550529397637	594.550529397637	113.664197916735	0.0405112596345496	0.001
Residuals	481	2515.99720828328	5.23076342678437	NA	0.171434068434573	NA
Total	499	14676.179777204	NA	NA	1	NA
