	Df	SumsOfSqs	MeanSqs	F.Model	R2	Pr(>F)
IncomeGroup	4	4879.01626414235	1219.75406603559	236.691549121616	0.321888669296473	0.001
Ethnicity	9	5695.49677363271	632.832974848078	122.800342563205	0.375755229782832	0.001
EducationLevel	4	1480.57739044082	370.144347610204	71.8259864623506	0.0976797493998953	0.001
GeoRegion	1	623.613968481359	623.613968481359	121.011407433525	0.0411423655101184	0.001
Residuals	481	2478.76068216386	5.15334861156727	NA	0.163533986010681	NA
Total	499	15157.4650788611	NA	NA	1	NA
