	Df	SumsOfSqs	MeanSqs	F.Model	R2	Pr(>F)
IncomeGroup	4	3653.40067490352	913.35016872588	158.355173151074	0.251194933747957	0.001
Ethnicity	9	5636.80222489119	626.311358321244	108.588849041108	0.387566622834018	0.001
EducationLevel	4	1905.81335601461	476.453339003654	82.6067083357327	0.131036998758069	0.001
GeoRegion	1	573.790569493622	573.790569493622	99.4828797276833	0.0394518140534802	0.001
Residuals	481	2774.27899837555	5.76773180535457	NA	0.190749630606475	NA
Total	499	14544.0858236785	NA	NA	1	NA
