	Df	SumsOfSqs	MeanSqs	F.Model	R2	Pr(>F)
IncomeGroup	4	4159.93710385854	1039.98427596463	202.152819451376	0.283422381801968	0.001
Ethnicity	9	5850.69433714255	650.077148571394	126.36241862669	0.398616056644258	0.001
EducationLevel	4	1560.22006179999	390.055015449997	75.8191474012714	0.106299993247591	0.001
GeoRegion	1	632.140330141092	632.140330141092	122.875848203008	0.0430686122238455	0.001
Residuals	481	2474.52614362032	5.14454499713164	NA	0.168592956082338	NA
Total	499	14677.5179765625	NA	NA	1	NA
