	Df	SumsOfSqs	MeanSqs	F.Model	R2	Pr(>F)
IncomeGroup	4	4246.79287787964	1061.69821946991	207.709164030336	0.269315223874855	0.001
Ethnicity	9	6804.88391442542	756.098212713935	147.922003454103	0.431539490518055	0.001
EducationLevel	4	1710.45102677234	427.612756693085	83.6575653915801	0.108470206682687	0.001
GeoRegion	1	548.112896855846	548.112896855846	107.23204533301	0.0347592057748599	0.001
Residuals	481	2458.61489043614	5.11146546868221	NA	0.155915873149543	NA
Total	499	15768.8556063694	NA	NA	1	NA
