	Df	SumsOfSqs	MeanSqs	F.Model	R2	Pr(>F)
IncomeGroup	4	3563.55774558195	890.889436395488	159.582494938605	0.250786118704817	0.001
Ethnicity	9	5463.7441518299	607.082683536656	108.744997207258	0.384512132890889	0.001
EducationLevel	4	1913.11289751061	478.278224377652	85.6726201960589	0.134635718701525	0.001
GeoRegion	1	583.891357347076	583.891357347076	104.590800801875	0.0410914759094068	0.001
Residuals	481	2685.24325973905	5.5826263196238	NA	0.188974553793362	NA
Total	499	14209.5494120086	NA	NA	1	NA
