	Df	SumsOfSqs	MeanSqs	F.Model	R2	Pr(>F)
IncomeGroup	4	4151.38329620471	1037.84582405118	190.642994938614	0.271712550053878	0.001
Ethnicity	9	5667.38804646872	629.709782940969	115.672054731023	0.370936709134687	0.001
EducationLevel	4	2195.25673845162	548.814184612906	100.812256883195	0.143681940179546	0.001
GeoRegion	1	646.029874259797	646.029874259797	118.669909532373	0.0422833576236127	0.001
Residuals	481	2618.52706169118	5.44392320517917	NA	0.171385443008276	NA
Total	499	15278.585017076	NA	NA	1	NA
