	Df	SumsOfSqs	MeanSqs	F.Model	R2	Pr(>F)
IncomeGroup	4	3461.03420118854	865.258550297135	176.392214933884	0.249955745950768	0.001
Ethnicity	9	5770.21384886635	641.134872096261	130.702204701214	0.41672460399078	0.001
EducationLevel	4	1618.05408290306	404.513520725766	82.4644100506354	0.116855798518788	0.001
GeoRegion	1	637.831483617059	637.831483617059	130.028773608931	0.0460641631982827	0.001
Residuals	481	2359.45425850523	4.90531030874269	NA	0.170399688341382	NA
Total	499	13846.5878750802	NA	NA	1	NA
