	Df	SumsOfSqs	MeanSqs	F.Model	R2	Pr(>F)
IncomeGroup	4	4180.98099436438	1045.24524859109	196.183660194496	0.304086722696155	0.001
Ethnicity	9	4880.45553887757	542.272837653064	101.780008336065	0.354960171328691	0.001
EducationLevel	4	1629.55170302808	407.387925757019	76.4632553955974	0.118518844621794	0.001
GeoRegion	1	495.600632524949	495.600632524949	93.0200316284702	0.0360455051849774	0.001
Residuals	481	2562.7157943423	5.3278914643291	NA	0.186388756168382	NA
Total	499	13749.3046631373	NA	NA	1	NA
