	Df	SumsOfSqs	MeanSqs	F.Model	R2	Pr(>F)
IncomeGroup	4	4360.30186052361	1090.0754651309	206.997025660506	0.285863102338805	0.001
Ethnicity	9	6201.45084741959	689.050094157732	130.845363081917	0.406569552969457	0.001
EducationLevel	4	1709.38410419162	427.346026047904	81.1497544430383	0.112067893174299	0.001
GeoRegion	1	448.961306673516	448.961306673516	85.2543315493413	0.0294340795800691	0.001
Residuals	481	2533.01368488215	5.26614071701071	NA	0.16606537193737	NA
Total	499	15253.1118036905	NA	NA	1	NA
