	Df	SumsOfSqs	MeanSqs	F.Model	R2	Pr(>F)
IncomeGroup	4	3908.26307283991	977.065768209977	184.144315639086	0.265274669071383	0.001
Ethnicity	9	5982.30739614629	664.700821794032	125.273939499736	0.406051124302347	0.001
EducationLevel	4	1698.74641715664	424.686604289161	80.039263120626	0.115302983767665	0.001
GeoRegion	1	591.399572300263	591.399572300263	111.45909830614	0.0401414446538041	0.001
Residuals	481	2552.17562854405	5.30597843772152	NA	0.173229778204801	NA
Total	499	14732.8920869872	NA	NA	1	NA
