	Df	SumsOfSqs	MeanSqs	F.Model	R2	Pr(>F)
IncomeGroup	4	4752.52900988345	1188.13225247086	240.125733419194	0.324980404672179	0.001
Ethnicity	9	5373.71067670482	597.078964078313	120.671771901078	0.367457130019616	0.001
EducationLevel	4	1558.27594044305	389.568985110762	78.7332707049687	0.106555718999918	0.001
GeoRegion	1	559.564073335298	559.564073335298	113.08987970425	0.0382632822681028	0.001
Residuals	481	2379.96821623785	4.94795886951737	NA	0.162743464040184	NA
Total	499	14624.0479166045	NA	NA	1	NA
