	Df	SumsOfSqs	MeanSqs	F.Model	R2	Pr(>F)
IncomeGroup	4	3901.6604515554	975.415112888851	196.765859730451	0.277321579735865	0.001
Ethnicity	9	5653.46913287763	628.163236986403	126.716387457467	0.401836349006885	0.001
EducationLevel	4	1585.10727261856	396.27681815464	79.9390411170822	0.112665993966273	0.001
GeoRegion	1	544.415334037833	544.415334037833	109.822320606797	0.038695863554096	0.001
Residuals	481	2384.43127248934	4.95723757274291	NA	0.16948021373688	NA
Total	499	14069.0834635788	NA	NA	1	NA
