	Df	SumsOfSqs	MeanSqs	F.Model	R2	Pr(>F)
IncomeGroup	4	3688.25039954973	922.062599887432	174.346099517989	0.241976496143039	0.001
Ethnicity	9	6651.36394592568	739.040438436186	139.739772378951	0.4363786532508	0.001
EducationLevel	4	1750.96669391573	437.741673478932	82.7693839624839	0.114876361298196	0.001
GeoRegion	1	607.743223491942	607.743223491942	114.913738543614	0.0398724489511909	0.001
Residuals	481	2543.86023990225	5.28869072744751	NA	0.166896040356774	NA
Total	499	15242.1845027853	NA	NA	1	NA
