	Df	SumsOfSqs	MeanSqs	F.Model	R2	Pr(>F)
IncomeGroup	4	4305.36128640602	1076.34032160151	210.136849690404	0.291722286213675	0.001
Ethnicity	9	5434.57200418733	603.841333798592	117.889586639741	0.368235245357955	0.001
EducationLevel	4	1967.65858678245	491.914646695611	96.0378349659693	0.133324435102939	0.001
GeoRegion	1	587.106097673441	587.106097673441	114.622320954728	0.0397810826246031	0.001
Residuals	481	2463.72635476874	5.12209221365642	NA	0.166936950700829	NA
Total	499	14758.424329818	NA	NA	1	NA
