	Df	SumsOfSqs	MeanSqs	F.Model	R2	Pr(>F)
IncomeGroup	4	3996.93933713123	999.234834282808	197.710460125903	0.26800723623932	0.001
Ethnicity	9	6218.70841121716	690.967601246351	136.716132872369	0.416983775256582	0.001
EducationLevel	4	1697.84514628695	424.461286571737	83.9846984857809	0.113845807213403	0.001
GeoRegion	1	569.068168900614	569.068168900614	112.596884792451	0.0381577938303887	0.001
Residuals	481	2430.98900778422	5.0540312012146	NA	0.163005387460306	NA
Total	499	14913.5500713202	NA	NA	1	NA
