	Df	SumsOfSqs	MeanSqs	F.Model	R2	Pr(>F)
IncomeGroup	4	3684.96711630159	921.241779075397	177.381538704731	0.252052031953349	0.001
Ethnicity	9	6022.00760410875	669.111956012084	128.834917194351	0.411905779657955	0.001
EducationLevel	4	1904.08280702572	476.020701756429	91.6559435869341	0.130239409300333	0.001
GeoRegion	1	510.706531406642	510.706531406642	98.3345658274278	0.0349323657200191	0.001
Residuals	481	2498.10267162513	5.1935606478693	NA	0.170870413368344	NA
Total	499	14619.8667304678	NA	NA	1	NA
