	Df	SumsOfSqs	MeanSqs	F.Model	R2	Pr(>F)
IncomeGroup	4	3620.0288348203	905.007208705074	171.766022843424	0.253083526688629	0.001
Ethnicity	9	5644.75011424214	627.194457138015	119.038496506766	0.394635880368439	0.001
EducationLevel	4	1896.35167310459	474.087918276147	89.979610567886	0.132577775252726	0.001
GeoRegion	1	608.250764902821	608.250764902821	115.443074678177	0.0425240393700632	0.001
Residuals	481	2534.31068718376	5.26883718749223	NA	0.177178778320143	NA
Total	499	14303.6920742536	NA	NA	1	NA
