	Df	SumsOfSqs	MeanSqs	F.Model	R2	Pr(>F)
IncomeGroup	4	4634.06781459482	1158.5169536487	215.245688665699	0.312146068684581	0.001
Ethnicity	9	5344.40921860631	593.823246511812	110.328893538052	0.359993939185686	0.001
EducationLevel	4	1804.74622833686	451.186557084214	83.8278290968762	0.121565860209133	0.001
GeoRegion	1	473.721352971344	473.721352971344	88.0146626554096	0.0319093858566838	0.001
Residuals	481	2588.88648669054	5.38230038813003	NA	0.174384746063917	NA
Total	499	14845.8311011999	NA	NA	1	NA
