	Df	SumsOfSqs	MeanSqs	F.Model	R2	Pr(>F)
IncomeGroup	4	4129.6463411933	1032.41158529833	199.774188489415	0.281677808120623	0.001
Ethnicity	9	5670.58751661279	630.065279623644	121.919185840789	0.386783402370991	0.001
EducationLevel	4	1870.97046046115	467.742615115289	90.5093498438147	0.127616462723257	0.001
GeoRegion	1	503.925639045699	503.925639045699	97.5108542299769	0.034372112702794	0.001
Residuals	481	2485.75642470852	5.1678927748618	NA	0.169550214082335	NA
Total	499	14660.8863820215	NA	NA	1	NA
