	Df	SumsOfSqs	MeanSqs	F.Model	R2	Pr(>F)
IncomeGroup	4	4070.1555007346	1017.53887518365	201.821118578908	0.273166324369134	0.001
Ethnicity	9	6362.91608552207	706.990676169119	140.226238593152	0.427043733104939	0.001
EducationLevel	4	1484.15822934124	371.039557335311	73.5928821244497	0.0996084911788206	0.001
GeoRegion	1	557.587936046641	557.587936046641	110.593338204132	0.0374222181375976	0.001
Residuals	481	2425.09903031766	5.04178592581634	NA	0.162759233209509	NA
Total	499	14899.9167819622	NA	NA	1	NA
