	Df	SumsOfSqs	MeanSqs	F.Model	R2	Pr(>F)
IncomeGroup	4	4152.0918011781	1038.02295029452	198.18655106731	0.285720010138634	0.001
Ethnicity	9	5790.22877546699	643.358752829665	122.834521419877	0.398445964986137	0.001
EducationLevel	4	1543.98080879921	385.995202199802	73.6968848625188	0.106246738624323	0.001
GeoRegion	1	526.440564477154	526.440564477154	100.511688865888	0.0362262229792517	0.001
Residuals	481	2519.28819792668	5.23760540109496	NA	0.173361063271654	NA
Total	499	14532.0301478481	NA	NA	1	NA
