	Df	SumsOfSqs	MeanSqs	F.Model	R2	Pr(>F)
IncomeGroup	4	4193.04370018903	1048.26092504726	192.703587024258	0.27667331509674	0.001
Ethnicity	9	6006.16324154349	667.35147128261	122.680354909039	0.396309987175927	0.001
EducationLevel	4	1818.05552495338	454.513881238346	83.5540590840951	0.11996236745544	0.001
GeoRegion	1	521.429273021524	521.429273021524	95.8552292561785	0.0344059294084734	0.001
Residuals	481	2616.5237125776	5.43975823820706	NA	0.17264840086342	NA
Total	499	15155.215452285	NA	NA	1	NA
