	Df	SumsOfSqs	MeanSqs	F.Model	R2	Pr(>F)
IncomeGroup	4	3427.08505006901	856.771262517252	169.737118108802	0.252467502712133	0.001
Ethnicity	9	5387.76013914784	598.640015460871	118.598084989914	0.396907087997492	0.001
EducationLevel	4	1717.54671931106	429.386679827765	85.0668793140154	0.126528733509881	0.001
GeoRegion	1	614.056072898127	614.056072898127	121.652199053348	0.0452364621784593	0.001
Residuals	481	2427.91312744356	5.04763643959159	NA	0.178860213602034	NA
Total	499	13574.3611088696	NA	NA	1	NA
