	Df	SumsOfSqs	MeanSqs	F.Model	R2	Pr(>F)
IncomeGroup	4	4604.95469182246	1151.23867295562	209.292649414005	0.319325305981047	0.001
Ethnicity	9	5305.87400443144	589.541556047938	107.177353491916	0.36792975248393	0.001
EducationLevel	4	1412.51098245509	353.127745613773	64.1978446323015	0.0979489553882133	0.001
GeoRegion	1	451.75230361552	451.75230361552	82.1275715658811	0.0313262458012541	0.001
Residuals	481	2645.7967025697	5.50061684525925	NA	0.183469740345555	NA
Total	499	14420.8886848942	NA	NA	1	NA
