	Df	SumsOfSqs	MeanSqs	F.Model	R2	Pr(>F)
IncomeGroup	4	4296.28118735518	1074.07029683879	215.86265681584	0.294162021639364	0.001
Ethnicity	9	5689.90627537163	632.211808374626	127.059579831744	0.389582119957143	0.001
EducationLevel	4	1581.51650914027	395.379127285067	79.4618277001776	0.10828483362634	0.001
GeoRegion	1	644.131317907042	644.131317907042	129.455118562479	0.0441030189631066	0.001
Residuals	481	2393.31721567854	4.97571146710716	NA	0.163868005814046	NA
Total	499	14605.1525054527	NA	NA	1	NA
