	Df	SumsOfSqs	MeanSqs	F.Model	R2	Pr(>F)
IncomeGroup	4	4679.38425781394	1169.84606445349	209.435557558279	0.305940758829529	0.001
Ethnicity	9	5759.35616946786	639.928463274206	114.56530784318	0.376549926181888	0.001
EducationLevel	4	1625.58820861057	406.397052152643	72.7565752400018	0.106281865879293	0.001
GeoRegion	1	544.011889096775	544.011889096775	97.3935261854669	0.0355678014440956	0.001
Residuals	481	2686.72599611241	5.58570893162663	NA	0.175659647665194	NA
Total	499	15295.0665211016	NA	NA	1	NA
