	Df	SumsOfSqs	MeanSqs	F.Model	R2	Pr(>F)
IncomeGroup	4	4940.4585703776	1235.1146425944	240.133361261007	0.32041940876214	0.001
Ethnicity	9	5721.17446914926	635.686052127696	123.591303300816	0.371053681498588	0.001
EducationLevel	4	1767.94344710356	441.985861775891	85.9317402270823	0.114662107975642	0.001
GeoRegion	1	515.147094496146	515.147094496146	100.155887622996	0.0334104871223267	0.001
Residuals	481	2474.00086338764	5.14345293843583	NA	0.160454314641303	NA
Total	499	15418.7244445142	NA	NA	1	NA
