	Df	SumsOfSqs	MeanSqs	F.Model	R2	Pr(>F)
IncomeGroup	4	4687.91135398612	1171.97783849653	233.251993158053	0.307173492888219	0.001
Ethnicity	9	5841.66732736296	649.074147484774	129.181485890901	0.382772885778075	0.001
EducationLevel	4	1770.65889199256	442.664722998139	88.1010080126862	0.116021706789413	0.001
GeoRegion	1	544.416287184062	544.416287184062	108.352035270815	0.035672656731738	0.001
Residuals	481	2416.7910965496	5.02451371424033	NA	0.158359257812555	NA
Total	499	15261.4449570753	NA	NA	1	NA
