	Df	SumsOfSqs	MeanSqs	F.Model	R2	Pr(>F)
IncomeGroup	4	3608.87887046758	902.219717616895	174.88349469361	0.246934968892962	0.001
Ethnicity	9	5858.77961260432	650.975512511591	126.183090842548	0.400882826306033	0.001
EducationLevel	4	2078.05644538141	519.514111345352	100.701017236357	0.142189533679636	0.001
GeoRegion	1	587.511151843195	587.511151843195	113.881354396906	0.0402000325341679	0.001
Residuals	481	2481.46736165138	5.15897580384903	NA	0.1697926385872	NA
Total	499	14614.6934419479	NA	NA	1	NA
