	Df	SumsOfSqs	MeanSqs	F.Model	R2	Pr(>F)
IncomeGroup	4	4059.05195592486	1014.76298898121	206.017872901315	0.285309249333409	0.001
Ethnicity	9	5524.55212115605	613.839124572894	124.622036989224	0.388318709813406	0.001
EducationLevel	4	1772.33764303427	443.084410758567	89.9552987361684	0.124576952448551	0.001
GeoRegion	1	501.691735593458	501.691735593458	101.853797725615	0.0352637251341442	0.001
Residuals	481	2369.21676176014	4.92560657330589	NA	0.16653136327049	NA
Total	499	14226.8502174688	NA	NA	1	NA
