	Df	SumsOfSqs	MeanSqs	F.Model	R2	Pr(>F)
IncomeGroup	4	4672.5055448964	1168.1263862241	244.884441718337	0.330013762225887	0.001
Ethnicity	9	5325.06481222754	591.673868025282	124.03771249364	0.376103282466808	0.001
EducationLevel	4	1329.77908611837	332.444771529593	69.6932739798467	0.0939207872355678	0.001
GeoRegion	1	536.743595624283	536.743595624283	112.522204198484	0.0379095908267236	0.001
Residuals	481	2294.42421017521	4.77011270306696	NA	0.162052577245014	NA
Total	499	14158.5172490418	NA	NA	1	NA
