	Df	SumsOfSqs	MeanSqs	F.Model	R2	Pr(>F)
IncomeGroup	4	3620.00473528929	905.001183822322	162.687293012256	0.23736706086604	0.001
Ethnicity	9	6348.4494419692	705.383271329911	126.803032968544	0.416273705502891	0.001
EducationLevel	4	2071.81142969693	517.952857424233	93.1096553116279	0.135850592940324	0.001
GeoRegion	1	534.676512720967	534.676512720967	96.1159786823937	0.0350592337909022	0.001
Residuals	481	2675.71954366308	5.56282649410205	NA	0.175449406899843	NA
Total	499	15250.6616633395	NA	NA	1	NA
