	Df	SumsOfSqs	MeanSqs	F.Model	R2	Pr(>F)
IncomeGroup	4	4725.56116868828	1181.39029217207	209.398682187228	0.310522310457001	0.001
Ethnicity	9	5647.50477769377	627.500530854864	111.223009959909	0.371104334339451	0.001
EducationLevel	4	1549.46765475543	387.366913688857	68.6598847026636	0.101817384001105	0.001
GeoRegion	1	581.854696385071	581.854696385071	103.132391940916	0.0382343722199456	0.001
Residuals	481	2713.71684195549	5.64182295624842	NA	0.178321598982498	NA
Total	499	15218.105139478	NA	NA	1	NA
