	Df	SumsOfSqs	MeanSqs	F.Model	R2	Pr(>F)
IncomeGroup	4	3592.06175261416	898.01543815354	177.533411120908	0.259644528097534	0.001
Ethnicity	9	5608.21739241646	623.135265824052	123.190899210981	0.405378041527998	0.001
EducationLevel	4	1627.22783157873	406.806957894682	80.4238143736839	0.117620695727169	0.001
GeoRegion	1	573.99234054857	573.99234054857	113.475574968276	0.0414898129980286	0.001
Residuals	481	2433.03738166602	5.05828977477344	NA	0.17586692164927	NA
Total	499	13834.5366988239	NA	NA	1	NA
