	Df	SumsOfSqs	MeanSqs	F.Model	R2	Pr(>F)
IncomeGroup	4	4851.38512877886	1212.84628219472	222.955200896257	0.316010492443506	0.001
Ethnicity	9	5639.77750007684	626.641944452982	115.194384207302	0.36736495202138	0.001
EducationLevel	4	1758.83001617661	439.707504044152	80.8305853255826	0.114567020507047	0.001
GeoRegion	1	485.406938299167	485.406938299167	89.231424487768	0.0316185339929969	0.001
Residuals	481	2616.57525543488	5.43986539591451	NA	0.170439001035071	NA
Total	499	15351.9748387664	NA	NA	1	NA
