	Df	SumsOfSqs	MeanSqs	F.Model	R2	Pr(>F)
IncomeGroup	4	4731.02028616987	1182.75507154247	221.299648285871	0.325702047287	0.001
Ethnicity	9	5116.06288973563	568.451432192848	106.360230481041	0.352209894788878	0.001
EducationLevel	4	1624.77124331495	406.192810828738	76.0007953763581	0.111855643880391	0.001
GeoRegion	1	483.007632724946	483.007632724946	90.3732495537083	0.0332521454819468	0.001
Residuals	481	2570.74601707919	5.34458631409395	NA	0.176980268561784	NA
Total	499	14525.6080690246	NA	NA	1	NA
