	Df	SumsOfSqs	MeanSqs	F.Model	R2	Pr(>F)
IncomeGroup	4	4675.47516151826	1168.86879037957	229.650214416309	0.319428254046219	0.001
Ethnicity	9	5203.83774345793	578.204193717548	113.601045862919	0.355525962027098	0.001
EducationLevel	4	1471.44377838259	367.860944595649	72.2744464537751	0.100528973167145	0.001
GeoRegion	1	838.071637115643	838.071637115643	164.657772321337	0.0572570167868403	0.001
Residuals	481	2448.18359783183	5.08977878967116	NA	0.167259793972698	NA
Total	499	14637.0119183063	NA	NA	1	NA
