	Df	SumsOfSqs	MeanSqs	F.Model	R2	Pr(>F)
IncomeGroup	4	4735.96241981201	1183.990604953	219.057870490654	0.298689183058511	0.001
Ethnicity	9	6082.94481706241	675.882757451379	125.049503711668	0.383641096981191	0.001
EducationLevel	4	1920.36185847143	480.090464617857	88.8246869376391	0.121113992012277	0.001
GeoRegion	1	516.785303919545	516.785303919545	95.6138399273654	0.0325927797903642	0.001
Residuals	481	2599.76726563994	5.40492155018698	NA	0.163962948157658	NA
Total	499	15855.8216649053	NA	NA	1	NA
