	Df	SumsOfSqs	MeanSqs	F.Model	R2	Pr(>F)
IncomeGroup	4	4342.89929649528	1085.72482412382	208.731593861195	0.290439347588321	0.001
Ethnicity	9	5680.65539697479	631.183932997199	121.345690387436	0.379904237867751	0.001
EducationLevel	4	1868.90545137943	467.226362844858	89.8246970536744	0.124986476301889	0.001
GeoRegion	1	558.462568451319	558.462568451319	107.364941313497	0.0373482074899582	0.001
Residuals	481	2501.9386415975	5.20153563741683	NA	0.167321730752081	NA
Total	499	14952.8613548983	NA	NA	1	NA
