	Df	SumsOfSqs	MeanSqs	F.Model	R2	Pr(>F)
IncomeGroup	4	4834.89696958536	1208.72424239634	222.825325511903	0.31066712638412	0.001
Ethnicity	9	5786.99195408689	642.999106009655	118.535295375902	0.371844151404612	0.001
EducationLevel	4	1572.30923471233	393.077308678082	72.4628299701269	0.101028997061996	0.001
GeoRegion	1	759.549550628582	759.549550628582	140.021081670121	0.0488049854473668	0.001
Residuals	481	2609.2023393525	5.42453708805093	NA	0.167654739701905	NA
Total	499	15562.9500483657	NA	NA	1	NA
