	Df	SumsOfSqs	MeanSqs	F.Model	R2	Pr(>F)
IncomeGroup	4	4429.98648333966	1107.49662083492	210.296723142897	0.285502299853042	0.001
Ethnicity	9	6340.07990348033	704.453322608926	133.764945702589	0.408603367189304	0.001
EducationLevel	4	1682.1380139578	420.534503489451	79.853090644815	0.108409872910747	0.001
GeoRegion	1	531.145308539555	531.145308539555	100.856396125511	0.0342310767119714	0.001
Residuals	481	2533.11543166376	5.2663522487812	NA	0.163253383334936	NA
Total	499	15516.4651409811	NA	NA	1	NA
