	Df	SumsOfSqs	MeanSqs	F.Model	R2	Pr(>F)
IncomeGroup	4	3765.59150538705	941.397876346762	186.358520094996	0.269550187996072	0.001
Ethnicity	9	5698.19327661009	633.132586290011	125.334520896521	0.407890517798035	0.001
EducationLevel	4	1629.47508010082	407.368770025204	80.6424605602701	0.116641784842497	0.001
GeoRegion	1	446.857133786276	446.857133786276	88.4595517354105	0.0319871192207547	0.001
Residuals	481	2429.79166335927	5.05154191966585	NA	0.17393039014264	NA
Total	499	13969.9086592435	NA	NA	1	NA
