	Df	SumsOfSqs	MeanSqs	F.Model	R2	Pr(>F)
IncomeGroup	4	4353.42658049564	1088.35664512391	208.013475785283	0.300973577132963	0.001
Ethnicity	9	5318.45821148012	590.939801275568	112.944081881542	0.367690912696892	0.001
EducationLevel	4	1663.75773802376	415.93943450594	79.4969258242506	0.115023673567649	0.001
GeoRegion	1	612.176751452684	612.176751452684	117.003019584741	0.0423227596275149	0.001
Residuals	481	2516.66169380762	5.23214489357094	NA	0.17398907697498	NA
Total	499	14464.4809752598	NA	NA	1	NA
