	Df	SumsOfSqs	MeanSqs	F.Model	R2	Pr(>F)
IncomeGroup	4	4309.49661960177	1077.37415490044	203.676373493973	0.28000818100089	0.001
Ethnicity	9	6279.02717985933	697.669686651037	131.893670390572	0.407977806756008	0.001
EducationLevel	4	1682.7259491697	420.681487292426	79.5293625135179	0.109334586783722	0.001
GeoRegion	1	575.044355496479	575.044355496479	108.711489312202	0.0373633252767877	0.001
Residuals	481	2544.31557090959	5.28963736155839	NA	0.165316100182593	NA
Total	499	15390.6096750369	NA	NA	1	NA
