	Df	SumsOfSqs	MeanSqs	F.Model	R2	Pr(>F)
IncomeGroup	4	4718.00220120558	1179.5005503014	233.327087141706	0.299014297787864	0.001
Ethnicity	9	6378.02836131628	708.669817924031	140.188034943439	0.404222293758733	0.001
EducationLevel	4	1712.70072988246	428.175182470615	84.7009932184505	0.108546368616722	0.001
GeoRegion	1	538.264550787742	538.264550787742	106.478712294666	0.0341137604040901	0.001
Residuals	481	2431.52122475352	5.05513768140024	NA	0.15410327943259	NA
Total	499	15778.5170679456	NA	NA	1	NA
