	Df	SumsOfSqs	MeanSqs	F.Model	R2	Pr(>F)
IncomeGroup	4	4217.32614412445	1054.33153603111	200.861148132742	0.289921853217531	0.001
Ethnicity	9	5530.40716745921	614.489685273246	117.066690582296	0.380190158465955	0.001
EducationLevel	4	1732.69542980612	433.173857451529	82.5241353173707	0.119114873477547	0.001
GeoRegion	1	541.198826512133	541.198826512133	103.104017992792	0.0372049401396546	0.001
Residuals	481	2524.79622637534	5.24905660369094	NA	0.173568174699312	NA
Total	499	14546.4237942773	NA	NA	1	NA
