	Df	SumsOfSqs	MeanSqs	F.Model	R2	Pr(>F)
IncomeGroup	4	4321.59573374949	1080.39893343737	199.789088730669	0.283008005504408	0.001
Ethnicity	9	5935.22159748795	659.46906638755	121.950068388578	0.388679397615565	0.001
EducationLevel	4	1846.49088696391	461.622721740978	85.3640077379319	0.120921005873062	0.001
GeoRegion	1	565.813676664786	565.813676664786	104.631164798128	0.0370533964733174	0.001
Residuals	481	2601.10244400751	5.40769738878899	NA	0.170338194533648	NA
Total	499	15270.2243388736	NA	NA	1	NA
