	Df	SumsOfSqs	MeanSqs	F.Model	R2	Pr(>F)
IncomeGroup	4	4622.94300231526	1155.73575057882	225.665964019481	0.300135671961089	0.001
Ethnicity	9	5942.96356514459	660.329285016066	128.93418292098	0.385835465021229	0.001
EducationLevel	4	1825.90269677201	456.475674193003	89.1302557843491	0.11854321642226	0.001
GeoRegion	1	547.620072781896	547.620072781896	106.926874572197	0.0355531786659407	0.001
Residuals	481	2463.41489042814	5.12144467864478	NA	0.159932467929481	NA
Total	499	15402.8442274419	NA	NA	1	NA
