	Df	SumsOfSqs	MeanSqs	F.Model	R2	Pr(>F)
IncomeGroup	4	4128.86914205417	1032.21728551354	187.055406109503	0.278677223783245	0.001
Ethnicity	9	5777.55017250775	641.950019167528	116.332310282562	0.389954630904538	0.001
EducationLevel	4	1741.83937488679	435.459843721698	78.9127628987705	0.117565111552142	0.001
GeoRegion	1	513.420936654127	513.420936654127	93.0406447932894	0.0346532467695941	0.001
Residuals	481	2654.27514049695	5.51824353533669	NA	0.179149786990481	NA
Total	499	14815.9547665998	NA	NA	1	NA
