	Df	SumsOfSqs	MeanSqs	F.Model	R2	Pr(>F)
IncomeGroup	4	3235.27190067919	808.817975169797	154.378856133052	0.226644787112652	0.001
Ethnicity	9	6045.50371075092	671.72263452788	128.211507583427	0.423513677853241	0.001
EducationLevel	4	1936.15747150132	484.039367875331	92.3884560308789	0.135636203514414	0.001
GeoRegion	1	537.659611581512	537.659611581512	102.622936647111	0.0376653808232875	0.001
Residuals	481	2520.04358499311	5.23917585237652	NA	0.176539950696405	NA
Total	499	14274.6362795061	NA	NA	1	NA
