	Df	SumsOfSqs	MeanSqs	F.Model	R2	Pr(>F)
IncomeGroup	4	4274.20436165047	1068.55109041262	207.828282872894	0.281552700458627	0.001
Ethnicity	9	5987.35109558446	665.261232842718	129.390256511009	0.394402028288787	0.001
EducationLevel	4	1863.98361365416	465.99590341354	90.6340644833763	0.122785336317496	0.001
GeoRegion	1	582.227275404735	582.227275404735	113.240532881217	0.0383527898529335	0.001
Residuals	481	2473.06606869677	5.14150949833008	NA	0.162907145082156	NA
Total	499	15180.8324149906	NA	NA	1	NA
