	Df	SumsOfSqs	MeanSqs	F.Model	R2	Pr(>F)
IncomeGroup	4	3943.06640363954	985.766600909886	185.26783139107	0.274711099185558	0.001
Ethnicity	9	5645.66587672702	627.296208525224	117.895867121119	0.393330195301437	0.001
EducationLevel	4	1726.89720795297	431.724301988243	81.1395163057438	0.120311904902071	0.001
GeoRegion	1	478.5848609692	478.5848609692	89.9466255465739	0.0333427235942727	0.001
Residuals	481	2559.28798581765	5.32076504327993	NA	0.178304077016662	NA
Total	499	14353.5023351064	NA	NA	1	NA
