	Df	SumsOfSqs	MeanSqs	F.Model	R2	Pr(>F)
IncomeGroup	4	3938.34495348641	984.586238371602	183.666267589501	0.273882224861629	0.001
Ethnicity	9	5386.13355769984	598.459284188871	111.637537421856	0.37456501642367	0.001
EducationLevel	4	1886.26903183672	471.56725795918	87.9668989991401	0.131175802330291	0.001
GeoRegion	1	590.441438465179	590.441438465179	110.141875852775	0.041060754384704	0.001
Residuals	481	2578.51366433393	5.36073526888551	NA	0.179316201999705	NA
Total	499	14379.7026458221	NA	NA	1	NA
