	Df	SumsOfSqs	MeanSqs	F.Model	R2	Pr(>F)
IncomeGroup	4	3820.51786633743	955.129466584358	180.857833338876	0.264295395341277	0.001
Ethnicity	9	5866.0990779809	651.788786442322	123.418983325987	0.405804403792082	0.001
EducationLevel	4	1716.91777032193	429.229442580483	81.2764234653662	0.118772762424145	0.001
GeoRegion	1	511.737121633842	511.737121633842	96.8996039759339	0.0354008984134607	0.001
Residuals	481	2540.21219288998	5.2811064301247	NA	0.175726540029035	NA
Total	499	14455.4840291641	NA	NA	1	NA
