	Df	SumsOfSqs	MeanSqs	F.Model	R2	Pr(>F)
IncomeGroup	4	4016.8338834737	1004.20847086843	195.367496377508	0.270503831017332	0.001
Ethnicity	9	5995.1857594454	666.131751049488	129.59509527694	0.403731088373536	0.001
EducationLevel	4	1854.92969266725	463.732423166813	90.2185603202761	0.124915692978664	0.001
GeoRegion	1	510.115404113316	510.115404113316	99.2423109905004	0.0343524713932846	0.001
Residuals	481	2472.38810674201	5.14010001401665	NA	0.166496916237184	NA
Total	499	14849.4528464417	NA	NA	1	NA
