	Df	SumsOfSqs	MeanSqs	F.Model	R2	Pr(>F)
IncomeGroup	4	3988.93914598318	997.234786495795	191.744734927082	0.263450978031822	0.001
Ethnicity	9	6200.88617469605	688.987352744006	132.476021804489	0.409539846962249	0.001
EducationLevel	4	1914.54887966747	478.637219916868	92.0306512588571	0.126447096929528	0.001
GeoRegion	1	535.124857017759	535.124857017759	102.891891910748	0.0353425213549402	0.001
Residuals	481	2501.60679763587	5.20084573313071	NA	0.165219556721461	NA
Total	499	15141.1058550003	NA	NA	1	NA
