	Df	SumsOfSqs	MeanSqs	F.Model	R2	Pr(>F)
IncomeGroup	4	3725.84290607062	931.460726517655	185.527395047098	0.264204383027503	0.001
Ethnicity	9	5867.18211032379	651.90912336931	129.846592586159	0.416049540640166	0.001
EducationLevel	4	1566.5234291277	391.630857281924	78.0046336931629	0.111084220812547	0.001
GeoRegion	1	527.661817381999	527.661817381999	105.099141228091	0.0374171881163955	0.001
Residuals	481	2414.91349210856	5.02061017070387	NA	0.171244667403388	NA
Total	499	14102.1237550127	NA	NA	1	NA
