	Df	SumsOfSqs	MeanSqs	F.Model	R2	Pr(>F)
IncomeGroup	4	3012.65443223843	753.163608059607	144.508374780455	0.226749741311672	0.001
Ethnicity	9	5281.06486815829	586.784985350921	112.585557336068	0.397483388698953	0.001
EducationLevel	4	1947.70531010903	486.926327527257	93.4258260433774	0.146595530669758	0.001
GeoRegion	1	537.903132882786	537.903132882786	103.206669427998	0.0404856909331235	0.001
Residuals	481	2506.92526316938	5.21190283403198	NA	0.188685648386494	NA
Total	499	13286.2530065579	NA	NA	1	NA
