	Df	SumsOfSqs	MeanSqs	F.Model	R2	Pr(>F)
IncomeGroup	4	4223.28172202072	1055.82043050518	216.587042729933	0.291244945445019	0.001
Ethnicity	9	5484.20610314373	609.356233682637	125.001052081579	0.378200511462707	0.001
EducationLevel	4	1859.64035026523	464.910087566308	95.3699114849693	0.128244073687135	0.001
GeoRegion	1	588.878530729266	588.878530729266	120.800332909616	0.0406101005911409	0.001
Residuals	481	2344.78305198635	4.87480883988846	NA	0.161700368813999	NA
Total	499	14500.7897581453	NA	NA	1	NA
