	Df	SumsOfSqs	MeanSqs	F.Model	R2	Pr(>F)
IncomeGroup	4	4191.07822013597	1047.76955503399	205.077324128635	0.278767532615024	0.001
Ethnicity	9	6046.34001813824	671.815557570916	131.49278502386	0.402169370189706	0.001
EducationLevel	4	1767.19492620451	441.798731551127	86.4721648330305	0.117544112362531	0.001
GeoRegion	1	572.201201887952	572.201201887952	111.995515409458	0.0380596850813442	0.001
Residuals	481	2457.4982051903	5.10914387773451	NA	0.163459299751395	NA
Total	499	15034.312571557	NA	NA	1	NA
