	Df	SumsOfSqs	MeanSqs	F.Model	R2	Pr(>F)
IncomeGroup	4	4036.86489041885	1009.21622260471	190.463536429553	0.262940019599249	0.001
Ethnicity	9	6310.37159157677	701.152399064086	132.324434061458	0.411024216813851	0.001
EducationLevel	4	1848.82213379825	462.205533449563	87.2293751193421	0.120422491535504	0.001
GeoRegion	1	608.046355416584	608.046355416584	114.753069334186	0.0396049223718012	0.001
Residuals	481	2548.69258532545	5.2987371836288	NA	0.166008349679595	NA
Total	499	15352.7975565359	NA	NA	1	NA
