	Df	SumsOfSqs	MeanSqs	F.Model	R2	Pr(>F)
IncomeGroup	4	4155.20082363198	1038.80020590799	203.599454824965	0.281250884573797	0.001
Ethnicity	9	5623.92981063558	624.88109007062	122.473454034025	0.380663968159219	0.001
EducationLevel	4	1936.62925051637	484.157312629094	94.8923232207505	0.13108360171221	0.001
GeoRegion	1	604.094474603113	604.094474603113	118.399385168066	0.040889023794465	0.001
Residuals	481	2454.14654705882	5.10217577351106	NA	0.166112521760309	NA
Total	499	14774.0009064459	NA	NA	1	NA
