	Df	SumsOfSqs	MeanSqs	F.Model	R2	Pr(>F)
IncomeGroup	4	4346.00215752374	1086.50053938094	220.602802981811	0.299938570326796	0.001
Ethnicity	9	5431.61922308853	603.513247009837	122.537181622461	0.374862240119312	0.001
EducationLevel	4	1762.80563907554	440.701409768886	89.4799061291268	0.12165971943502	0.001
GeoRegion	1	580.219624404617	580.219624404617	117.807650202956	0.0400437547685503	0.001
Residuals	481	2368.99419399182	4.92514385445284	NA	0.163495715350321	NA
Total	499	14489.6408380843	NA	NA	1	NA
