	Df	SumsOfSqs	MeanSqs	F.Model	R2	Pr(>F)
IncomeGroup	4	3566.1060296528	891.526507413201	172.554777913296	0.251247923467434	0.001
Ethnicity	9	5699.20405868087	633.244895408986	122.564423360866	0.401534102815264	0.001
EducationLevel	4	1949.66141445681	487.415353614203	94.3391445964584	0.137362259499207	0.001
GeoRegion	1	493.454123913927	493.454123913927	95.5079473850168	0.0347660229193709	0.001
Residuals	481	2485.14851487463	5.16662892905329	NA	0.175089691298724	NA
Total	499	14193.574141579	NA	NA	1	NA
