	Df	SumsOfSqs	MeanSqs	F.Model	R2	Pr(>F)
IncomeGroup	4	3814.36596810701	953.591492026752	181.967945132985	0.25733946354539	0.001
Ethnicity	9	6146.03259401949	682.89251044661	130.312138805438	0.41464734739713	0.001
EducationLevel	4	1808.83095561339	452.207738903348	86.2919957964211	0.12203432802565	0.001
GeoRegion	1	532.433026121324	532.433026121324	101.600889368585	0.0359210496479729	0.001
Residuals	481	2520.65003717913	5.24043666773208	NA	0.170057811383857	NA
Total	499	14822.3125810403	NA	NA	1	NA
