	Df	SumsOfSqs	MeanSqs	F.Model	R2	Pr(>F)
IncomeGroup	4	4645.75170570459	1161.43792642615	225.950935247746	0.313439935214387	0.001
Ethnicity	9	5202.68052565756	578.075613961951	112.461219533736	0.351014851891646	0.001
EducationLevel	4	1946.65977584396	486.66494396099	94.6778099270808	0.131337392240691	0.001
GeoRegion	1	554.285782874798	554.285782874798	107.833047453917	0.0373965960473524	0.001
Residuals	481	2472.44669290011	5.14022181476114	NA	0.166811224605923	NA
Total	499	14821.824482981	NA	NA	1	NA
