	Df	SumsOfSqs	MeanSqs	F.Model	R2	Pr(>F)
IncomeGroup	4	4076.61065737323	1019.15266434331	179.697392036852	0.26806822296706	0.001
Ethnicity	9	6031.02562423287	670.113958248096	118.154752352304	0.396585903741577	0.001
EducationLevel	4	1818.71185601459	454.677964003648	80.1689945055754	0.119594166896748	0.001
GeoRegion	1	553.025851922943	553.025851922943	97.5097321494468	0.0363656649701622	0.001
Residuals	481	2727.98857007674	5.67149390868345	NA	0.179386041424453	NA
Total	499	15207.3625596204	NA	NA	1	NA
