	Df	SumsOfSqs	MeanSqs	F.Model	R2	Pr(>F)
IncomeGroup	4	3794.34237666088	948.585594165221	179.121178246123	0.26096437521074	0.001
Ethnicity	9	5875.63002147115	652.847780163461	123.27708149643	0.404109583508923	0.001
EducationLevel	4	1838.75309974828	459.688274937071	86.8028208936875	0.126464353031025	0.001
GeoRegion	1	483.701189184396	483.701189184396	91.3371734281987	0.0332676300906937	0.001
Residuals	481	2547.26814138376	5.29577576171261	NA	0.175194058158618	NA
Total	499	14539.6948284485	NA	NA	1	NA
