	Df	SumsOfSqs	MeanSqs	F.Model	R2	Pr(>F)
IncomeGroup	4	4181.4638008133	1045.36595020333	201.610080367638	0.282711020478105	0.001
Ethnicity	9	5886.61669550232	654.06852172248	126.14415765576	0.397997326396852	0.001
EducationLevel	4	1731.08296384758	432.770740961896	83.4644976231718	0.11703945186526	0.001
GeoRegion	1	497.402917700772	497.402917700772	95.9295088894425	0.0336296792584026	0.001
Residuals	481	2494.0271891708	5.1850877113738	NA	0.168622522001381	NA
Total	499	14790.5935670348	NA	NA	1	NA
