	Df	SumsOfSqs	MeanSqs	F.Model	R2	Pr(>F)
IncomeGroup	4	3292.74521223975	823.186303059937	152.281727555226	0.221515089722159	0.001
Ethnicity	9	6616.69207791072	735.188008656746	136.002870334425	0.4451292295116	0.001
EducationLevel	4	1812.60613178778	453.151532946944	83.8287736627162	0.12194068597272	0.001
GeoRegion	1	542.478669205528	542.478669205528	100.353454134747	0.0364945367272074	0.001
Residuals	481	2600.13212437608	5.40568009225797	NA	0.174920458066313	NA
Total	499	14864.6542155199	NA	NA	1	NA
