	Df	SumsOfSqs	MeanSqs	F.Model	R2	Pr(>F)
IncomeGroup	4	3217.45529003257	804.363822508141	152.863972919182	0.233347821925319	0.001
Ethnicity	9	5545.07570120704	616.119522356337	117.089400772379	0.40215985014498	0.001
EducationLevel	4	1943.07965456554	485.769913641385	92.3173281119048	0.140922985511224	0.001
GeoRegion	1	551.62543554383	551.62543554383	104.832730265726	0.0400069565229157	0.001
Residuals	481	2531.00185241794	5.26195811313502	NA	0.183562385895562	NA
Total	499	13788.2379337669	NA	NA	1	NA
