	Df	SumsOfSqs	MeanSqs	F.Model	R2	Pr(>F)
IncomeGroup	4	4548.65409871845	1137.16352467961	234.770341362408	0.318729998048226	0.001
Ethnicity	9	5193.03323485454	577.003692761615	119.123899929151	0.363882466524745	0.001
EducationLevel	4	1633.539369599	408.38484239975	84.3121035599827	0.114464188479551	0.001
GeoRegion	1	566.123341593779	566.123341593779	116.877623380195	0.0396689850767237	0.001
Residuals	481	2329.83285791856	4.84372735534003	NA	0.163254361870755	NA
Total	499	14271.1829026843	NA	NA	1	NA
