	Df	SumsOfSqs	MeanSqs	F.Model	R2	Pr(>F)
IncomeGroup	4	3137.47600312404	784.369000781009	158.776539633135	0.224086402154222	0.001
Ethnicity	9	5990.79308924389	665.643676582654	134.743468305397	0.427877462037108	0.001
EducationLevel	4	1937.42783602682	484.356959006704	98.0463555058111	0.138375953402161	0.001
GeoRegion	1	559.312713831032	559.312713831032	113.219335780078	0.0399475162827421	0.001
Residuals	481	2376.17906428369	4.94008121472702	NA	0.169712666123767	NA
Total	499	14001.1887065095	NA	NA	1	NA
