	Df	SumsOfSqs	MeanSqs	F.Model	R2	Pr(>F)
IncomeGroup	4	4437.66063108081	1109.4151577702	236.287014288322	0.300352142021574	0.001
Ethnicity	9	5963.34692530682	662.594102811869	141.121546016316	0.403614465263298	0.001
EducationLevel	4	1566.2664658911	391.566616472775	83.3971899999018	0.106008892323156	0.001
GeoRegion	1	549.193302246013	549.193302246013	116.969057747211	0.0371707975049271	0.001
Residuals	481	2258.3919497003	4.69520155862849	NA	0.152853702887045	NA
Total	499	14774.859274225	NA	NA	1	NA
