	Df	SumsOfSqs	MeanSqs	F.Model	R2	Pr(>F)
IncomeGroup	4	3849.02038178736	962.25509544684	184.925908392919	0.259242744532497	0.001
Ethnicity	9	6308.97105364281	700.99678373809	134.717360943757	0.42492759426827	0.001
EducationLevel	4	1566.96863281469	391.742158203672	75.2848956626999	0.105539905917198	0.001
GeoRegion	1	619.341530105839	619.341530105839	119.024877708855	0.0417144577428907	0.001
Residuals	481	2502.8656337678	5.20346285606612	NA	0.168575297539144	NA
Total	499	14847.1672321185	NA	NA	1	NA
