	Df	SumsOfSqs	MeanSqs	F.Model	R2	Pr(>F)
IncomeGroup	4	3690.32590848887	922.581477122218	182.565330649964	0.263946608545896	0.001
Ethnicity	9	5493.85200378419	610.428000420466	120.794740083423	0.392941881072422	0.001
EducationLevel	4	1926.14855190023	481.537137975058	95.2891305479869	0.137765712415854	0.001
GeoRegion	1	440.307581201878	440.307581201878	87.1304065203529	0.0314925282094858	0.001
Residuals	481	2430.70077388691	5.05343196234286	NA	0.173853269756342	NA
Total	499	13981.3348192621	NA	NA	1	NA
