	Df	SumsOfSqs	MeanSqs	F.Model	R2	Pr(>F)
IncomeGroup	4	4488.49954625393	1122.12488656348	211.520384979585	0.294811838042833	0.001
Ethnicity	9	6100.17356904107	677.797063226786	127.76465210644	0.400669168780521	0.001
EducationLevel	4	1655.35694637457	413.839236593643	78.0086385144018	0.108726495112371	0.001
GeoRegion	1	429.207663340963	429.207663340963	80.905584817838	0.0281910466577243	0.001
Residuals	481	2551.72602153277	5.30504370381032	NA	0.16760145140655	NA
Total	499	15224.9637465433	NA	NA	1	NA
