	Df	SumsOfSqs	MeanSqs	F.Model	R2	Pr(>F)
IncomeGroup	4	3529.18519909747	882.296299774368	161.512755193334	0.234551377418375	0.001
Ethnicity	9	6517.55315396836	724.172572663151	132.566698371264	0.433159775817855	0.001
EducationLevel	4	1828.2759931944	457.0689982986	83.670840790722	0.121508118251873	0.001
GeoRegion	1	543.958926414933	543.958926414933	99.5768711029976	0.036151776756366	0.001
Residuals	481	2627.56040340884	5.46270354139053	NA	0.174628951755531	NA
Total	499	15046.533676084	NA	NA	1	NA
