	Df	SumsOfSqs	MeanSqs	F.Model	R2	Pr(>F)
IncomeGroup	4	3711.40206301779	927.850515754448	183.165420038738	0.258873116252865	0.001
Ethnicity	9	5938.59026207969	659.843362453299	130.258575698757	0.414221186815706	0.001
EducationLevel	4	1680.6503490559	420.162587263975	82.9435943333956	0.117226639907022	0.001
GeoRegion	1	569.544592099382	569.544592099382	112.432846316683	0.0397261684124433	0.001
Residuals	481	2436.57398860277	5.06564238794755	NA	0.169952888611963	NA
Total	499	14336.7612548555	NA	NA	1	NA
