	Df	SumsOfSqs	MeanSqs	F.Model	R2	Pr(>F)
IncomeGroup	4	3966.23698701349	991.559246753371	191.500733340255	0.272025111808627	0.001
Ethnicity	9	5477.19502619747	608.577225133052	117.535069426007	0.375654453901132	0.001
EducationLevel	4	2039.58565679063	509.896414197657	98.4767552379096	0.139885366948159	0.001
GeoRegion	1	606.851100900276	606.851100900276	117.201701493133	0.0416209972107309	0.001
Residuals	481	2490.53875339972	5.17783524615327	NA	0.170814070131351	NA
Total	499	14580.4075243016	NA	NA	1	NA
