	Df	SumsOfSqs	MeanSqs	F.Model	R2	Pr(>F)
IncomeGroup	4	4513.78597573385	1128.44649393346	215.316042886133	0.29435625804815	0.001
Ethnicity	9	5952.53452589266	661.392725099184	126.198685651133	0.388180963466995	0.001
EducationLevel	4	1887.11314548599	471.778286371497	90.0188305668138	0.123063779941054	0.001
GeoRegion	1	460.132788275894	460.132788275894	87.7967823076689	0.0300065103862469	0.001
Residuals	481	2520.86540466954	5.24088441719239	NA	0.164392488157554	NA
Total	499	15334.4318400579	NA	NA	1	NA
