	Df	SumsOfSqs	MeanSqs	F.Model	R2	Pr(>F)
IncomeGroup	4	4553.35273218243	1138.33818304561	201.01569622918	0.300345921086614	0.001
Ethnicity	9	5611.55739621583	623.506377357314	110.103105047819	0.370146675214645	0.001
EducationLevel	4	1764.15464758311	441.038661895778	77.8816831460125	0.116366265416389	0.001
GeoRegion	1	507.426495504116	507.426495504116	89.6049098572721	0.0334706066364618	0.001
Residuals	481	2723.8702067359	5.66293182273577	NA	0.17967053164589	NA
Total	499	15160.3614782214	NA	NA	1	NA
