	Df	SumsOfSqs	MeanSqs	F.Model	R2	Pr(>F)
IncomeGroup	4	3101.5692971646	775.392324291149	157.396730970553	0.228870696185455	0.001
Ethnicity	9	5590.97762597831	621.219736219812	126.101268522067	0.412568870469784	0.001
EducationLevel	4	1941.99765066471	485.499412666176	98.5514275133402	0.143303699422248	0.001
GeoRegion	1	547.500800027505	547.500800027505	111.137076584903	0.0404011251268647	0.001
Residuals	481	2369.57721856256	4.92635596374753	NA	0.174855608795649	NA
Total	499	13551.6225923977	NA	NA	1	NA
