	Df	SumsOfSqs	MeanSqs	F.Model	R2	Pr(>F)
IncomeGroup	4	3905.08440352218	976.271100880545	184.332915653044	0.259823753637926	0.001
Ethnicity	9	6052.45320723777	672.494800804197	126.975926340483	0.402698366673982	0.001
EducationLevel	4	1879.95735849318	469.989339623295	88.7402128573414	0.125082463549924	0.001
GeoRegion	1	644.757889861094	644.757889861094	121.738830147899	0.0428987949608159	0.001
Residuals	481	2547.49076072452	5.29623858778487	NA	0.169496621177351	NA
Total	499	15029.7436198387	NA	NA	1	NA
