	Df	SumsOfSqs	MeanSqs	F.Model	R2	Pr(>F)
IncomeGroup	4	4861.80530187621	1215.45132546905	256.714891971584	0.326919867366165	0.001
Ethnicity	9	5636.15598499808	626.239553888675	132.267756064048	0.378989131127798	0.001
EducationLevel	4	1687.31420963433	421.828552408583	89.0942064013209	0.11345919948827	0.001
GeoRegion	1	408.91549805658	408.91549805658	86.3668463799573	0.0274964940157182	0.001
Residuals	481	2277.35945920632	4.73463505032499	NA	0.153135308002049	NA
Total	499	14871.5504537715	NA	NA	1	NA
