	Df	SumsOfSqs	MeanSqs	F.Model	R2	Pr(>F)
IncomeGroup	4	4381.86549438093	1095.46637359523	214.289024963705	0.293506811304333	0.001
Ethnicity	9	5850.73370803925	650.081523115472	127.165323457758	0.391894775556087	0.001
EducationLevel	4	1735.3771200561	433.844280014026	84.8661994481604	0.116239306197628	0.001
GeoRegion	1	502.453386693238	502.453386693238	98.2871304126297	0.0336554126425166	0.001
Residuals	481	2458.91886338348	5.11209742907169	NA	0.164703694299435	NA
Total	499	14929.348572553	NA	NA	1	NA
