	Df	SumsOfSqs	MeanSqs	F.Model	R2	Pr(>F)
IncomeGroup	4	4265.44844861549	1066.36211215387	203.697160290469	0.282736124648138	0.001
Ethnicity	9	5513.37160419998	612.596844911109	117.018633997837	0.365454966786099	0.001
EducationLevel	4	2136.37763600488	534.094409001219	102.023049394375	0.141610229467204	0.001
GeoRegion	1	653.072470453266	653.072470453266	124.750313405749	0.0432890425554847	0.001
Residuals	481	2518.05265824322	5.23503671152437	NA	0.166909636543074	NA
Total	499	15086.3228175168	NA	NA	1	NA
