	Df	SumsOfSqs	MeanSqs	F.Model	R2	Pr(>F)
IncomeGroup	4	4528.67750292282	1132.16937573071	220.322488165857	0.296503158238201	0.001
Ethnicity	9	5915.99024760883	657.332249734314	127.918207220235	0.387333783734944	0.001
EducationLevel	4	1794.61553490565	448.653883726413	87.3089681692559	0.117497696309671	0.001
GeoRegion	1	562.629085683417	562.629085683417	109.488776793885	0.0368366483844649	0.001
Residuals	481	2471.71078295248	5.13869185645007	NA	0.161828713332718	NA
Total	499	15273.6231540732	NA	NA	1	NA
