	Df	SumsOfSqs	MeanSqs	F.Model	R2	Pr(>F)
IncomeGroup	4	4633.81294021344	1158.45323505336	207.047301598748	0.290005140701357	0.001
Ethnicity	9	6363.76940086305	707.085488984784	126.375530806116	0.398273703384167	0.001
EducationLevel	4	1766.90113986288	441.725284965721	78.9483990658267	0.110580729149529	0.001
GeoRegion	1	522.648802734635	522.648802734635	93.4116466816532	0.0327097449832475	0.001
Residuals	481	2691.2497857158	5.59511389961705	NA	0.168430681781699	NA
Total	499	15978.3820693898	NA	NA	1	NA
