	Df	SumsOfSqs	MeanSqs	F.Model	R2	Pr(>F)
IncomeGroup	4	3357.16737684509	839.291844211273	181.82670221298	0.239796391539021	0.001
Ethnicity	9	5937.2492338654	659.694359318377	142.918164462909	0.424086970393087	0.001
EducationLevel	4	1861.66113778663	465.415284446658	100.828963028919	0.132975086731954	0.001
GeoRegion	1	623.754350084077	623.754350084077	135.132013076298	0.0445536446554808	0.001
Residuals	481	2220.24252847503	4.61588883258842	NA	0.158587906680457	NA
Total	499	14000.0746270562	NA	NA	1	NA
