	Df	SumsOfSqs	MeanSqs	F.Model	R2	Pr(>F)
IncomeGroup	4	3926.71804051612	981.67951012903	178.482983543128	0.27239271207496	0.001
Ethnicity	9	5690.70957743345	632.301064159272	114.96112454645	0.394759134583624	0.001
EducationLevel	4	1619.19196410063	404.797991025157	73.5979028032662	0.112321813259956	0.001
GeoRegion	1	533.468312616607	533.468312616607	96.991956212894	0.0370061916797547	0.001
Residuals	481	2645.5622547231	5.50012942769876	NA	0.183520148401705	NA
Total	499	14415.6501493899	NA	NA	1	NA
