	Df	SumsOfSqs	MeanSqs	F.Model	R2	Pr(>F)
IncomeGroup	4	4384.23306961742	1096.05826740436	211.719436625242	0.296416998959935	0.001
Ethnicity	9	5517.58699585534	613.065221761704	118.422375183848	0.373042799696441	0.001
EducationLevel	4	1891.57406358741	472.893515896853	91.3461918466379	0.127888891474458	0.001
GeoRegion	1	507.260262422149	507.260262422149	97.9846237889553	0.0342957507712799	0.001
Residuals	481	2490.10688402068	5.17693738881637	NA	0.168355559097886	NA
Total	499	14790.761275503	NA	NA	1	NA
