	Df	SumsOfSqs	MeanSqs	F.Model	R2	Pr(>F)
IncomeGroup	4	3994.04597095694	998.511492739234	195.539277297832	0.276629056979341	0.001
Ethnicity	9	5495.63427338688	610.62603037632	119.579367435695	0.380629601563179	0.001
EducationLevel	4	1930.53548638112	482.633871595281	94.5145640660562	0.13370958044702	0.001
GeoRegion	1	561.855399317123	561.855399317123	110.028577064207	0.0389143065458028	0.001
Residuals	481	2456.20232745382	5.10644974522623	NA	0.170117454464657	NA
Total	499	14438.2734574959	NA	NA	1	NA
