	Df	SumsOfSqs	MeanSqs	F.Model	R2	Pr(>F)
IncomeGroup	4	5861.93661992236	1465.48415498059	279.014767330693	0.358417837145782	0.001
Ethnicity	9	5706.95102319069	634.105669243409	120.727914502335	0.348941514563152	0.001
EducationLevel	4	1824.66358861383	456.165897153457	86.8498108464056	0.111565856022219	0.001
GeoRegion	1	435.10276780417	435.10276780417	82.8395838407609	0.0266035958905642	0.001
Residuals	481	2526.38197357563	5.25235337541712	NA	0.154471196378282	NA
Total	499	16355.0359731067	NA	NA	1	NA
