	Df	SumsOfSqs	MeanSqs	F.Model	R2	Pr(>F)
IncomeGroup	4	3971.15401563734	992.788503909334	186.178035752004	0.251586793391951	0.001
Ethnicity	9	6681.66363843026	742.407070936696	139.223902826352	0.423307260986824	0.001
EducationLevel	4	1962.49642289428	490.624105723571	92.0069399842083	0.124331159188221	0.001
GeoRegion	1	604.198141495093	604.198141495093	113.305525543073	0.0382781106936571	0.001
Residuals	481	2564.91733007904	5.33246846170278	NA	0.162496675739348	NA
Total	499	15784.429548536	NA	NA	1	NA
