	Df	SumsOfSqs	MeanSqs	F.Model	R2	Pr(>F)
IncomeGroup	4	4280.20026434746	1070.05006608686	204.782096350528	0.281273965776653	0.001
Ethnicity	9	5789.11449950024	643.234944388916	123.099847878692	0.380432478165319	0.001
EducationLevel	4	2194.58747131306	548.646867828266	104.99794291018	0.144217626086729	0.001
GeoRegion	1	439.916495657291	439.916495657291	84.1895394010141	0.0289091747352991	0.001
Residuals	481	2513.37441583162	5.22531063582458	NA	0.165166755236	NA
Total	499	15217.1931466497	NA	NA	1	NA
