	Df	SumsOfSqs	MeanSqs	F.Model	R2	Pr(>F)
IncomeGroup	4	4010.04540280182	1002.51135070045	197.079522887709	0.278539436371612	0.001
Ethnicity	9	5599.19893565948	622.133215073276	122.302572548002	0.388922707603617	0.001
EducationLevel	4	1744.13229937929	436.033074844822	85.7179225887436	0.1211481613867	0.001
GeoRegion	1	596.543056948156	596.543056948156	117.271910151615	0.0414361310566811	0.001
Residuals	481	2446.76845479105	5.08683670434731	NA	0.16995356358139	NA
Total	499	14396.6881495798	NA	NA	1	NA
