	Df	SumsOfSqs	MeanSqs	F.Model	R2	Pr(>F)
IncomeGroup	4	5001.97804825076	1250.49451206269	261.364287594166	0.330725964978077	0.001
Ethnicity	9	5610.53214081352	623.392460090391	130.294475226719	0.370962974729562	0.001
EducationLevel	4	1559.78315487129	389.945788717823	81.5020796056637	0.103131358049794	0.001
GeoRegion	1	650.605053092268	650.605053092268	135.982145116444	0.0430173787105686	0.001
Residuals	481	2301.33912264293	4.78448882046348	NA	0.152162323531999	NA
Total	499	15124.2375196708	NA	NA	1	NA
