	Df	SumsOfSqs	MeanSqs	F.Model	R2	Pr(>F)
IncomeGroup	4	4621.92495483752	1155.48123870938	232.654900173276	0.318428793286292	0.001
Ethnicity	9	5473.03888331847	608.11543147983	122.443385721084	0.377066521904469	0.001
EducationLevel	4	1484.51125284782	371.127813211956	74.726184590238	0.102275811806397	0.001
GeoRegion	1	546.420384104324	546.420384104324	110.02115452643	0.0376457829232514	0.001
Residuals	481	2388.88789965427	4.96650290988413	NA	0.164583090079591	NA
Total	499	14514.7833747624	NA	NA	1	NA
