	Df	SumsOfSqs	MeanSqs	F.Model	R2	Pr(>F)
IncomeGroup	4	4041.98524837989	1010.49631209497	177.329259795211	0.278141194365284	0.001
Ethnicity	9	5657.89654708549	628.655171898388	110.320992728863	0.389336923936657	0.001
EducationLevel	4	1466.39377969554	366.598444923886	64.33336777415	0.100906978187964	0.001
GeoRegion	1	624.919694139659	624.919694139659	109.665463858536	0.0430026087255171	0.001
Residuals	481	2740.93923743321	5.69841837304202	NA	0.188612294784578	NA
Total	499	14532.1345067338	NA	NA	1	NA
