	Df	SumsOfSqs	MeanSqs	F.Model	R2	Pr(>F)
IncomeGroup	4	4473.4911671397	1118.37279178492	232.817278528992	0.311101512809689	0.001
Ethnicity	9	5113.23305405594	568.137006006216	118.271932705793	0.355591299732555	0.001
EducationLevel	4	1771.87148531374	442.967871328434	92.2148455649302	0.123221859391287	0.001
GeoRegion	1	710.370879183898	710.370879183898	147.881472128703	0.0494015628763077	0.001
Residuals	481	2310.55579829554	4.80365030830673	NA	0.160683765190162	NA
Total	499	14379.5223839888	NA	NA	1	NA
