	Df	SumsOfSqs	MeanSqs	F.Model	R2	Pr(>F)
IncomeGroup	4	4813.87892805608	1203.46973201402	219.334494543808	0.320805925681674	0.001
Ethnicity	9	5193.49773462356	577.055303847062	105.16935326766	0.346104435359031	0.001
EducationLevel	4	1830.14651279939	457.536628199846	83.3868625125692	0.121964398138443	0.001
GeoRegion	1	528.850531946462	528.850531946462	96.3839480363018	0.0352435919107839	0.001
Residuals	481	2639.206123518	5.48691501770893	NA	0.175881648910068	NA
Total	499	15005.5798309435	NA	NA	1	NA
