	Df	SumsOfSqs	MeanSqs	F.Model	R2	Pr(>F)
IncomeGroup	4	4315.32652559608	1078.83163139902	214.391941893521	0.298071445421661	0.001
Ethnicity	9	5637.74286001288	626.415873334764	124.48514819964	0.3894143706698	0.001
EducationLevel	4	1421.09345348795	355.273363371987	70.6020699240986	0.0981588246562414	0.001
GeoRegion	1	682.910150464886	682.910150464886	135.712032383682	0.0471704781630807	0.001
Residuals	481	2420.41753118058	5.03205307937751	NA	0.167184881089217	NA
Total	499	14477.4905207424	NA	NA	1	NA
