	Df	SumsOfSqs	MeanSqs	F.Model	R2	Pr(>F)
IncomeGroup	4	3708.57808936096	927.144522340239	172.566967296586	0.255667744081718	0.001
Ethnicity	9	5660.33054225183	628.925615805758	117.060267908166	0.390220700663132	0.001
EducationLevel	4	2034.33530864179	508.583827160447	94.6613678390063	0.140246182373324	0.001
GeoRegion	1	517.963577483317	517.963577483317	96.4071960547965	0.0357081814595078	0.001
Residuals	481	2584.25191235587	5.37266509845296	NA	0.178157191422317	NA
Total	499	14505.4594300938	NA	NA	1	NA
