	Df	SumsOfSqs	MeanSqs	F.Model	R2	Pr(>F)
IncomeGroup	4	4486.68623158408	1121.67155789602	213.441605190663	0.299952446967905	0.001
Ethnicity	9	5738.39908182283	637.599897980315	121.328159510074	0.383634325519444	0.001
EducationLevel	4	1603.70861600381	400.927154000952	76.2919722017417	0.107214166260969	0.001
GeoRegion	1	601.461882216632	601.461882216632	114.451497586441	0.0402100690836819	0.001
Residuals	481	2527.7359531945	5.25516830185967	NA	0.168988992168001	NA
Total	499	14957.9917648219	NA	NA	1	NA
