	Df	SumsOfSqs	MeanSqs	F.Model	R2	Pr(>F)
IncomeGroup	4	3544.89820596356	886.224551490889	175.86171254543	0.249530988656771	0.001
Ethnicity	9	5662.94424085374	629.216026761527	124.861140261979	0.3986235973578	0.001
EducationLevel	4	2007.15956983302	501.789892458256	99.574797016446	0.141287135131204	0.001
GeoRegion	1	567.326420601008	567.326420601008	112.579814823814	0.0399350036019432	0.001
Residuals	481	2423.91594564393	5.03932629032002	NA	0.170623275252283	NA
Total	499	14206.2443828953	NA	NA	1	NA
