	Df	SumsOfSqs	MeanSqs	F.Model	R2	Pr(>F)
IncomeGroup	4	3795.55788572646	948.889471431616	177.405395685728	0.267295005632472	0.001
Ethnicity	9	5485.35797475402	609.484219417114	113.949824890319	0.386295989918059	0.001
EducationLevel	4	1835.02071505382	458.755178763456	85.7693614079405	0.129227872985564	0.001
GeoRegion	1	511.218681950482	511.218681950482	95.5779943648556	0.0360016115115117	0.001
Residuals	481	2572.72803904534	5.34870694188221	NA	0.181179519952394	NA
Total	499	14199.8832965301	NA	NA	1	NA
