	Df	SumsOfSqs	MeanSqs	F.Model	R2	Pr(>F)
IncomeGroup	4	3614.0209817855	903.505245446375	171.538615324139	0.260473075653108	0.001
Ethnicity	9	5464.41611361185	607.157345956872	115.274295234297	0.393836471601691	0.001
EducationLevel	4	1744.21378100301	436.053445250754	82.7886773016795	0.125710595047496	0.001
GeoRegion	1	518.725408861246	518.725408861246	98.4846948238193	0.0373860592803619	0.001
Residuals	481	2533.45884970864	5.26706621561047	NA	0.182593798417344	NA
Total	499	13874.8351349702	NA	NA	1	NA
