	Df	SumsOfSqs	MeanSqs	F.Model	R2	Pr(>F)
IncomeGroup	4	4403.09986175558	1100.7749654389	201.933414011746	0.289910487163862	0.001
Ethnicity	9	5738.14795929377	637.571995477086	116.960408591447	0.377813204907394	0.001
EducationLevel	4	1892.67913825978	473.169784564946	86.8013835746213	0.124618461594236	0.001
GeoRegion	1	531.847377052298	531.847377052298	97.5655878388749	0.0350180865797073	0.001
Residuals	481	2622.01657396487	5.45117790845087	NA	0.1726397597548	NA
Total	499	15187.7909103263	NA	NA	1	NA
