	Df	SumsOfSqs	MeanSqs	F.Model	R2	Pr(>F)
IncomeGroup	4	4197.65161699415	1049.41290424854	200.334136275575	0.294092459149123	0.001
Ethnicity	9	5361.16821541568	595.685357268408	113.717023163373	0.375609814306776	0.001
EducationLevel	4	1666.33267206139	416.583168015348	79.5262082383659	0.116745246628634	0.001
GeoRegion	1	528.456799357218	528.456799357218	100.883013759005	0.0370243111762401	0.001
Residuals	481	2519.62853823973	5.23831296931338	NA	0.176528168739227	NA
Total	499	14273.2378420682	NA	NA	1	NA
