	Df	SumsOfSqs	MeanSqs	F.Model	R2	Pr(>F)
IncomeGroup	4	3936.26087437537	984.065218593842	190.003624975812	0.271395791714511	0.001
Ethnicity	9	5981.34984776466	664.594427529407	128.320103163234	0.412399794948337	0.001
EducationLevel	4	1535.12196866046	383.780492165114	74.1004593278583	0.105842995512602	0.001
GeoRegion	1	559.841377217335	559.841377217335	108.094350936153	0.0385997266577388	0.001
Residuals	481	2491.19126123986	5.17919181130947	NA	0.171761691166811	NA
Total	499	14503.7653292577	NA	NA	1	NA
