	Df	SumsOfSqs	MeanSqs	F.Model	R2	Pr(>F)
IncomeGroup	4	4243.41045489796	1060.85261372449	209.635288182948	0.283449862747491	0.001
Ethnicity	9	6268.33778626944	696.48197625216	137.631936724218	0.418710257717859	0.001
EducationLevel	4	1513.19016791335	378.297541978337	74.7554497255782	0.101077553058959	0.001
GeoRegion	1	511.56228159804	511.56228159804	101.089920445992	0.0341711602134526	0.001
Residuals	481	2434.08498456696	5.06046774338245	NA	0.162591166262238	NA
Total	499	14970.5856752457	NA	NA	1	NA
