	Df	SumsOfSqs	MeanSqs	F.Model	R2	Pr(>F)
IncomeGroup	4	4290.65303534043	1072.66325883511	202.479081736811	0.2823593580138	0.001
Ethnicity	9	6164.22582220079	684.913980244532	129.286383817436	0.405655463509322	0.001
EducationLevel	4	1710.03589028972	427.50897257243	80.6978550703017	0.112534067002333	0.001
GeoRegion	1	482.633208529774	482.633208529774	91.1032684991234	0.0317611332806814	0.001
Residuals	481	2548.16953471933	5.29764976033125	NA	0.167689978193864	NA
Total	499	15195.71749108	NA	NA	1	NA
