	Df	SumsOfSqs	MeanSqs	F.Model	R2	Pr(>F)
IncomeGroup	4	3964.78282710298	991.195706775745	189.091061023988	0.270396121350256	0.001
Ethnicity	9	5693.12173462856	632.569081625395	120.675622379968	0.388267933591516	0.001
EducationLevel	4	1887.84923684774	471.962309211934	90.0365621059002	0.128750333523479	0.001
GeoRegion	1	595.762858385153	595.762858385153	113.654074811504	0.0406307162779948	0.001
Residuals	481	2521.35205322399	5.24189616054883	NA	0.171954895256754	NA
Total	499	14662.8687101884	NA	NA	1	NA
