	Df	SumsOfSqs	MeanSqs	F.Model	R2	Pr(>F)
IncomeGroup	4	4616.55979422894	1154.13994855724	219.50557300534	0.303487623667423	0.001
Ethnicity	9	5763.24561661006	640.360624067784	121.790018525717	0.378869503430489	0.001
EducationLevel	4	1730.34363754764	432.585909386909	82.2734002342703	0.113750910221902	0.001
GeoRegion	1	572.488028786434	572.488028786434	108.881347495643	0.0376347408413587	0.001
Residuals	481	2529.05339784938	5.25790727203613	NA	0.166257221838827	NA
Total	499	15211.6904750224	NA	NA	1	NA
