	Df	SumsOfSqs	MeanSqs	F.Model	R2	Pr(>F)
IncomeGroup	4	3530.11791433059	882.529478582648	181.824463583194	0.245384595332306	0.001
Ethnicity	9	5849.55665482944	649.950739425493	133.907078935578	0.406612789559159	0.001
EducationLevel	4	2059.69318139104	514.923295347759	106.087846621804	0.143172831641855	0.001
GeoRegion	1	612.042816892821	612.042816892821	126.097042163632	0.0425441536498277	0.001
Residuals	481	2334.65107407851	4.85374443675367	NA	0.162285629816852	NA
Total	499	14386.0616415224	NA	NA	1	NA
