	Df	SumsOfSqs	MeanSqs	F.Model	R2	Pr(>F)
IncomeGroup	4	3797.73690584764	949.434226461911	177.083462209538	0.268071495500996	0.001
Ethnicity	9	5508.52383633489	612.05820403721	114.157866678729	0.388831101105354	0.001
EducationLevel	4	1764.23307021267	441.058267553167	82.2638608105718	0.124532217283405	0.001
GeoRegion	1	517.502046441978	517.502046441978	96.5217510916677	0.036529004234316	0.001
Residuals	481	2578.88487852019	5.3615070239505	NA	0.18203618187593	NA
Total	499	14166.8807373574	NA	NA	1	NA
