	Df	SumsOfSqs	MeanSqs	F.Model	R2	Pr(>F)
IncomeGroup	4	3445.80967514187	861.452418785467	163.889849040055	0.248041248178198	0.001
Ethnicity	9	5614.82414634913	623.869349594348	118.690076545246	0.404174380148892	0.001
EducationLevel	4	1847.13950536098	461.784876340246	87.8537827766327	0.13296346335499	0.001
GeoRegion	1	456.034914735128	456.034914735128	86.7598624173661	0.0328269637988877	0.001
Residuals	481	2528.27503266868	5.25628904920724	NA	0.181993944519032	NA
Total	499	13892.0832742558	NA	NA	1	NA
