	Df	SumsOfSqs	MeanSqs	F.Model	R2	Pr(>F)
IncomeGroup	4	3572.32365763545	893.080914408861	177.858998101954	0.253075998158828	0.001
Ethnicity	9	5793.97989411627	643.775543790696	128.209293663994	0.410465955928032	0.001
EducationLevel	4	1842.16027883134	460.540069707835	91.7175521976722	0.130505126638602	0.001
GeoRegion	1	491.913749586223	491.913749586223	97.9656884862358	0.0348489037152327	0.001
Residuals	481	2415.23861269262	5.02128609707405	NA	0.171104015559305	NA
Total	499	14115.6161928619	NA	NA	1	NA
