	Df	SumsOfSqs	MeanSqs	F.Model	R2	Pr(>F)
IncomeGroup	4	4642.8755621075	1160.71889052687	213.794105989606	0.306173268393721	0.001
Ethnicity	9	5725.1217913418	636.124643482422	117.168507001336	0.377541725458515	0.001
EducationLevel	4	1586.84765995061	396.711914987652	73.070809730434	0.104644272281437	0.001
GeoRegion	1	597.946365882564	597.946365882564	110.136407503085	0.0394314236333552	0.001
Residuals	481	2611.4180452223	5.4291435451607	NA	0.172209310232972	NA
Total	499	15164.2094245048	NA	NA	1	NA
