	Df	SumsOfSqs	MeanSqs	F.Model	R2	Pr(>F)
IncomeGroup	4	4154.56630874925	1038.64157718731	202.393767706026	0.290727095652891	0.001
Ethnicity	9	5038.62666662487	559.847407402764	109.094059599986	0.352591627622394	0.001
EducationLevel	4	2080.46829647488	520.117074118721	101.352051170716	0.145586436822127	0.001
GeoRegion	1	548.211285603618	548.211285603618	106.826599309408	0.0383625781906607	0.001
Residuals	481	2468.38924088186	5.13178636357976	NA	0.172732261711927	NA
Total	499	14290.2617983345	NA	NA	1	NA
