	Df	SumsOfSqs	MeanSqs	F.Model	R2	Pr(>F)
IncomeGroup	4	4093.25885912079	1023.3147147802	193.200779759522	0.288280811461398	0.001
Ethnicity	9	5248.16704412842	583.129671569824	110.094290271594	0.369618904212494	0.001
EducationLevel	4	1713.86807423483	428.467018558707	80.8941383243578	0.120704625869747	0.001
GeoRegion	1	595.882756562019	595.882756562019	112.502059777147	0.0419669438239368	0.001
Residuals	481	2547.68318441538	5.29663863703822	NA	0.179428714632424	NA
Total	499	14198.8599184614	NA	NA	1	NA
