	Df	SumsOfSqs	MeanSqs	F.Model	R2	Pr(>F)
IncomeGroup	4	3222.19620111773	805.549050279432	149.022962326632	0.226845140545046	0.001
Ethnicity	9	6007.4802265949	667.497802954989	123.484100575087	0.422931321143878	0.001
EducationLevel	4	1844.49726657518	461.124316643796	85.3059309588476	0.129854054674281	0.001
GeoRegion	1	530.150445252169	530.150445252169	98.0754552473942	0.037323007277313	0.001
Residuals	481	2600.06301804109	5.40553642004384	NA	0.183046476359482	NA
Total	499	14204.3871575811	NA	NA	1	NA
