	Df	SumsOfSqs	MeanSqs	F.Model	R2	Pr(>F)
IncomeGroup	4	4440.04895118838	1110.01223779709	226.520787988868	0.303991786816868	0.001
Ethnicity	9	5338.26455324234	593.140505915816	121.042498643809	0.36548889390216	0.001
EducationLevel	4	1854.90380886632	463.72595221658	94.6328018107756	0.126997591564788	0.001
GeoRegion	1	615.573269059871	615.573269059871	125.620364554769	0.042145755606619	0.001
Residuals	481	2357.02820531704	4.90026653912066	NA	0.161375972109565	NA
Total	499	14605.818787674	NA	NA	1	NA
