	Df	SumsOfSqs	MeanSqs	F.Model	R2	Pr(>F)
IncomeGroup	4	4120.59857495365	1030.14964373841	202.262515935108	0.2797986663133	0.001
Ethnicity	9	6012.71132534995	668.079036149995	131.172541306545	0.408277724499945	0.001
EducationLevel	4	1587.24170378369	396.810425945922	77.9108895381851	0.107777572543698	0.001
GeoRegion	1	556.664943561704	556.664943561704	109.297180950398	0.0377989037172069	0.001
Residuals	481	2449.79637649295	5.09313175986061	NA	0.16634713292585	NA
Total	499	14727.012924142	NA	NA	1	NA
