	Df	SumsOfSqs	MeanSqs	F.Model	R2	Pr(>F)
IncomeGroup	4	3784.62167028289	946.155417570722	165.980021311916	0.2701426923482	0.001
Ethnicity	9	5327.57060788495	591.952289764994	103.843672874692	0.380276918823857	0.001
EducationLevel	4	1631.22317688464	407.805794221161	71.5396362573719	0.116435157649843	0.001
GeoRegion	1	524.397030548411	524.397030548411	91.9927410338217	0.0374309608815298	0.001
Residuals	481	2741.90081585948	5.70041749658936	NA	0.195714270296571	NA
Total	499	14009.7133014604	NA	NA	1	NA
