	Df	SumsOfSqs	MeanSqs	F.Model	R2	Pr(>F)
IncomeGroup	4	3998.70070613794	999.675176534485	182.546659808578	0.26000446380652	0.001
Ethnicity	9	6165.07703691846	685.008559657607	125.086655586739	0.400867098367572	0.001
EducationLevel	4	2041.4588486397	510.364712159924	93.1956456215421	0.132740220469336	0.001
GeoRegion	1	540.030597784102	540.030597784102	98.6128135757673	0.0351139973543012	0.001
Residuals	481	2634.08687081598	5.47627208069851	NA	0.171274220002271	NA
Total	499	15379.3540602962	NA	NA	1	NA
