	Df	SumsOfSqs	MeanSqs	F.Model	R2	Pr(>F)
IncomeGroup	4	5157.61804176826	1289.40451044207	228.131559494136	0.320891762562213	0.001
Ethnicity	9	6015.20799619549	668.356444021721	118.250864362461	0.374248476805723	0.001
EducationLevel	4	1561.60011757377	390.400029393442	69.0726353218261	0.0971581474408301	0.001
GeoRegion	1	619.716909509089	619.716909509089	109.645176409942	0.0385569558993167	0.001
Residuals	481	2718.62240760501	5.65202163743245	NA	0.169144657291917	NA
Total	499	16072.7654726516	NA	NA	1	NA
