	Df	SumsOfSqs	MeanSqs	F.Model	R2	Pr(>F)
IncomeGroup	4	4453.76711925481	1113.4417798137	204.252655224908	0.301122699019325	0.001
Ethnicity	9	5508.84096533306	612.093440592562	112.284012288185	0.372457071852213	0.001
EducationLevel	4	1603.45521416247	400.863803540617	73.5354984347958	0.108410868578598	0.001
GeoRegion	1	602.402413446389	602.402413446389	110.50626507019	0.0407289011247366	0.001
Residuals	481	2622.07360536227	5.45129647684464	NA	0.177280459425128	NA
Total	499	14790.539317559	NA	NA	1	NA
