	Df	SumsOfSqs	MeanSqs	F.Model	R2	Pr(>F)
IncomeGroup	4	4480.59146822668	1120.14786705667	213.704839102912	0.289017436275513	0.001
Ethnicity	9	6353.74821135495	705.972023483883	134.687251680628	0.409844109155687	0.001
EducationLevel	4	1564.230356387	391.05758909675	74.6070243185722	0.100899591170768	0.001
GeoRegion	1	583.078430966496	583.078430966496	111.241279779868	0.0376110686413867	0.001
Residuals	481	2521.19290473716	5.24156529051384	NA	0.162627794756646	NA
Total	499	15502.8413716723	NA	NA	1	NA
