	Df	SumsOfSqs	MeanSqs	F.Model	R2	Pr(>F)
IncomeGroup	4	4960.9421600596	1240.2355400149	243.744651599133	0.315483040036502	0.001
Ethnicity	9	6286.41301347386	698.490334830429	137.27495932471	0.399774201034413	0.001
EducationLevel	4	1412.68585182903	353.171462957258	69.4091182004339	0.0898374568322369	0.001
GeoRegion	1	617.416344233385	617.416344233385	121.341412063526	0.0392635872305013	0.001
Residuals	481	2447.45183466946	5.08825745253525	NA	0.155641714866347	NA
Total	499	15724.9092042653	NA	NA	1	NA
