	Df	SumsOfSqs	MeanSqs	F.Model	R2	Pr(>F)
IncomeGroup	4	4101.81158154185	1025.45289538546	197.589174573509	0.279916083172665	0.001
Ethnicity	9	5883.19519769965	653.688355299961	125.955802683148	0.401481375617281	0.001
EducationLevel	4	1592.18582673465	398.046456683661	76.6974974393831	0.108654045034186	0.001
GeoRegion	1	580.221242667183	580.221242667183	111.799807601625	0.0395954944278362	0.001
Residuals	481	2496.30499112646	5.18982326637518	NA	0.170353001748031	NA
Total	499	14653.7188397698	NA	NA	1	NA
