	Df	SumsOfSqs	MeanSqs	F.Model	R2	Pr(>F)
IncomeGroup	4	3857.18817749346	964.297044373365	205.628384493929	0.277413561752752	0.001
Ethnicity	9	5717.95474476528	635.32830497392	135.478516435721	0.411242106605538	0.001
EducationLevel	4	1529.13005247507	382.282513118767	81.5185902016051	0.109976852235387	0.001
GeoRegion	1	544.179322399628	544.179322399628	116.041748331555	0.0391380241544713	0.001
Residuals	481	2255.65589830952	4.68951330209878	NA	0.162229455251852	NA
Total	499	13904.108195443	NA	NA	1	NA
