	Df	SumsOfSqs	MeanSqs	F.Model	R2	Pr(>F)
IncomeGroup	4	2865.68641170974	716.421602927434	135.487286822321	0.217915851712932	0.001
Ethnicity	9	5237.79296813836	581.976996459818	110.06156698953	0.398298331277249	0.001
EducationLevel	4	2015.85150090889	503.962875227224	95.3077941043443	0.153291719202893	0.001
GeoRegion	1	487.692571632015	487.692571632015	92.2308080379239	0.0370856844932498	0.001
Residuals	481	2543.40314202325	5.28774042000676	NA	0.193408413313677	NA
Total	499	13150.4265944123	NA	NA	1	NA
