	Df	SumsOfSqs	MeanSqs	F.Model	R2	Pr(>F)
IncomeGroup	4	3069.08802839925	767.272007099812	142.857853207995	0.230733717772972	0.001
Ethnicity	9	5129.41116348762	569.934573720847	106.115730689211	0.385628596112631	0.001
EducationLevel	4	1989.97013878367	497.492534695918	92.6277967083677	0.149605747417494	0.001
GeoRegion	1	529.567075792444	529.567075792444	98.5997337023953	0.0398127975076303	0.001
Residuals	481	2583.3920021021	5.37087734324762	NA	0.194219141189273	NA
Total	499	13301.4284085651	NA	NA	1	NA
