	Df	SumsOfSqs	MeanSqs	F.Model	R2	Pr(>F)
IncomeGroup	4	4093.0265701928	1023.2566425482	203.341493174633	0.277412111345475	0.001
Ethnicity	9	6053.1968937935	672.577432643722	133.654543486527	0.4102661201679	0.001
EducationLevel	4	1561.86724397352	390.46681099338	77.5935391778228	0.105858313490407	0.001
GeoRegion	1	625.735577933361	625.735577933361	124.346133177893	0.0424103349542386	0.001
Residuals	481	2420.49193886359	5.03220777310517	NA	0.164053120041979	NA
Total	499	14754.3182247568	NA	NA	1	NA
