	Df	SumsOfSqs	MeanSqs	F.Model	R2	Pr(>F)
IncomeGroup	4	3754.85799972577	938.714499931442	175.932569891745	0.25999911586186	0.001
Ethnicity	9	5598.35934310116	622.03992701124	116.581860557553	0.387649407671232	0.001
EducationLevel	4	2053.18063794045	513.295159485112	96.2010670207012	0.142169198038432	0.001
GeoRegion	1	468.965335284624	468.965335284624	87.8928328397967	0.0324727519796402	0.001
Residuals	481	2566.44733118407	5.33564933718102	NA	0.177709526448835	NA
Total	499	14441.8106472361	NA	NA	1	NA
