	Df	SumsOfSqs	MeanSqs	F.Model	R2	Pr(>F)
IncomeGroup	4	3834.50406430613	958.626016076532	196.875658107313	0.266916718403266	0.001
Ethnicity	9	5850.9438869636	650.104876329288	133.513824181342	0.407279459267589	0.001
EducationLevel	4	1796.72503658506	449.181259146265	92.2495890168209	0.12506857277906	0.001
GeoRegion	1	541.663509304686	541.663509304686	111.242922765162	0.0377047576316928	0.001
Residuals	481	2342.08290738246	4.86919523364338	NA	0.163030491918393	NA
Total	499	14365.9194045419	NA	NA	1	NA
