	Df	SumsOfSqs	MeanSqs	F.Model	R2	Pr(>F)
IncomeGroup	4	4883.31206879458	1220.82801719865	251.894173604305	0.306989592548569	0.001
Ethnicity	9	6687.59501187348	743.066112430387	153.317274576899	0.420415906029053	0.001
EducationLevel	4	1535.22702663724	383.806756659309	79.1910772282959	0.0965121034120709	0.001
GeoRegion	1	469.748883518016	469.748883518016	96.923567569192	0.0295307808142882	0.001
Residuals	481	2331.21023749837	4.84659093035005	NA	0.146551617196018	NA
Total	499	15907.0932283217	NA	NA	1	NA
