	Df	SumsOfSqs	MeanSqs	F.Model	R2	Pr(>F)
IncomeGroup	4	4093.84217176435	1023.46054294109	199.396537833695	0.271642728785744	0.001
Ethnicity	9	5934.53638646446	659.392931829384	128.4667675619	0.393780119130174	0.001
EducationLevel	4	1965.35179815315	491.337949538287	95.7253181082142	0.13040891736288	0.001
GeoRegion	1	608.08332315916	608.08332315916	118.470331063192	0.0403487497323007	0.001
Residuals	481	2468.87195987951	5.13278993737943	NA	0.163819484988901	NA
Total	499	15070.6856394206	NA	NA	1	NA
