	Df	SumsOfSqs	MeanSqs	F.Model	R2	Pr(>F)
IncomeGroup	4	3466.39788022619	866.599470056547	176.019043283608	0.247136894536261	0.001
Ethnicity	9	5922.17557569914	658.019508411016	133.653398524348	0.422221606188289	0.001
EducationLevel	4	1689.08334168009	422.270835420022	85.7693906186579	0.120423224943961	0.001
GeoRegion	1	580.44824892171	580.44824892171	117.897539729834	0.0413830675629659	0.001
Residuals	481	2368.1207289917	4.92332791890167	NA	0.168835206768523	NA
Total	499	14026.2257755188	NA	NA	1	NA
