	Df	SumsOfSqs	MeanSqs	F.Model	R2	Pr(>F)
IncomeGroup	4	3964.46578278498	991.116445696246	197.612654060884	0.277375473886472	0.001
Ethnicity	9	5542.95139165609	615.883487961788	122.797246657436	0.387814866675487	0.001
EducationLevel	4	1748.61258345148	437.153145862871	87.1612954866681	0.122342396316	0.001
GeoRegion	1	624.315607606854	624.315607606854	124.478475487465	0.0436804974497781	0.001
Residuals	481	2412.43159576722	5.01545030305035	NA	0.168786765672262	NA
Total	499	14292.7769612666	NA	NA	1	NA
