	Df	SumsOfSqs	MeanSqs	F.Model	R2	Pr(>F)
IncomeGroup	4	4471.48382144872	1117.87095536218	214.964298673285	0.297617328268149	0.001
Ethnicity	9	5693.02809487912	632.558677208791	121.63974004659	0.378922048923903	0.001
EducationLevel	4	1813.89261768642	453.473154421605	87.2019602439888	0.120730812454611	0.001
GeoRegion	1	544.541249425078	544.541249425078	104.714168679166	0.0362441011210421	0.001
Residuals	481	2501.32665213599	5.20026331005403	NA	0.166485709232296	NA
Total	499	15024.2724355753	NA	NA	1	NA
