	Df	SumsOfSqs	MeanSqs	F.Model	R2	Pr(>F)
IncomeGroup	4	3354.07598145212	838.518995363029	167.64994773384	0.233693873787042	0.001
Ethnicity	9	6018.02565444645	668.669517160717	133.690960160864	0.419303478965468	0.001
EducationLevel	4	1898.49496721456	474.623741803639	94.894267090718	0.132276861259861	0.001
GeoRegion	1	676.065229362872	676.065229362872	135.169627634114	0.0471045686669666	0.001
Residuals	481	2405.77251720911	5.00160606488381	NA	0.167621217320663	NA
Total	499	14352.4343496851	NA	NA	1	NA
