	Df	SumsOfSqs	MeanSqs	F.Model	R2	Pr(>F)
IncomeGroup	4	4120.07200931526	1030.01800232882	213.363606509168	0.285939485841075	0.001
Ethnicity	9	5943.67425154453	660.408250171615	136.800605141309	0.412500353307158	0.001
EducationLevel	4	1372.15593924953	343.038984812381	71.0589861607563	0.0952297830901246	0.001
GeoRegion	1	650.953530647845	650.953530647845	134.842102424305	0.0451772001652009	0.001
Residuals	481	2322.0392044642	4.82752433360541	NA	0.161153177596442	NA
Total	499	14408.8949352214	NA	NA	1	NA
