	Df	SumsOfSqs	MeanSqs	F.Model	R2	Pr(>F)
IncomeGroup	4	3849.42698925411	962.356747313528	192.063209780499	0.276995556590508	0.001
Ethnicity	9	5539.34442849684	615.482714277427	122.835513959382	0.3985979724778	0.001
EducationLevel	4	1650.89411066404	412.72352766601	82.3696676900204	0.118794390524078	0.001
GeoRegion	1	447.295041660775	447.295041660775	89.2693085595229	0.0321862810675124	0.001
Residuals	481	2410.11069213531	5.01062513957446	NA	0.173425799340102	NA
Total	499	13897.0712622111	NA	NA	1	NA
