	Df	SumsOfSqs	MeanSqs	F.Model	R2	Pr(>F)
IncomeGroup	4	3325.02790079065	831.256975197662	165.664989448249	0.247231940589627	0.001
Ethnicity	9	5193.31949933132	577.035499925703	115.000033513975	0.386148476413184	0.001
EducationLevel	4	1928.76751428037	482.191878570092	96.0982161459166	0.143413213281121	0.001
GeoRegion	1	588.394464212237	588.394464212237	117.263813253356	0.0437499803189003	0.001
Residuals	481	2413.51299632912	5.01769853706678	NA	0.179456389397168	NA
Total	499	13449.0223749437	NA	NA	1	NA
