	Df	SumsOfSqs	MeanSqs	F.Model	R2	Pr(>F)
IncomeGroup	4	3264.519769859	816.129942464749	156.852918610853	0.222736596397547	0.001
Ethnicity	9	6366.2580396949	707.362004410544	135.948687988505	0.434366690207365	0.001
EducationLevel	4	1909.91224998278	477.478062495695	91.7670382842742	0.130312384047078	0.001
GeoRegion	1	613.006708754823	613.006708754823	117.814439090231	0.0418251496399451	0.001
Residuals	481	2502.71723218277	5.20315432886231	NA	0.170759179708064	NA
Total	499	14656.4140004743	NA	NA	1	NA
