	Df	SumsOfSqs	MeanSqs	F.Model	R2	Pr(>F)
IncomeGroup	4	3692.98876605834	923.247191514584	173.990024136886	0.252312739116728	0.001
Ethnicity	9	6061.12571230026	673.458412477807	126.916221916665	0.41410882282038	0.001
EducationLevel	4	1750.89669582018	437.724173955046	82.4910601317913	0.119624935037195	0.001
GeoRegion	1	579.200621149386	579.200621149386	109.152923485811	0.0395722014005182	0.001
Residuals	481	2552.34115473847	5.30632256702385	NA	0.174381301625179	NA
Total	499	14636.5529500666	NA	NA	1	NA
