	Df	SumsOfSqs	MeanSqs	F.Model	R2	Pr(>F)
IncomeGroup	4	3494.01352206062	873.503380515156	170.989645489896	0.233749932359719	0.001
Ethnicity	9	6521.85252038732	724.650280043035	141.85141952815	0.436312732012991	0.001
EducationLevel	4	1912.04635445496	478.01158861374	93.5715120288617	0.127916135183961	0.001
GeoRegion	1	562.547049299939	562.547049299939	110.119459954986	0.037634466464649	0.001
Residuals	481	2457.19631047845	5.10851623800093	NA	0.16438673397868	NA
Total	499	14947.6557566813	NA	NA	1	NA
