	Df	SumsOfSqs	MeanSqs	F.Model	R2	Pr(>F)
IncomeGroup	4	3820.80058037929	955.200145094822	183.591919074656	0.270110325723814	0.001
Ethnicity	9	5338.17004044994	593.130004494437	114.001108924751	0.377380294538142	0.001
EducationLevel	4	1906.53402199215	476.633505498038	91.610182870082	0.13478183821693	0.001
GeoRegion	1	577.260595693631	577.260595693631	110.950967829944	0.0408092608473304	0.001
Residuals	481	2502.56804387876	5.2028441660681	NA	0.176918280673784	NA
Total	499	14145.3332823938	NA	NA	1	NA
