	Df	SumsOfSqs	MeanSqs	F.Model	R2	Pr(>F)
IncomeGroup	4	3600.19972103127	900.049930257818	164.161250338574	0.254324785675504	0.001
Ethnicity	9	5367.00970900666	596.334412111851	108.766191098041	0.379135520173442	0.001
EducationLevel	4	1899.93220388518	474.983050971295	86.6327621565874	0.134214734734959	0.001
GeoRegion	1	651.584462600591	651.584462600591	118.843318004659	0.0460291349483566	0.001
Residuals	481	2637.18761620739	5.48271853681371	NA	0.186295824467738	NA
Total	499	14155.9137127311	NA	NA	1	NA
