	Df	SumsOfSqs	MeanSqs	F.Model	R2	Pr(>F)
IncomeGroup	4	4027.29690693856	1006.82422673464	207.952342656008	0.277455246140365	0.001
Ethnicity	9	5743.86447616413	638.207164018237	131.817124909549	0.395715878132878	0.001
EducationLevel	4	1780.19571387677	445.048928469193	91.9216729337875	0.122644208109099	0.001
GeoRegion	1	634.950871879042	634.950871879042	131.14456105904	0.0437440930021122	0.001
Residuals	481	2328.81460662578	4.8416104087854	NA	0.160440574615546	NA
Total	499	14515.1225754843	NA	NA	1	NA
