	Df	SumsOfSqs	MeanSqs	F.Model	R2	Pr(>F)
IncomeGroup	4	3513.86686600955	878.466716502388	157.830739134695	0.247116915695508	0.001
Ethnicity	9	5682.04444756619	631.338271951799	113.43012118081	0.399596613152823	0.001
EducationLevel	4	1895.70889871614	473.927224679036	85.1486832249764	0.133318009466665	0.001
GeoRegion	1	450.643200170896	450.643200170896	80.9653320187045	0.031692025324753	0.001
Residuals	481	2677.18755518875	5.56587849311591	NA	0.188276436360251	NA
Total	499	14219.4509676515	NA	NA	1	NA
