	Df	SumsOfSqs	MeanSqs	F.Model	R2	Pr(>F)
IncomeGroup	4	4475.68198081259	1118.92049520315	224.160957001535	0.298028997470322	0.001
Ethnicity	9	5706.16997088264	634.018885653626	127.017317829504	0.379965360163649	0.001
EducationLevel	4	1814.63094401791	453.657736004477	90.8843413717706	0.120833572032768	0.001
GeoRegion	1	620.166107172978	620.166107172978	124.242096449017	0.0412959374634294	0.001
Residuals	481	2400.95672944967	4.99159403211989	NA	0.159876132869832	NA
Total	499	15017.6057323358	NA	NA	1	NA
