	Df	SumsOfSqs	MeanSqs	F.Model	R2	Pr(>F)
IncomeGroup	4	4289.32634019224	1072.33158504806	186.526543789492	0.281932711205391	0.001
Ethnicity	9	5715.77099111908	635.085665679898	110.469873200845	0.375691352055788	0.001
EducationLevel	4	1750.8238979398	437.705974484949	76.1366948013846	0.115079732629351	0.001
GeoRegion	1	692.841656757679	692.841656757679	120.516229709492	0.0455397214465553	0.001
Residuals	481	2765.24446295549	5.74894898743344	NA	0.181756482662915	NA
Total	499	15214.0073489643	NA	NA	1	NA
