	Df	SumsOfSqs	MeanSqs	F.Model	R2	Pr(>F)
IncomeGroup	4	3760.94140078658	940.235350196646	185.856151082886	0.249836293676936	0.001
Ethnicity	9	6167.43912567602	685.271013964003	135.457396998931	0.40969799006035	0.001
EducationLevel	4	1971.83792022155	492.959480055387	97.4432109830303	0.130987597311874	0.001
GeoRegion	1	720.053905981978	720.053905981978	142.332924953332	0.047832598263965	0.001
Residuals	481	2433.35074362374	5.058941254935	NA	0.161645520686875	NA
Total	499	15053.6230962899	NA	NA	1	NA
