	Df	SumsOfSqs	MeanSqs	F.Model	R2	Pr(>F)
IncomeGroup	4	4103.39941316803	1025.84985329201	177.84709819167	0.274290241047955	0.001
Ethnicity	9	5927.40726718308	658.600807464786	114.17873882657	0.396215382516182	0.001
EducationLevel	4	1654.25808591035	413.564521477587	71.697870622865	0.110578279970451	0.001
GeoRegion	1	500.51553353575	500.51553353575	86.7721869370395	0.0334567787628002	0.001
Residuals	481	2774.48316250665	5.7681562630076	NA	0.185459317702612	NA
Total	499	14960.0634623039	NA	NA	1	NA
