	Df	SumsOfSqs	MeanSqs	F.Model	R2	Pr(>F)
IncomeGroup	4	4192.28843227036	1048.07210806759	193.716164960329	0.294050726360125	0.001
Ethnicity	9	5049.32553865446	561.036170961606	103.696849297034	0.354164048170224	0.001
EducationLevel	4	1765.84413446443	441.461033616107	81.595662887367	0.123857830577948	0.001
GeoRegion	1	647.188480586752	647.188480586752	119.620462657788	0.0453943582086452	0.001
Residuals	481	2602.37798989955	5.41034925135042	NA	0.182533036683058	NA
Total	499	14257.0245758755	NA	NA	1	NA
