	Df	SumsOfSqs	MeanSqs	F.Model	R2	Pr(>F)
IncomeGroup	4	3512.37753242306	878.094383105764	176.355856751934	0.232574514221639	0.001
Ethnicity	9	6807.23861491023	756.359846101136	151.906778175872	0.450746025858258	0.001
EducationLevel	4	1785.83609280135	446.459023200338	89.6665154179031	0.118250375402048	0.001
GeoRegion	1	601.758133848009	601.758133848009	120.856679297797	0.0398458321654483	0.001
Residuals	481	2394.94965493535	4.97910531171591	NA	0.158583252352607	NA
Total	499	15102.160028918	NA	NA	1	NA
