	Df	SumsOfSqs	MeanSqs	F.Model	R2	Pr(>F)
IncomeGroup	4	4019.65268838054	1004.91317209513	204.014635744068	0.277159978403423	0.001
Ethnicity	9	5737.05819097163	637.450910107959	129.413484509573	0.395577192254762	0.001
EducationLevel	4	1806.20274138815	451.550685347037	91.6725455981372	0.124539892275377	0.001
GeoRegion	1	570.834222502437	570.834222502437	115.889152623285	0.0393597191215174	0.001
Residuals	481	2369.25764671182	4.92569157320545	NA	0.16336321794492	NA
Total	499	14503.0054899546	NA	NA	1	NA
