	Df	SumsOfSqs	MeanSqs	F.Model	R2	Pr(>F)
IncomeGroup	4	4111.74075101843	1027.93518775461	193.095224901881	0.281962908088596	0.001
Ethnicity	9	5533.40599544339	614.822888382599	115.493044037522	0.379453701141942	0.001
EducationLevel	4	1739.12487843623	434.781219609058	81.6726369362958	0.119260609543938	0.001
GeoRegion	1	637.701943332428	637.701943332428	119.790821089722	0.0437304551341726	0.001
Residuals	481	2560.58546015941	5.3234624951339	NA	0.175592326091351	NA
Total	499	14582.5590283899	NA	NA	1	NA
