	Df	SumsOfSqs	MeanSqs	F.Model	R2	Pr(>F)
IncomeGroup	4	4049.84995584622	1012.46248896155	188.404931381112	0.270608647335797	0.001
Ethnicity	9	5935.60935259646	659.512150288496	122.725871600002	0.396614006822929	0.001
EducationLevel	4	1863.59718655934	465.899296639835	86.6972613513484	0.124524493334777	0.001
GeoRegion	1	531.822736558805	531.822736558805	98.9646799567322	0.0355360897148419	0.001
Residuals	481	2584.82861154732	5.37386405727093	NA	0.172716762791655	NA
Total	499	14965.7078431081	NA	NA	1	NA
