	Df	SumsOfSqs	MeanSqs	F.Model	R2	Pr(>F)
IncomeGroup	4	3523.01619590263	880.754048975657	164.329157973627	0.247428589146723	0.001
Ethnicity	9	5489.19900272641	609.911000302935	113.795856215705	0.385517604593986	0.001
EducationLevel	4	2201.66820096457	550.417050241143	102.695605550324	0.154627633380578	0.001
GeoRegion	1	446.620742116098	446.620742116098	83.3295181224006	0.0313670826248177	0.001
Residuals	481	2578.01295145248	5.359694285764	NA	0.181059090253895	NA
Total	499	14238.5170931622	NA	NA	1	NA
