	Df	SumsOfSqs	MeanSqs	F.Model	R2	Pr(>F)
IncomeGroup	4	4154.19416779611	1038.54854194903	199.083049424986	0.282190797364783	0.001
Ethnicity	9	6215.86983378557	690.652203753953	132.39356781281	0.422238632538984	0.001
EducationLevel	4	1341.39157439968	335.34789359992	64.284025810509	0.09111956318572	0.001
GeoRegion	1	500.555869121352	500.555869121352	95.9533279448232	0.0340023249100833	0.001
Residuals	481	2509.21336658402	5.21665980578798	NA	0.170448682000429	NA
Total	499	14721.2248116867	NA	NA	1	NA
