	Df	SumsOfSqs	MeanSqs	F.Model	R2	Pr(>F)
IncomeGroup	4	3732.90066110909	933.225165277272	180.72154050087	0.26340290085682	0.001
Ethnicity	9	6152.48671170338	683.609634633709	132.382827712897	0.434135005045704	0.001
EducationLevel	4	1245.47118802744	311.367797006861	60.2972037522406	0.0878835933883511	0.001
GeoRegion	1	557.141195999597	557.141195999597	107.891877505927	0.0393132902630015	0.001
Residuals	481	2483.82845373215	5.16388451919366	NA	0.175265210446123	NA
Total	499	14171.8282105717	NA	NA	1	NA
