	Df	SumsOfSqs	MeanSqs	F.Model	R2	Pr(>F)
IncomeGroup	4	3616.67859698349	904.169649245874	184.958960772246	0.25401737412506	0.001
Ethnicity	9	6239.67212257336	693.296902508151	141.822361214487	0.43824329021091	0.001
EducationLevel	4	1536.47671138677	384.119177846692	78.5762760411942	0.107914421800239	0.001
GeoRegion	1	493.728080685656	493.728080685656	100.998117757945	0.0346769853124852	0.001
Residuals	481	2351.36269944119	4.88848794062618	NA	0.165147928551305	NA
Total	499	14237.9182110705	NA	NA	1	NA
