	Df	SumsOfSqs	MeanSqs	F.Model	R2	Pr(>F)
IncomeGroup	4	4591.81103980089	1147.95275995022	228.110425055015	0.315290498585631	0.001
Ethnicity	9	5539.24370548038	615.471522831153	122.300738828625	0.380344681989343	0.001
EducationLevel	4	1511.34089038855	377.835222597138	75.0798780527576	0.103774179454066	0.001
GeoRegion	1	500.746138227043	500.746138227043	99.5035844859861	0.0343830567542866	0.001
Residuals	481	2420.60518454116	5.03244321110429	NA	0.166207583216673	NA
Total	499	14563.746958438	NA	NA	1	NA
