	Df	SumsOfSqs	MeanSqs	F.Model	R2	Pr(>F)
IncomeGroup	4	4458.84869689846	1114.71217422461	212.007658824061	0.300725047878456	0.001
Ethnicity	9	5438.69951160924	604.29994573436	114.932105062695	0.366810646022347	0.001
EducationLevel	4	1833.07613398748	458.26903349687	87.1584137589757	0.123630996616164	0.001
GeoRegion	1	567.327045325776	567.327045325776	107.900210877982	0.0382631177835237	0.001
Residuals	481	2529.04333162321	5.257886344331	NA	0.17057019169951	NA
Total	499	14826.9947194442	NA	NA	1	NA
