	Df	SumsOfSqs	MeanSqs	F.Model	R2	Pr(>F)
IncomeGroup	4	3937.7704786331	984.442619658275	177.921701137496	0.266333274446212	0.001
Ethnicity	9	5874.06543461901	652.67393717989	117.960005867546	0.397295649912144	0.001
EducationLevel	4	1871.48320927223	467.870802318057	84.5598995804243	0.126578797291811	0.001
GeoRegion	1	440.426848293884	440.426848293884	79.599859362321	0.0297885123819744	0.001
Residuals	481	2661.37799396209	5.53301038245757	NA	0.180003765967858	NA
Total	499	14785.1239647803	NA	NA	1	NA
