	Df	SumsOfSqs	MeanSqs	F.Model	R2	Pr(>F)
IncomeGroup	4	3355.24473787071	838.811184467679	169.892867184844	0.245387452672904	0.001
Ethnicity	9	5372.08190320109	596.897989244566	120.895754238164	0.392889817812008	0.001
EducationLevel	4	2033.25043386939	508.312608467347	102.953665947515	0.148702757501355	0.001
GeoRegion	1	537.837143354214	537.837143354214	108.933566999278	0.0393349805666688	0.001
Residuals	481	2374.83884058522	4.93729488687156	NA	0.173684991447064	NA
Total	499	13673.2530588806	NA	NA	1	NA
