	Df	SumsOfSqs	MeanSqs	F.Model	R2	Pr(>F)
IncomeGroup	4	4191.82100471704	1047.95525117926	206.430637041827	0.279271362156021	0.001
Ethnicity	9	5599.00047716205	622.111164129116	122.546076063355	0.373021769825024	0.001
EducationLevel	4	2148.22160059815	537.055400149537	105.791433608321	0.143120799274808	0.001
GeoRegion	1	628.985934775028	628.985934775028	123.900297326482	0.041904880619648	0.001
Residuals	481	2441.82008562561	5.07654903456468	NA	0.162681188124499	NA
Total	499	15009.8491028779	NA	NA	1	NA
