	Df	SumsOfSqs	MeanSqs	F.Model	R2	Pr(>F)
IncomeGroup	4	4332.34495535585	1083.08623883896	206.788707686822	0.281366062635709	0.001
Ethnicity	9	6181.49321821321	686.832579801467	131.133806784031	0.40145981585973	0.001
EducationLevel	4	1801.49995780579	450.374989451448	85.9880392746621	0.116999212941154	0.001
GeoRegion	1	562.892813963641	562.892813963641	107.47055349029	0.036557323200935	0.001
Residuals	481	2519.30817068857	5.23764692450847	NA	0.163617585362473	NA
Total	499	15397.5391160271	NA	NA	1	NA
