	Df	SumsOfSqs	MeanSqs	F.Model	R2	Pr(>F)
IncomeGroup	4	4363.35919740923	1090.83979935231	206.26394625394	0.290807363063477	0.001
Ethnicity	9	5719.26993578899	635.474437309888	120.160141994147	0.381175542380869	0.001
EducationLevel	4	1842.24724700573	460.561811751431	87.0863868756162	0.122781334236884	0.001
GeoRegion	1	535.619076517129	535.619076517129	101.278761993202	0.0356977191657578	0.001
Residuals	481	2543.79862800883	5.28856263619299	NA	0.169538041153012	NA
Total	499	15004.2940847299	NA	NA	1	NA
