	Df	SumsOfSqs	MeanSqs	F.Model	R2	Pr(>F)
IncomeGroup	4	5147.21746634565	1286.80436658641	240.9063582842	0.339470879968464	0.001
Ethnicity	9	5624.83293489288	624.98143721032	117.004578118559	0.370970723224434	0.001
EducationLevel	4	1193.83093626587	298.457734066467	55.8751335344325	0.0787359075301472	0.001
GeoRegion	1	627.322340542894	627.322340542894	117.442825385657	0.0413733572285155	0.001
Residuals	481	2569.26759732045	5.34151267634189	NA	0.169449132048439	NA
Total	499	15162.4712753677	NA	NA	1	NA
