	Df	SumsOfSqs	MeanSqs	F.Model	R2	Pr(>F)
IncomeGroup	4	4059.12404906022	1014.78101226505	190.837099700852	0.271000572228271	0.001
Ethnicity	9	5679.70865119665	631.07873902185	118.679039893529	0.379196170395559	0.001
EducationLevel	4	2073.45840347958	518.364600869896	97.4823098008089	0.138430953832164	0.001
GeoRegion	1	608.26535971771	608.26535971771	114.388814625065	0.0406098110227251	0.001
Residuals	481	2557.72943345205	5.31752480967162	NA	0.17076249252128	NA
Total	499	14978.2858969062	NA	NA	1	NA
