	Df	SumsOfSqs	MeanSqs	F.Model	R2	Pr(>F)
IncomeGroup	4	4105.7955343252	1026.4488835813	195.268020933914	0.289574684877106	0.001
Ethnicity	9	5207.64272943759	578.62696993751	110.075957104137	0.367286069099709	0.001
EducationLevel	4	1764.59442354435	441.148605886088	83.9225572622571	0.124453804350911	0.001
GeoRegion	1	572.24549803863	572.24549803863	108.861968362689	0.0403594890153519	0.001
Residuals	481	2528.43200151908	5.25661538777355	NA	0.178325952656922	NA
Total	499	14178.7101868648	NA	NA	1	NA
