	Df	SumsOfSqs	MeanSqs	F.Model	R2	Pr(>F)
IncomeGroup	4	3082.23950049488	770.55987512372	139.03302272063	0.221671288946409	0.001
Ethnicity	9	5502.38086044144	611.37565116016	110.311226346873	0.39572520481042	0.001
EducationLevel	4	2104.51812046754	526.129530116884	94.9301686685807	0.151354638177926	0.001
GeoRegion	1	549.574975831774	549.574975831774	99.1604579582355	0.0395248303208627	0.001
Residuals	481	2665.83645152608	5.54227952500224	NA	0.191724037744382	NA
Total	499	13904.5499087617	NA	NA	1	NA
