	Df	SumsOfSqs	MeanSqs	F.Model	R2	Pr(>F)
IncomeGroup	4	3875.51440564695	968.878601411739	177.425568957807	0.273353020085402	0.001
Ethnicity	9	5494.56761151049	610.507512390055	111.798983464998	0.387550269063985	0.001
EducationLevel	4	1641.93638017265	410.484095043162	75.1697622437359	0.115811275957149	0.001
GeoRegion	1	539.045728293935	539.045728293935	98.7125682180108	0.038020701865688	0.001
Residuals	481	2626.62597063375	5.46076085370842	NA	0.185264733027777	NA
Total	499	14177.6900962578	NA	NA	1	NA
