	Df	SumsOfSqs	MeanSqs	F.Model	R2	Pr(>F)
IncomeGroup	4	3122.72931103399	780.682327758498	154.708412424249	0.232225116948193	0.001
Ethnicity	9	5162.88266596087	573.653629551208	113.681377371629	0.383943310954342	0.001
EducationLevel	4	2004.85477922995	501.213694807488	99.3259002436982	0.149093177537267	0.001
GeoRegion	1	729.325716467307	729.325716467307	144.531033588018	0.0542370897155553	0.001
Residuals	481	2427.19961873889	5.04615305351122	NA	0.180501304844643	NA
Total	499	13446.992091431	NA	NA	1	NA
