	Df	SumsOfSqs	MeanSqs	F.Model	R2	Pr(>F)
IncomeGroup	4	3943.14640250765	985.786600626911	174.414123694293	0.255253630605861	0.001
Ethnicity	9	6369.22812626659	707.692014029621	125.211158676664	0.412302369080844	0.001
EducationLevel	4	1811.91626436946	452.979066092365	80.1450809070798	0.117291664478901	0.001
GeoRegion	1	605.057025006701	605.057025006701	107.052064548765	0.0391674532445266	0.001
Residuals	481	2718.60641132849	5.65198838114032	NA	0.175984882589868	NA
Total	499	15447.9542294789	NA	NA	1	NA
