	Df	SumsOfSqs	MeanSqs	F.Model	R2	Pr(>F)
IncomeGroup	4	4158.18140251349	1039.54535062837	195.233975554238	0.276495462133533	0.001
Ethnicity	9	6036.8813875168	670.764598612978	125.974339810279	0.401418347953223	0.001
EducationLevel	4	1763.02346776469	440.755866941172	82.7770718225664	0.117231053983648	0.001
GeoRegion	1	519.652488589798	519.652488589798	97.5944158595041	0.0345539410316793	0.001
Residuals	481	2561.13881937182	5.32461293008694	NA	0.170301194897917	NA
Total	499	15038.8775657566	NA	NA	1	NA
