	Df	SumsOfSqs	MeanSqs	F.Model	R2	Pr(>F)
IncomeGroup	4	3518.35591526973	879.588978817433	161.969058052678	0.243242795757065	0.001
Ethnicity	9	6089.80476954217	676.644974393574	124.598592954123	0.421020832863802	0.001
EducationLevel	4	1586.79478669743	396.698696674357	73.0487941282026	0.109703625643407	0.001
GeoRegion	1	657.305192055823	657.305192055823	121.037331497208	0.0454430297649508	0.001
Residuals	481	2612.11804216077	5.43059884025107	NA	0.180589715970775	NA
Total	499	14464.3787057259	NA	NA	1	NA
