	Df	SumsOfSqs	MeanSqs	F.Model	R2	Pr(>F)
IncomeGroup	4	4071.78051260191	1017.94512815048	194.691370530702	0.275098818204331	0.001
Ethnicity	9	5853.87726990936	650.430807767707	124.400875742456	0.395501357178067	0.001
EducationLevel	4	1739.06667159071	434.766667897678	83.1531249507123	0.117495327818501	0.001
GeoRegion	1	621.519800553446	621.519800553446	118.871379640643	0.0419913013713961	0.001
Residuals	481	2514.91170515525	5.22850666352443	NA	0.169913195427705	NA
Total	499	14801.1559598107	NA	NA	1	NA
