	Df	SumsOfSqs	MeanSqs	F.Model	R2	Pr(>F)
IncomeGroup	4	3614.8514698521	903.712867463026	177.169191393815	0.263078061982389	0.001
Ethnicity	9	5735.52532367631	637.28059151959	124.936239325061	0.417414352757739	0.001
EducationLevel	4	1461.54740116136	365.386850290339	71.6325894458073	0.106367041910206	0.001
GeoRegion	1	475.172587379744	475.172587379744	93.1556317383301	0.0345816375686758	0.001
Residuals	481	2453.50721437504	5.1008465995323	NA	0.17855890578099	NA
Total	499	13740.6039964446	NA	NA	1	NA
