	Df	SumsOfSqs	MeanSqs	F.Model	R2	Pr(>F)
IncomeGroup	4	4282.9626350075	1070.74065875187	211.94809931284	0.296322857314136	0.001
Ethnicity	9	5540.29465394795	615.588294883106	121.852820282172	0.3833131601012	0.001
EducationLevel	4	1638.78618379116	409.696545947791	81.0975127346802	0.113381751346303	0.001
GeoRegion	1	561.695714086665	561.695714086665	111.185036282838	0.0388617163219714	0.001
Residuals	481	2429.96402670949	5.05190026342929	NA	0.16812051491639	NA
Total	499	14453.7032135428	NA	NA	1	NA
