	Df	SumsOfSqs	MeanSqs	F.Model	R2	Pr(>F)
IncomeGroup	4	3844.30444637254	961.076111593135	175.478247526054	0.2669314851117	0.001
Ethnicity	9	5508.60685811825	612.067428679805	111.754436986755	0.382493278054884	0.001
EducationLevel	4	1789.53142140602	447.382855351505	81.685475773764	0.124257141085873	0.001
GeoRegion	1	625.009950080101	625.009950080101	114.117549487936	0.0433979245171113	0.001
Residuals	481	2634.38697498766	5.47689599789535	NA	0.182920171230432	NA
Total	499	14401.8396509646	NA	NA	1	NA
