	Df	SumsOfSqs	MeanSqs	F.Model	R2	Pr(>F)
IncomeGroup	4	4621.39742827299	1155.34935706825	229.271671724476	0.301341332110181	0.001
Ethnicity	9	6117.44134551828	679.715705057587	134.885223281194	0.398891883413123	0.001
EducationLevel	4	1645.97689859227	411.494224648069	81.658390349939	0.107327032340894	0.001
GeoRegion	1	527.410481917275	527.410481917275	104.661228341379	0.0343901557172971	0.001
Residuals	481	2423.86264543689	5.03921547907877	NA	0.158049596418504	NA
Total	499	15336.0887997377	NA	NA	1	NA
