	Df	SumsOfSqs	MeanSqs	F.Model	R2	Pr(>F)
IncomeGroup	4	5378.52467877038	1344.6311696926	278.545218827043	0.352199084168031	0.001
Ethnicity	9	5401.79545290385	600.199494767095	124.333500054146	0.353722911951148	0.001
EducationLevel	4	1527.23966563882	381.809916409706	79.0933076027014	0.100007426509765	0.001
GeoRegion	1	641.7544541684	641.7544541684	132.941760460925	0.0420236671797773	0.001
Residuals	481	2321.94828310349	4.82733530790746	NA	0.152046910191279	NA
Total	499	15271.262534585	NA	NA	1	NA
