	Df	SumsOfSqs	MeanSqs	F.Model	R2	Pr(>F)
IncomeGroup	4	4183.15151163644	1045.78787790911	210.60908740143	0.295739247811403	0.001
Ethnicity	9	5412.84292736942	601.426991929935	121.12015503775	0.38267561942438	0.001
EducationLevel	4	1639.82513341954	409.956283354884	82.5602596240441	0.115931887752737	0.001
GeoRegion	1	520.484607711034	520.484607711034	104.819333396442	0.0367970717660328	0.001
Residuals	481	2388.42480863846	4.96554014269951	NA	0.168856173245446	NA
Total	499	14144.7289887749	NA	NA	1	NA
