	Df	SumsOfSqs	MeanSqs	F.Model	R2	Pr(>F)
IncomeGroup	4	4092.85136517415	1023.21284129354	187.864061384325	0.284485366852859	0.001
Ethnicity	9	5458.88603595071	606.542892883412	111.362569606558	0.379435522569804	0.001
EducationLevel	4	1653.64512415934	413.411281039836	75.9031934939915	0.11494134475389	0.001
GeoRegion	1	561.682993459515	561.682993459515	103.126196333123	0.0390413866012804	0.001
Residuals	481	2619.79525533273	5.44655978239652	NA	0.182096379222166	NA
Total	499	14386.8607740764	NA	NA	1	NA
