	Df	SumsOfSqs	MeanSqs	F.Model	R2	Pr(>F)
IncomeGroup	4	3795.6141629927	948.903540748175	182.136900315533	0.266858756292104	0.001
Ethnicity	9	5631.33645265416	625.704050294907	120.100506892126	0.39592313061473	0.001
EducationLevel	4	1643.21948432382	410.804871080956	78.8517722193478	0.115530053654311	0.001
GeoRegion	1	647.205909420905	647.205909420905	124.227672409016	0.0455031930634345	0.001
Residuals	481	2505.93154000736	5.20983688151219	NA	0.17618486637542	NA
Total	499	14223.3075493989	NA	NA	1	NA
