	Df	SumsOfSqs	MeanSqs	F.Model	R2	Pr(>F)
IncomeGroup	4	4025.28013879528	1006.32003469882	178.008173180243	0.261282039194305	0.001
Ethnicity	9	6060.73600951754	673.415112168616	119.120547912952	0.393404038720902	0.001
EducationLevel	4	2056.5241382237	514.131034555925	90.944752246694	0.133489546555688	0.001
GeoRegion	1	544.140601989959	544.140601989959	96.2531512576115	0.0353203159020142	0.001
Residuals	481	2719.20063018688	5.65322376338228	NA	0.176504059627091	NA
Total	499	15405.8815187134	NA	NA	1	NA
