	Df	SumsOfSqs	MeanSqs	F.Model	R2	Pr(>F)
IncomeGroup	4	3894.4596976107	973.614924402674	189.082007889159	0.273563701125447	0.001
Ethnicity	9	5179.92871427319	575.547634919243	111.774891406018	0.363860607290897	0.001
EducationLevel	4	2202.09062737834	550.522656844586	106.914886713052	0.154684374474042	0.001
GeoRegion	1	482.796441096642	482.796441096642	93.7620389706941	0.0339137111619414	0.001
Residuals	481	2476.74955362338	5.14916747115048	NA	0.173977605947674	NA
Total	499	14236.0250339822	NA	NA	1	NA
