	Df	SumsOfSqs	MeanSqs	F.Model	R2	Pr(>F)
IncomeGroup	4	4031.64555366932	1007.91138841733	198.138963153567	0.278583572649908	0.001
Ethnicity	9	5399.43270596189	599.936967329099	117.937836629408	0.373096601247749	0.001
EducationLevel	4	1970.54280334379	492.635700835947	96.8441552479507	0.136162975367577	0.001
GeoRegion	1	623.527062486455	623.527062486455	122.575265126483	0.0430852351475406	0.001
Residuals	481	2446.79476521227	5.08689140376772	NA	0.169071615587226	NA
Total	499	14471.9428906737	NA	NA	1	NA
