	Df	SumsOfSqs	MeanSqs	F.Model	R2	Pr(>F)
IncomeGroup	4	4101.06237653076	1025.26559413269	203.361953554479	0.298856725304866	0.001
Ethnicity	9	5105.9920164259	567.332446269544	112.530680097399	0.372088964604507	0.001
EducationLevel	4	1459.64872754348	364.912181885871	72.3805174081886	0.106368984121153	0.001
GeoRegion	1	630.800037636252	630.800037636252	125.119509217965	0.0459682921793624	0.001
Residuals	481	2425.00006593275	5.04158017865436	NA	0.176717033790112	NA
Total	499	13722.5032240691	NA	NA	1	NA
