	Df	SumsOfSqs	MeanSqs	F.Model	R2	Pr(>F)
IncomeGroup	4	3834.85762529233	958.714406323083	184.554855267865	0.253970462084481	0.001
Ethnicity	9	6316.50329073437	701.833698970486	135.104694246097	0.418321986434546	0.001
EducationLevel	4	1899.12870559904	474.78217639976	91.3967238536426	0.125773272973106	0.001
GeoRegion	1	550.461270049347	550.461270049347	105.965133468837	0.0364553046746778	0.001
Residuals	481	2498.66972490155	5.19473955280988	NA	0.165478973833188	NA
Total	499	15099.6206165766	NA	NA	1	NA
