	Df	SumsOfSqs	MeanSqs	F.Model	R2	Pr(>F)
IncomeGroup	4	4086.41970614056	1021.60492653514	189.926009562303	0.279719950141261	0.001
Ethnicity	9	5477.11800163308	608.56866684812	113.138665874609	0.374914787150332	0.001
EducationLevel	4	1902.40965076909	475.602412692272	88.4189827541318	0.130222045440351	0.001
GeoRegion	1	555.739231629674	555.739231629674	103.31717465246	0.038040965280537	0.001
Residuals	481	2587.28107222306	5.37896272811447	NA	0.177102251987518	NA
Total	499	14608.9676623955	NA	NA	1	NA
