	Df	SumsOfSqs	MeanSqs	F.Model	R2	Pr(>F)
IncomeGroup	4	3490.27293900527	872.568234751317	163.212345311993	0.252347468556189	0.001
Ethnicity	9	5327.78286102629	591.975873447366	110.728040313084	0.385199822905599	0.001
EducationLevel	4	1885.03340679823	471.258351699556	88.1480413399067	0.136288312307447	0.001
GeoRegion	1	556.599892428016	556.599892428016	104.111025620214	0.0402422894448154	0.001
Residuals	481	2571.52925603198	5.34621466950516	NA	0.18592210678595	NA
Total	499	13831.2183552898	NA	NA	1	NA
