	Df	SumsOfSqs	MeanSqs	F.Model	R2	Pr(>F)
IncomeGroup	4	4305.58534059505	1076.39633514876	196.732098206371	0.294315229866372	0.001
Ethnicity	9	5786.41358725339	642.934843028155	117.508687598265	0.395539632899023	0.001
EducationLevel	4	1387.12128491956	346.780321229891	63.3807622568756	0.0948189125354131	0.001
GeoRegion	1	518.307909395266	518.307909395266	94.7307225067764	0.0354297730570924	0.001
Residuals	481	2631.73443442584	5.47138136055269	NA	0.179896451642099	NA
Total	499	14629.1625565891	NA	NA	1	NA
