	Df	SumsOfSqs	MeanSqs	F.Model	R2	Pr(>F)
IncomeGroup	4	4004.72842200918	1001.18210550229	189.926141122574	0.27312793010796	0.001
Ethnicity	9	5582.91118659084	620.32346517676	117.676535908218	0.380762143068147	0.001
EducationLevel	4	2022.62927582693	505.657318956732	95.9241508533122	0.137946070062152	0.001
GeoRegion	1	516.63784988911	516.63784988911	98.0071783624957	0.0352354046731702	0.001
Residuals	481	2535.55719028593	5.27142867003312	NA	0.172928452088571	NA
Total	499	14662.463924602	NA	NA	1	NA
