	Df	SumsOfSqs	MeanSqs	F.Model	R2	Pr(>F)
IncomeGroup	4	3806.06092949766	951.515232374416	178.480313476848	0.261459692249908	0.001
Ethnicity	9	5856.42944612373	650.714382902637	122.057643527724	0.402311016305486	0.001
EducationLevel	4	1644.45488098238	411.113720245595	77.1145885714986	0.112966837647883	0.001
GeoRegion	1	685.715015401029	685.715015401029	128.622881421617	0.0471056139717544	0.001
Residuals	481	2564.30985499957	5.33120551974963	NA	0.176156839824969	NA
Total	499	14556.9701270044	NA	NA	1	NA
