	Df	SumsOfSqs	MeanSqs	F.Model	R2	Pr(>F)
IncomeGroup	4	5000.66229256217	1250.16557314054	234.961501953421	0.315655102531646	0.001
Ethnicity	9	6119.28639372429	679.92071041381	127.787226556515	0.386265630635472	0.001
EducationLevel	4	1567.18429450095	391.796073625237	73.635841440732	0.0989248403961349	0.001
GeoRegion	1	595.76979536235	595.76979536235	111.971541165678	0.0376065738572413	0.001
Residuals	481	2559.26879799997	5.3207251517671	NA	0.161547852579505	NA
Total	499	15842.1715741497	NA	NA	1	NA
