	Df	SumsOfSqs	MeanSqs	F.Model	R2	Pr(>F)
IncomeGroup	4	3793.86550510063	948.466376275158	179.155274254556	0.257020000518777	0.001
Ethnicity	9	5966.7826232224	662.975847024711	125.22913059324	0.404226894931895	0.001
EducationLevel	4	1826.59294811264	456.648237028161	86.2560257158823	0.123744745257925	0.001
GeoRegion	1	627.269489572083	627.269489572083	118.484577046514	0.0424951291284517	0.001
Residuals	481	2546.46327821827	5.29410244951823	NA	0.172513230162951	NA
Total	499	14760.973844226	NA	NA	1	NA
