	Df	SumsOfSqs	MeanSqs	F.Model	R2	Pr(>F)
IncomeGroup	4	3945.64669234535	986.411673086337	190.555231998488	0.27102617999151	0.001
Ethnicity	9	5577.49839431053	619.722043812281	119.718045776705	0.383117952920467	0.001
EducationLevel	4	1982.89408674844	495.723521687111	95.7639829896123	0.136204848422385	0.001
GeoRegion	1	562.23347518759	562.23347518759	108.61239097716	0.038619775901138	0.001
Residuals	481	2489.90284747622	5.17651319641626	NA	0.1710312427645	NA
Total	499	14558.1754960681	NA	NA	1	NA
