	Df	SumsOfSqs	MeanSqs	F.Model	R2	Pr(>F)
IncomeGroup	4	3653.97535394497	913.493838486242	165.9208160144	0.243952985587236	0.001
Ethnicity	9	6322.58254512642	702.509171680714	127.598994226407	0.422119127552431	0.001
EducationLevel	4	1760.54554430235	440.136386075588	79.9433835879018	0.11754056888511	0.001
GeoRegion	1	592.897251174034	592.897251174034	107.689829512705	0.039584025769143	0.001
Residuals	481	2648.19416192932	5.50560116825222	NA	0.17680329220608	NA
Total	499	14978.1948564771	NA	NA	1	NA
