	Df	SumsOfSqs	MeanSqs	F.Model	R2	Pr(>F)
IncomeGroup	4	4709.15103720641	1177.2877593016	224.201907729854	0.313429387116455	0.001
Ethnicity	9	5579.20893680463	619.912104089403	118.055653992463	0.371338278139979	0.001
EducationLevel	4	1523.04853110039	380.762132775097	72.5120905105707	0.101370324264349	0.001
GeoRegion	1	687.452473702397	687.452473702397	130.917997626271	0.0457551277930669	0.001
Residuals	481	2525.73859855996	5.25101579742195	NA	0.16810688268615	NA
Total	499	15024.5995773738	NA	NA	1	NA
