	Df	SumsOfSqs	MeanSqs	F.Model	R2	Pr(>F)
IncomeGroup	4	4469.35675824403	1117.33918956101	208.570665035456	0.295643283596262	0.001
Ethnicity	9	5805.6896278091	645.076625312122	120.414697700739	0.38404030780049	0.001
EducationLevel	4	1691.55886730158	422.889716825394	78.9396723027159	0.111894853102283	0.001
GeoRegion	1	574.014029671498	574.014029671498	107.149636410144	0.0379704287981429	0.001
Residuals	481	2576.7772763609	5.35712531467963	NA	0.170451126702822	NA
Total	499	15117.3965593871	NA	NA	1	NA
