	Df	SumsOfSqs	MeanSqs	F.Model	R2	Pr(>F)
IncomeGroup	4	4453.18372219188	1113.29593054797	210.994675243571	0.293330308945156	0.001
Ethnicity	9	5958.41748286306	662.046386984785	125.472714473391	0.392479751590436	0.001
EducationLevel	4	1708.25493312639	427.063733281596	80.9382045146842	0.112522406114521	0.001
GeoRegion	1	523.65186651882	523.65186651882	99.2438330951638	0.0344928422827497	0.001
Residuals	481	2537.95666632536	5.2764171857076	NA	0.167174691067138	NA
Total	499	15181.4646710255	NA	NA	1	NA
