	Df	SumsOfSqs	MeanSqs	F.Model	R2	Pr(>F)
IncomeGroup	4	5177.42923959255	1294.35730989814	240.593019114204	0.328281712425166	0.001
Ethnicity	9	5546.24524000056	616.249471111173	114.547443467397	0.351666976149846	0.001
EducationLevel	4	1936.69364946655	484.173412366637	89.9973617526703	0.122798608782118	0.001
GeoRegion	1	523.217710383298	523.217710383298	97.2548519890892	0.0331753072784286	0.001
Residuals	481	2587.71375974744	5.3798622863772	NA	0.164077395364443	NA
Total	499	15771.2995991904	NA	NA	1	NA
