	Df	SumsOfSqs	MeanSqs	F.Model	R2	Pr(>F)
IncomeGroup	4	3360.26005104833	840.065012762083	161.701411875045	0.242487651421409	0.001
Ethnicity	9	5750.43440620214	638.937156244683	122.98695778853	0.41497066079091	0.001
EducationLevel	4	1758.72192816528	439.68048204132	84.6326815661794	0.126915281372667	0.001
GeoRegion	1	489.158871968213	489.158871968213	94.1566176746201	0.0352993471438356	0.001
Residuals	481	2498.87286977314	5.19516189142025	NA	0.180327059271178	NA
Total	499	13857.4481271571	NA	NA	1	NA
