	Df	SumsOfSqs	MeanSqs	F.Model	R2	Pr(>F)
IncomeGroup	4	4370.57589879758	1092.64397469939	211.248275289973	0.279267906224283	0.001
Ethnicity	9	6777.46617456302	753.051797173669	145.592614832034	0.433061644941766	0.001
EducationLevel	4	1520.32284121546	380.080710303864	73.483583291409	0.097144492278009	0.001
GeoRegion	1	493.867254599396	493.867254599396	95.4827081575396	0.0315567736010837	0.001
Residuals	481	2487.88659272597	5.17232139859869	NA	0.158969182954858	NA
Total	499	15650.1187619014	NA	NA	1	NA
