	Df	SumsOfSqs	MeanSqs	F.Model	R2	Pr(>F)
IncomeGroup	4	3987.89779609203	996.974449023007	180.373488026898	0.265593441617298	0.001
Ethnicity	9	5681.77876950646	631.308752167385	114.216930796902	0.37840568015061	0.001
EducationLevel	4	2032.39465092888	508.098662732219	91.92565381051	0.135357202632866	0.001
GeoRegion	1	654.354166369527	654.354166369527	118.386327261112	0.0435798969705317	0.001
Residuals	481	2658.62081631728	5.52727820440182	NA	0.177063778628694	NA
Total	499	15015.0461992142	NA	NA	1	NA
