	Df	SumsOfSqs	MeanSqs	F.Model	R2	Pr(>F)
IncomeGroup	4	4565.71731500292	1141.42932875073	233.407138858473	0.301923628392687	0.001
Ethnicity	9	5836.40105272152	648.489005857947	132.607389372184	0.385951924093543	0.001
EducationLevel	4	1861.31513219795	465.328783049489	95.1535562862651	0.123085810952153	0.001
GeoRegion	1	506.428924746513	506.428924746513	103.557989428595	0.0334893397758193	0.001
Residuals	481	2352.23099779311	4.89029313470501	NA	0.155549296785798	NA
Total	499	15122.093422462	NA	NA	1	NA
