	Df	SumsOfSqs	MeanSqs	F.Model	R2	Pr(>F)
IncomeGroup	4	4448.08336477294	1112.02084119324	241.902363169086	0.29837246939502	0.001
Ethnicity	9	6406.1691000258	711.796566669533	154.839968096498	0.429718675885101	0.001
EducationLevel	4	1330.14412113537	332.536030283842	72.3378992413595	0.0892245836077507	0.001
GeoRegion	1	512.276007549297	512.276007549297	111.437458931101	0.0343629030415234	0.001
Residuals	481	2211.14840552455	4.59698213206768	NA	0.148321368070605	NA
Total	499	14907.820999008	NA	NA	1	NA
