	Df	SumsOfSqs	MeanSqs	F.Model	R2	Pr(>F)
IncomeGroup	4	4209.03069405092	1052.25767351273	195.546628774954	0.274839327269123	0.001
Ethnicity	9	5926.80062732021	658.533403035579	122.378757732811	0.387005468877485	0.001
EducationLevel	4	1911.13570130937	477.783925327344	88.7891228853996	0.124792449532448	0.001
GeoRegion	1	679.233559172253	679.233559172253	126.22557762259	0.044352276814082	0.001
Residuals	481	2588.31330476227	5.38110874170951	NA	0.169010477506862	NA
Total	499	15314.513886615	NA	NA	1	NA
