	Df	SumsOfSqs	MeanSqs	F.Model	R2	Pr(>F)
IncomeGroup	4	4321.43988430927	1080.35997107732	215.279507142482	0.291935416576019	0.001
Ethnicity	9	5837.66462526061	648.629402806734	129.250085057402	0.394364170237427	0.001
EducationLevel	4	1539.46124182556	384.86531045639	76.6907480556407	0.103998498409475	0.001
GeoRegion	1	690.306628781389	690.306628781389	137.554958346943	0.0466337513961955	0.001
Residuals	481	2413.85328769013	5.01840600351378	NA	0.163068163380884	NA
Total	499	14802.725667867	NA	NA	1	NA
