	Df	SumsOfSqs	MeanSqs	F.Model	R2	Pr(>F)
IncomeGroup	4	4392.06531504594	1098.01632876149	216.490020420237	0.301855939521092	0.001
Ethnicity	9	5056.55699174686	561.839665749651	110.77492886489	0.347524832168788	0.001
EducationLevel	4	2224.07721558932	556.019303897329	109.627359176483	0.152855403852787	0.001
GeoRegion	1	437.918649205887	437.918649205887	86.3420832875238	0.0300970809420824	0.001
Residuals	481	2439.58522018276	5.0719027446627	NA	0.167666743515251	NA
Total	499	14550.2033917708	NA	NA	1	NA
