	Df	SumsOfSqs	MeanSqs	F.Model	R2	Pr(>F)
IncomeGroup	4	4511.1880914689	1127.79702286722	217.803326769558	0.321459572161325	0.001
Ethnicity	9	4678.3952789447	519.821697660522	100.389425385804	0.333374471265159	0.001
EducationLevel	4	1753.19416729185	438.298541822961	84.6454446958815	0.124929627296887	0.001
GeoRegion	1	600.033208340048	600.033208340048	115.880097481034	0.0427573434147749	0.001
Residuals	481	2490.64316897732	5.17805232635617	NA	0.177478985861854	NA
Total	499	14033.4539150228	NA	NA	1	NA
