	Df	SumsOfSqs	MeanSqs	F.Model	R2	Pr(>F)
IncomeGroup	4	4297.44116139042	1074.36029034761	200.739615169076	0.283896058417236	0.001
Ethnicity	9	5849.72461436917	649.969401596575	121.443996693099	0.386442466220614	0.001
EducationLevel	4	1952.47374590918	488.118436477294	91.2028376101658	0.128983639289062	0.001
GeoRegion	1	463.419223451714	463.419223451714	86.5878955257652	0.0306142390301281	0.001
Residuals	481	2574.31648069038	5.35200931536462	NA	0.17006359704296	NA
Total	499	15137.3752258109	NA	NA	1	NA
