	Df	SumsOfSqs	MeanSqs	F.Model	R2	Pr(>F)
IncomeGroup	4	4452.94794193953	1113.23698548488	226.488198346183	0.294659648807001	0.001
Ethnicity	9	5905.55907158298	656.173230175886	133.498522455936	0.390781564197605	0.001
EducationLevel	4	1786.76651949689	446.691629874222	90.8794657253206	0.118233584133423	0.001
GeoRegion	1	602.684807852667	602.684807852667	122.616296512743	0.0398807477964433	0.001
Residuals	481	2364.2158572862	4.91520968250769	NA	0.156444455065528	NA
Total	499	15112.1741981583	NA	NA	1	NA
