	Df	SumsOfSqs	MeanSqs	F.Model	R2	Pr(>F)
IncomeGroup	4	3198.39661635619	799.599154089046	157.999334236698	0.240946350444313	0.001
Ethnicity	9	5354.40924652571	594.934360725079	117.55794441302	0.403366286763224	0.001
EducationLevel	4	1743.10174905349	435.775437263373	86.1084314712162	0.131313922338382	0.001
GeoRegion	1	544.169668568908	544.169668568908	107.526933846803	0.0409941953395214	0.001
Residuals	481	2434.23299835335	5.06077546435208	NA	0.183379245114559	NA
Total	499	13274.3102788576	NA	NA	1	NA
