	Df	SumsOfSqs	MeanSqs	F.Model	R2	Pr(>F)
IncomeGroup	4	3521.12758045483	880.281895113707	173.693516275608	0.258740600067149	0.001
Ethnicity	9	5189.60758409419	576.623064899354	113.776834743432	0.381344370444001	0.001
EducationLevel	4	1810.63205903068	452.65801475767	89.3165731227948	0.133049432248604	0.001
GeoRegion	1	649.632954410557	649.632954410557	128.182838663865	0.0477365322917014	0.001
Residuals	481	2437.71673594217	5.06801816204192	NA	0.179129064948545	NA
Total	499	13608.7169139324	NA	NA	1	NA
