	Df	SumsOfSqs	MeanSqs	F.Model	R2	Pr(>F)
IncomeGroup	4	3963.92445721435	990.981114303588	189.15133025827	0.269202726631475	0.001
Ethnicity	9	5656.98130101641	628.553477890712	119.973756074092	0.38418360571056	0.001
EducationLevel	4	1902.5722198346	475.643054958649	90.7873170083178	0.129209735130196	0.001
GeoRegion	1	681.200722287407	681.200722287407	130.022682505011	0.0462625092386274	0.001
Residuals	481	2520.00298030781	5.23909143515136	NA	0.171141423289142	NA
Total	499	14724.6816806606	NA	NA	1	NA
