	Df	SumsOfSqs	MeanSqs	F.Model	R2	Pr(>F)
IncomeGroup	4	4539.58355107182	1134.89588776796	221.131814815816	0.297241298256439	0.001
Ethnicity	9	5988.37982278531	665.375535865035	129.646870136484	0.392105084740009	0.001
EducationLevel	4	1735.88713606011	433.971784015028	84.5583891988883	0.113661823853277	0.001
GeoRegion	1	539.939376987682	539.939376987682	105.205927354827	0.035353965752585	0.001
Residuals	481	2468.5951339524	5.13221441570145	NA	0.16163782739769	NA
Total	499	15272.3850208573	NA	NA	1	NA
