	Df	SumsOfSqs	MeanSqs	F.Model	R2	Pr(>F)
IncomeGroup	4	4186.28689630433	1046.57172407608	212.341171328238	0.3000386151684	0.001
Ethnicity	9	4978.72296692309	553.191440769233	112.238192375581	0.356833915425494	0.001
EducationLevel	4	1864.82581262808	466.206453157021	94.589622542629	0.133655377237801	0.001
GeoRegion	1	551.940229853843	551.940229853843	111.984331521861	0.0395585363170572	0.001
Residuals	481	2370.71782232206	4.92872728133484	NA	0.169913555851249	NA
Total	499	13952.4937280314	NA	NA	1	NA
