	Df	SumsOfSqs	MeanSqs	F.Model	R2	Pr(>F)
IncomeGroup	4	4045.74724872449	1011.43681218112	203.442753792717	0.281843186986472	0.001
Ethnicity	9	5908.87215170743	656.541350189714	132.058254804221	0.411636035656424	0.001
EducationLevel	4	1416.67602846572	354.169007116431	71.2383781646424	0.0986914066161696	0.001
GeoRegion	1	591.96671713407	591.96671713407	119.069562860466	0.0412388060572954	0.001
Residuals	481	2391.34153263971	4.97160401796198	NA	0.166590564683639	NA
Total	499	14354.6036786714	NA	NA	1	NA
