	Df	SumsOfSqs	MeanSqs	F.Model	R2	Pr(>F)
IncomeGroup	4	4195.90861086675	1048.97715271669	215.042469564591	0.298800346327753	0.001
Ethnicity	9	5458.2176384904	606.468626498933	124.327313343306	0.388692288599747	0.001
EducationLevel	4	1506.63542226987	376.658855567468	77.2158385669598	0.107290989321835	0.001
GeoRegion	1	535.436248017926	535.436248017926	109.765529945028	0.0381296522831416	0.001
Residuals	481	2346.31796908924	4.87799993573647	NA	0.167086723467524	NA
Total	499	14042.5158887342	NA	NA	1	NA
