	Df	SumsOfSqs	MeanSqs	F.Model	R2	Pr(>F)
IncomeGroup	4	4308.51130908432	1077.12782727108	207.439402574921	0.293820670935783	0.001
Ethnicity	9	5419.77336086278	602.197040095864	115.974530661191	0.369603635912708	0.001
EducationLevel	4	1828.15357059577	457.038392648943	88.0190528222594	0.124671671988777	0.001
GeoRegion	1	609.716915525854	609.716915525854	117.422751036842	0.0415798916026929	0.001
Residuals	481	2497.58955379882	5.19249387484162	NA	0.170324129560039	NA
Total	499	14663.7447098675	NA	NA	1	NA
