	Df	SumsOfSqs	MeanSqs	F.Model	R2	Pr(>F)
IncomeGroup	4	3653.32697765488	913.33174441372	190.110873188809	0.264182887759358	0.001
Ethnicity	9	5155.85980473362	572.873311637069	119.244125880896	0.372835484047276	0.001
EducationLevel	4	2152.3678955185	538.091973879624	112.004357273064	0.155644093626575	0.001
GeoRegion	1	556.402155248488	556.402155248488	115.815638978284	0.0402350868203515	0.001
Residuals	481	2310.8229513348	4.80420572003076	NA	0.167102447746439	NA
Total	499	13828.7797844903	NA	NA	1	NA
