	Df	SumsOfSqs	MeanSqs	F.Model	R2	Pr(>F)
IncomeGroup	4	3596.43047513765	899.107618784412	175.591098332317	0.248340311418778	0.001
Ethnicity	9	6016.63452236972	668.514946929969	130.557534304634	0.415459968240058	0.001
EducationLevel	4	1832.13736748559	458.034341871397	89.451753586356	0.126512542797296	0.001
GeoRegion	1	573.718649186814	573.718649186814	112.044304418914	0.0396163554365279	0.001
Residuals	481	2462.94241987612	5.12046241138486	NA	0.17007082210734	NA
Total	499	14481.8634340559	NA	NA	1	NA
