	Df	SumsOfSqs	MeanSqs	F.Model	R2	Pr(>F)
IncomeGroup	4	4275.52275067745	1068.88068766936	211.693411395733	0.296774296673664	0.001
Ethnicity	9	5524.73168129939	613.859075699932	121.575703771483	0.383484887027801	0.001
EducationLevel	4	1679.10421897499	419.776054743747	83.1372725469562	0.116550654197578	0.001
GeoRegion	1	498.627718688294	498.627718688294	98.7539619747051	0.0346109468116537	0.001
Residuals	481	2428.66137108	5.04919203966736	NA	0.168579215289303	NA
Total	499	14406.6477407201	NA	NA	1	NA
