	Df	SumsOfSqs	MeanSqs	F.Model	R2	Pr(>F)
IncomeGroup	4	4108.95877798191	1027.23969449548	208.762668503837	0.278313405136512	0.001
Ethnicity	9	5922.47397585884	658.052663984316	133.733957990103	0.401148803898004	0.001
EducationLevel	4	1819.05890537776	454.764726344439	92.4203945017045	0.123210892455881	0.001
GeoRegion	1	546.478094566897	546.478094566897	111.059011749648	0.0370147737053047	0.001
Residuals	481	2366.81345660823	4.9206100968986	NA	0.160312124804298	NA
Total	499	14763.7832103936	NA	NA	1	NA
