	Df	SumsOfSqs	MeanSqs	F.Model	R2	Pr(>F)
IncomeGroup	4	5302.88512130247	1325.72128032562	252.73946030262	0.326172364979336	0.001
Ethnicity	9	6051.18589435525	672.353988261695	128.17957035723	0.372199202687362	0.001
EducationLevel	4	1717.68876369623	429.422190924058	81.8663277015948	0.105652412514572	0.001
GeoRegion	1	663.122331663837	663.122331663837	126.419619799848	0.0407876418669769	0.001
Residuals	481	2523.04066437865	5.24540678665	NA	0.155188377951754	NA
Total	499	16257.9227753964	NA	NA	1	NA
