	Df	SumsOfSqs	MeanSqs	F.Model	R2	Pr(>F)
IncomeGroup	4	4488.83828285124	1122.20957071281	218.616539936396	0.297748052275781	0.001
Ethnicity	9	5760.51865842339	640.05762871371	124.688995532631	0.382099577344186	0.001
EducationLevel	4	1873.81096343091	468.452740857726	91.2588165372596	0.124291304239228	0.001
GeoRegion	1	483.709038043153	483.709038043153	94.2308807487605	0.0320847878382598	0.001
Residuals	481	2469.08492683081	5.13323269611396	NA	0.163776278302545	NA
Total	499	15075.9618695795	NA	NA	1	NA
