	Df	SumsOfSqs	MeanSqs	F.Model	R2	Pr(>F)
IncomeGroup	4	4296.84167023757	1074.21041755939	205.443310307739	0.29271699839673	0.001
Ethnicity	9	5562.76525163427	618.085027959363	118.209088387101	0.378956469009012	0.001
EducationLevel	4	1730.85379333061	432.713448332652	82.7566757750437	0.117912263455432	0.001
GeoRegion	1	573.680445261538	573.680445261538	109.716688468842	0.0390812673268858	0.001
Residuals	481	2515.02572691267	5.22874371499516	NA	0.17133300181194	NA
Total	499	14679.1668873767	NA	NA	1	NA
