	Df	SumsOfSqs	MeanSqs	F.Model	R2	Pr(>F)
IncomeGroup	4	3617.73463067164	904.433657667911	171.791554465619	0.257329553513601	0.001
Ethnicity	9	5243.9131006489	582.657011183211	110.672079508355	0.3729996681939	0.001
EducationLevel	4	2011.28561440827	502.821403602067	95.5078018282911	0.143062795362611	0.001
GeoRegion	1	653.499269312571	653.499269312571	124.128126331378	0.0464834191452147	0.001
Residuals	481	2532.32815019047	5.26471548896147	NA	0.180124563784673	NA
Total	499	14058.7607652319	NA	NA	1	NA
