	Df	SumsOfSqs	MeanSqs	F.Model	R2	Pr(>F)
IncomeGroup	4	4040.53268082379	1010.13317020595	191.463575491018	0.276016519350497	0.001
Ethnicity	9	5610.48386799857	623.387096444285	118.158601183102	0.383262889189489	0.001
EducationLevel	4	1972.70235059371	493.175587648428	93.4779335449409	0.134759072512787	0.001
GeoRegion	1	477.332080464579	477.332080464579	90.4749091683442	0.0326074678344893	0.001
Residuals	481	2537.68401442944	5.27585034184915	NA	0.173354051112737	NA
Total	499	14638.7349943101	NA	NA	1	NA
