	Df	SumsOfSqs	MeanSqs	F.Model	R2	Pr(>F)
IncomeGroup	4	4659.57816025148	1164.89454006287	245.343320684344	0.321202503162316	0.001
Ethnicity	9	5383.58721938005	598.176357708895	125.984429412164	0.371111210368493	0.001
EducationLevel	4	1517.47879940615	379.369699851538	79.9006422706522	0.104605604220339	0.001
GeoRegion	1	662.227357962716	662.227357962716	139.474478987449	0.0456498587908033	0.001
Residuals	481	2283.79673107602	4.74801815192519	NA	0.157430823458049	NA
Total	499	14506.6682680764	NA	NA	1	NA
