	Df	SumsOfSqs	MeanSqs	F.Model	R2	Pr(>F)
IncomeGroup	4	4499.40320598836	1124.85080149709	235.815169796938	0.307191554940908	0.001
Ethnicity	9	5748.98456726667	638.77606302963	133.913836008359	0.392505278522154	0.001
EducationLevel	4	1571.35111168244	392.837777920609	82.3550173762668	0.107282181493183	0.001
GeoRegion	1	532.763198211063	532.763198211063	111.689162580934	0.0363737917633006	0.001
Residuals	481	2294.39537747297	4.77005275981907	NA	0.156647193280454	NA
Total	499	14646.8974606215	NA	NA	1	NA
