	Df	SumsOfSqs	MeanSqs	F.Model	R2	Pr(>F)
IncomeGroup	4	3819.85793579408	954.964483948521	183.809797674193	0.277495519679616	0.001
Ethnicity	9	5038.1239954672	559.791555051911	107.747643188121	0.365997076287049	0.001
EducationLevel	4	1849.23664718363	462.309161795907	88.9844124268104	0.134338735378685	0.001
GeoRegion	1	559.272548874476	559.272548874476	107.647745838985	0.0406286383423325	0.001
Residuals	481	2498.98494308462	5.19539489206782	NA	0.181540030312317	NA
Total	499	13765.476070404	NA	NA	1	NA
