	Df	SumsOfSqs	MeanSqs	F.Model	R2	Pr(>F)
IncomeGroup	4	3268.27013015897	817.067532539743	160.225001565118	0.239887268891596	0.001
Ethnicity	9	5784.47016139072	642.718906821191	126.035650359595	0.424573457437392	0.001
EducationLevel	4	1601.6574458914	400.414361472849	78.5203047956899	0.117559814548159	0.001
GeoRegion	1	516.934019384147	516.934019384147	101.369532830946	0.037942362524724	0.001
Residuals	481	2452.85991145328	5.09950085541222	NA	0.180037096598129	NA
Total	499	13624.1916682785	NA	NA	1	NA
