	Df	SumsOfSqs	MeanSqs	F.Model	R2	Pr(>F)
IncomeGroup	4	4471.25904166189	1117.81476041547	220.048978602687	0.299041748347438	0.001
Ethnicity	9	5608.00549143375	623.111721270417	122.663524115529	0.375068353516163	0.001
EducationLevel	4	1975.18126221795	493.795315554488	97.2067632978562	0.132101864922864	0.001
GeoRegion	1	454.10456286214	454.10456286214	89.3933850001167	0.0303709136834913	0.001
Residuals	481	2443.40556895126	5.07984525769493	NA	0.163417119530044	NA
Total	499	14951.955927127	NA	NA	1	NA
