	Df	SumsOfSqs	MeanSqs	F.Model	R2	Pr(>F)
IncomeGroup	4	3973.01200377884	993.253000944711	191.184105260597	0.267259988170483	0.001
Ethnicity	9	5956.5490622402	661.838784693356	127.392573451086	0.400690264815981	0.001
EducationLevel	4	1909.04928138865	477.262320347163	91.8647812826977	0.128419568799571	0.001
GeoRegion	1	528.184345151249	528.184345151249	101.666394508097	0.0355303587562014	0.001
Residuals	481	2498.92475529382	5.19526976152562	NA	0.168099819457764	NA
Total	499	14865.7194478528	NA	NA	1	NA
