	Df	SumsOfSqs	MeanSqs	F.Model	R2	Pr(>F)
IncomeGroup	4	5086.48983494547	1271.62245873637	249.927999210747	0.335764546732757	0.001
Ethnicity	9	5520.59980872789	613.399978747543	120.55923387562	0.364420602934388	0.001
EducationLevel	4	1487.60309694361	371.900774235902	73.0943494833137	0.0981982458967935	0.001
GeoRegion	1	606.979124481337	606.979124481337	119.297262408419	0.0400673307567726	0.001
Residuals	481	2447.30644259041	5.08795518210065	NA	0.161549273679289	NA
Total	499	15148.9783076887	NA	NA	1	NA
