	Df	SumsOfSqs	MeanSqs	F.Model	R2	Pr(>F)
IncomeGroup	4	4027.83899474159	1006.9597486854	210.074763599458	0.272590563076847	0.001
Ethnicity	9	6018.58007358223	668.731119286914	139.512559443615	0.4073172073965	0.001
EducationLevel	4	1932.93671783365	483.234179458413	100.813668218054	0.130814640057377	0.001
GeoRegion	1	491.197518973291	491.197518973291	102.475002415606	0.033242591983861	0.001
Residuals	481	2305.59649726021	4.79333991114388	NA	0.156034997485416	NA
Total	499	14776.149802391	NA	NA	1	NA
