	Df	SumsOfSqs	MeanSqs	F.Model	R2	Pr(>F)
IncomeGroup	4	3899.48003675565	974.870009188913	197.90819287228	0.268606811718996	0.001
Ethnicity	9	6104.59112338951	678.287902598834	137.699110430272	0.420500872692245	0.001
EducationLevel	4	1672.67329520737	418.168323801842	84.8922794834032	0.115218294910664	0.001
GeoRegion	1	471.340078061921	471.340078061921	95.6866681693536	0.0324671890637322	0.001
Residuals	481	2369.34341936253	4.9258698947246	NA	0.163206831614364	NA
Total	499	14517.427952777	NA	NA	1	NA
