	Df	SumsOfSqs	MeanSqs	F.Model	R2	Pr(>F)
IncomeGroup	4	4128.85203388523	1032.21300847131	198.382188744083	0.289993764697721	0.001
Ethnicity	9	5597.63526557941	621.959473953268	119.535096671277	0.393155121750054	0.001
EducationLevel	4	1535.58173608088	383.89543402022	73.7812988450706	0.107853012167192	0.001
GeoRegion	1	472.940993669059	472.940993669059	90.8950659416897	0.0332174507849617	0.001
Residuals	481	2502.7169032558	5.20315364502245	NA	0.175780650600071	NA
Total	499	14237.7269324704	NA	NA	1	NA
