	Df	SumsOfSqs	MeanSqs	F.Model	R2	Pr(>F)
IncomeGroup	4	3926.05102580475	981.512756451188	184.594322081212	0.255456349808747	0.001
Ethnicity	9	6387.88438222422	709.764931358247	133.486371399605	0.415640453106138	0.001
EducationLevel	4	1998.47489743171	499.618724357927	93.9639134751458	0.130034759896598	0.001
GeoRegion	1	498.822678457074	498.822678457074	93.8142001347459	0.0324568936580102	0.001
Residuals	481	2557.54148085508	5.31713405583177	NA	0.166411543530506	NA
Total	499	15368.7744647728	NA	NA	1	NA
