	Df	SumsOfSqs	MeanSqs	F.Model	R2	Pr(>F)
IncomeGroup	4	4209.00667516201	1052.2516687905	198.929132970895	0.280059656484035	0.001
Ethnicity	9	6140.18037968307	682.24226440923	128.978519265289	0.408556445878733	0.001
EducationLevel	4	1590.30550197923	397.576375494808	75.162174613419	0.105816038548295	0.001
GeoRegion	1	545.183850575339	545.183850575339	103.067501740668	0.0362755428290919	0.001
Residuals	481	2544.28823536009	5.28958053089416	NA	0.169292316259844	NA
Total	499	15028.9646427597	NA	NA	1	NA
