	Df	SumsOfSqs	MeanSqs	F.Model	R2	Pr(>F)
IncomeGroup	4	4414.93755988127	1103.73438997032	224.924176600859	0.29278550839342	0.001
Ethnicity	9	6011.4975256515	667.944169516833	136.11679921286	0.398664609721228	0.001
EducationLevel	4	1717.14031830333	429.285079575833	87.4817292348979	0.113875631140478	0.001
GeoRegion	1	575.175301704288	575.175301704288	117.211923731458	0.0381439127599706	0.001
Residuals	481	2360.33426730213	4.90713984886097	NA	0.156530337984904	NA
Total	499	15079.0849728425	NA	NA	1	NA
