	Df	SumsOfSqs	MeanSqs	F.Model	R2	Pr(>F)
IncomeGroup	4	4873.64926404946	1218.41231601236	222.398379834151	0.324326897320606	0.001
Ethnicity	9	5214.87831784174	579.430924204637	105.764277884735	0.347034678347946	0.001
EducationLevel	4	1739.33234995381	434.833087488454	79.3706472634935	0.115747406903295	0.001
GeoRegion	1	563.941545269836	563.941545269836	102.93698146425	0.0375286364976504	0.001
Residuals	481	2635.16453869398	5.47851255445733	NA	0.175362380930502	NA
Total	499	15026.9660158088	NA	NA	1	NA
