	Df	SumsOfSqs	MeanSqs	F.Model	R2	Pr(>F)
IncomeGroup	4	4920.45783390224	1230.11445847556	221.889937229577	0.307034762057753	0.001
Ethnicity	9	6449.74851605807	716.638724006453	129.268394815177	0.402461939073204	0.001
EducationLevel	4	1403.02671534701	350.756678836754	63.2700289909555	0.0875483518503411	0.001
GeoRegion	1	585.932244103185	585.932244103185	105.691359018706	0.0365619568794299	0.001
Residuals	481	2666.57002076917	5.54380461698373	NA	0.166392990139272	NA
Total	499	16025.7353301797	NA	NA	1	NA
