	Df	SumsOfSqs	MeanSqs	F.Model	R2	Pr(>F)
IncomeGroup	4	4550.39008408841	1137.5975210221	229.739849856838	0.317655055674187	0.001
Ethnicity	9	5356.81162892449	595.201292102722	120.201963308971	0.373949983359071	0.001
EducationLevel	4	1537.81762184319	384.454405460796	77.6412533916265	0.107352454021797	0.001
GeoRegion	1	498.165530325105	498.165530325105	100.605418019822	0.0347760953118558	0.001
Residuals	481	2381.75661711544	4.95167695865996	NA	0.166266411633089	NA
Total	499	14324.9414822966	NA	NA	1	NA
