	Df	SumsOfSqs	MeanSqs	F.Model	R2	Pr(>F)
IncomeGroup	4	4195.93300290196	1048.98325072549	191.304610493566	0.280973670394184	0.001
Ethnicity	9	5489.7305060521	609.970056228011	111.241131770916	0.367610666970514	0.001
EducationLevel	4	2055.08057071828	513.77014267957	93.6970127602731	0.137615050219137	0.001
GeoRegion	1	555.327067927959	555.327067927959	101.275810031302	0.0371865528922996	0.001
Residuals	481	2637.47403837886	5.48331400910366	NA	0.176614059523866	NA
Total	499	14933.5451859792	NA	NA	1	NA
