	Df	SumsOfSqs	MeanSqs	F.Model	R2	Pr(>F)
IncomeGroup	4	4135.86738464075	1033.96684616019	200.277596833101	0.270694959386251	0.001
Ethnicity	9	6411.04554869435	712.338394299373	137.978719793618	0.419606711973423	0.001
EducationLevel	4	1652.4872686771	413.121817169274	80.0209842793812	0.108156266262802	0.001
GeoRegion	1	596.057375988616	596.057375988616	115.455286870145	0.0390123067737408	0.001
Residuals	481	2483.24356227173	5.16266852863146	NA	0.162529755603783	NA
Total	499	15278.7011402726	NA	NA	1	NA
