	Df	SumsOfSqs	MeanSqs	F.Model	R2	Pr(>F)
IncomeGroup	4	4582.155721022	1145.5389302555	215.438623204417	0.305259791936275	0.001
Ethnicity	9	5547.82973133463	616.425525703847	115.929597029126	0.369592273286462	0.001
EducationLevel	4	1712.29103570806	428.072758927015	80.5065662796665	0.114071549968627	0.001
GeoRegion	1	610.806560439802	610.806560439802	114.87285237528	0.0406914768735924	0.001
Residuals	481	2557.59258603356	5.31724030360407	NA	0.170384907935043	NA
Total	499	15010.675634538	NA	NA	1	NA
