	Df	SumsOfSqs	MeanSqs	F.Model	R2	Pr(>F)
IncomeGroup	4	4535.46036359149	1133.86509089787	213.891598718673	0.29178101610592	0.001
Ethnicity	9	6076.70988224289	675.189986915876	127.367415135708	0.390934644309773	0.001
EducationLevel	4	1740.41360347938	435.103400869845	82.0776323101081	0.111966505923922	0.001
GeoRegion	1	641.632987635912	641.632987635912	121.037243864178	0.0412783510583329	0.001
Residuals	481	2549.8388529005	5.30112027630042	NA	0.164039482602052	NA
Total	499	15544.0556898502	NA	NA	1	NA
