	Df	SumsOfSqs	MeanSqs	F.Model	R2	Pr(>F)
IncomeGroup	4	3902.04220002762	975.510550006906	179.036634919365	0.272645433252397	0.001
Ethnicity	9	5278.37705304618	586.486339227354	107.638549476169	0.368813386612554	0.001
EducationLevel	4	1893.36973040462	473.342432601155	86.8731110051627	0.132294471456379	0.001
GeoRegion	1	617.186129468764	617.186129468764	113.272919230051	0.043124336191236	0.001
Residuals	481	2620.80760602236	5.44866446158495	NA	0.183122372487434	NA
Total	499	14311.7827189696	NA	NA	1	NA
