	Df	SumsOfSqs	MeanSqs	F.Model	R2	Pr(>F)
IncomeGroup	4	3750.6792189619	937.669804740474	177.779514415738	0.253888829395292	0.001
Ethnicity	9	5953.75055125343	661.527839028159	125.423787137381	0.403017872156948	0.001
EducationLevel	4	1941.09535285754	485.273838214385	92.0065324491205	0.131395514815059	0.001
GeoRegion	1	590.436216603426	590.436216603426	111.945018758789	0.0399674701873116	0.001
Residuals	481	2536.95808295132	5.27434112879693	NA	0.171730313445389	NA
Total	499	14772.9194226276	NA	NA	1	NA
