	Df	SumsOfSqs	MeanSqs	F.Model	R2	Pr(>F)
IncomeGroup	4	3974.91012449227	993.727531123068	203.429861020019	0.278000019605675	0.001
Ethnicity	9	6205.76399243915	689.529332493238	141.156254491408	0.434023023800228	0.001
EducationLevel	4	1225.44685123324	306.361712808309	62.7165080029678	0.0857061513339418	0.001
GeoRegion	1	542.495525355605	542.495525355605	111.056387058482	0.037941428098104	0.001
Residuals	481	2349.6203559966	4.88486560498253	NA	0.164329377162051	NA
Total	499	14298.2368495169	NA	NA	1	NA
