	Df	SumsOfSqs	MeanSqs	F.Model	R2	Pr(>F)
IncomeGroup	4	3559.4520157971	889.863003949275	177.515732189742	0.256146404746392	0.001
Ethnicity	9	5803.5094743286	644.834386036511	128.635809861041	0.417633972915912	0.001
EducationLevel	4	1596.97038541484	399.24259635371	79.6435423189053	0.114921684825372	0.001
GeoRegion	1	525.040736514729	525.040736514729	104.738583757513	0.037783146508727	0.001
Residuals	481	2411.18969918733	5.01286839747885	NA	0.173514791003597	NA
Total	499	13896.1623112426	NA	NA	1	NA
