	Df	SumsOfSqs	MeanSqs	F.Model	R2	Pr(>F)
IncomeGroup	4	3684.25544031353	921.063860078383	162.389668282491	0.245353491363902	0.001
Ethnicity	9	6045.40994789796	671.712216433106	118.427319467932	0.402594896437637	0.001
EducationLevel	4	2106.11063398542	526.527658496354	92.8303188418481	0.140256723676844	0.001
GeoRegion	1	452.134332957023	452.134332957023	79.7142820713517	0.03010994730242	0.001
Residuals	481	2728.20137748548	5.67193633572865	NA	0.181684941219197	NA
Total	499	15016.1117326394	NA	NA	1	NA
