	Df	SumsOfSqs	MeanSqs	F.Model	R2	Pr(>F)
IncomeGroup	4	4038.76819135836	1009.69204783959	185.060160751477	0.274501551438455	0.001
Ethnicity	9	5861.97164444239	651.330182715821	119.378248619057	0.398418585728851	0.001
EducationLevel	4	1576.42896182608	394.107240456521	72.2334591306913	0.107144598365333	0.001
GeoRegion	1	611.583166028326	611.583166028326	112.093265724205	0.0415672601036195	0.001
Residuals	481	2624.3459048058	5.45602059211185	NA	0.178368004363741	NA
Total	499	14713.097868461	NA	NA	1	NA
