	Df	SumsOfSqs	MeanSqs	F.Model	R2	Pr(>F)
IncomeGroup	4	4503.45448456899	1125.86362114225	223.877030004794	0.302404985311359	0.001
Ethnicity	9	5468.77035962294	607.641151069215	120.828929592781	0.367225521194814	0.001
EducationLevel	4	1892.6642638644	473.166065966099	94.0886725161882	0.127091571786591	0.001
GeoRegion	1	608.322323011877	608.322323011877	120.964380058168	0.0408485760842733	0.001
Residuals	481	2418.91900101509	5.028937632048	NA	0.162429345622962	NA
Total	499	14892.1304320833	NA	NA	1	NA
