	Df	SumsOfSqs	MeanSqs	F.Model	R2	Pr(>F)
IncomeGroup	4	3431.7379714162	857.93449285405	167.399999370058	0.251102161501586	0.001
Ethnicity	9	5448.94266534642	605.43807392738	118.132950753496	0.398702142343943	0.001
EducationLevel	4	1731.02376317945	432.755940794862	84.4392489401552	0.126659964182986	0.001
GeoRegion	1	589.843556642576	589.843556642576	115.090151792274	0.0431591786011599	0.001
Residuals	481	2465.1522856374	5.12505672689687	NA	0.180376553370325	NA
Total	499	13666.700242222	NA	NA	1	NA
