	Df	SumsOfSqs	MeanSqs	F.Model	R2	Pr(>F)
IncomeGroup	4	3611.86738747403	902.966846868507	182.032052585095	0.252683872731487	0.001
Ethnicity	9	5995.91352666285	666.21261407365	134.303989142548	0.419470176489465	0.001
EducationLevel	4	1738.13942818596	434.534857046489	87.599309124427	0.121599094026671	0.001
GeoRegion	1	562.103749114201	562.103749114201	113.316341094787	0.0393244094995406	0.001
Residuals	481	2385.9921765191	4.96048269546591	NA	0.166922447252837	NA
Total	499	14294.0162679561	NA	NA	1	NA
