	Df	SumsOfSqs	MeanSqs	F.Model	R2	Pr(>F)
IncomeGroup	4	4152.98566772003	1038.24641693001	193.643835067894	0.275512793535607	0.001
Ethnicity	9	5986.62208066375	665.180231184861	124.063082595419	0.397157877549605	0.001
EducationLevel	4	1868.87521868477	467.218804671193	87.1412023938306	0.123982857988524	0.001
GeoRegion	1	486.231603583476	486.231603583476	90.687288599103	0.0322570406273822	0.001
Residuals	481	2578.9435866535	5.3616290782817	NA	0.171089430298882	NA
Total	499	15073.6581573055	NA	NA	1	NA
