	Df	SumsOfSqs	MeanSqs	F.Model	R2	Pr(>F)
IncomeGroup	4	3059.49662968871	764.874157422178	145.261333345515	0.223086709687746	0.001
Ethnicity	9	5598.58164063957	622.06462673773	118.13961320323	0.408227008655205	0.001
EducationLevel	4	1826.17996026352	456.54499006588	86.7048956297521	0.133158008634361	0.001
GeoRegion	1	697.417488296132	697.417488296132	132.450277297653	0.0508529969384232	0.001
Residuals	481	2532.70750892104	5.26550417655103	NA	0.184675276084265	NA
Total	499	13714.383227809	NA	NA	1	NA
