	Df	SumsOfSqs	MeanSqs	F.Model	R2	Pr(>F)
IncomeGroup	4	3928.10201690167	982.025504225419	181.264751582061	0.274584432559043	0.001
Ethnicity	9	5634.43621175139	626.048467972376	115.557609794311	0.393861580818665	0.001
EducationLevel	4	1473.26473778651	368.316184446627	67.9847329729282	0.102984993845307	0.001
GeoRegion	1	663.941952411473	663.941952411473	122.552085002823	0.0464112498785978	0.001
Residuals	481	2605.88042302635	5.4176308171026	NA	0.182157742898387	NA
Total	499	14305.6253418774	NA	NA	1	NA
