	Df	SumsOfSqs	MeanSqs	F.Model	R2	Pr(>F)
IncomeGroup	4	4235.81279731682	1058.9531993292	199.932651146637	0.287524176895796	0.001
Ethnicity	9	5614.44655186914	623.827394652127	117.779959444577	0.381104926207832	0.001
EducationLevel	4	1750.83094500293	437.707736250733	82.6401659595878	0.11884524893653	0.001
GeoRegion	1	583.292393729542	583.292393729542	110.126863723428	0.0395935026927776	0.001
Residuals	481	2547.64034766772	5.29654957935078	NA	0.172932145267064	NA
Total	499	14732.0230355862	NA	NA	1	NA
