	Df	SumsOfSqs	MeanSqs	F.Model	R2	Pr(>F)
IncomeGroup	4	4027.44157235883	1006.86039308971	203.340209662838	0.288305686082617	0.001
Ethnicity	9	5423.06768105322	602.56307567258	121.6904577668	0.388212025020835	0.001
EducationLevel	4	1531.0111273989	382.752781849725	77.2987312287924	0.109597918568025	0.001
GeoRegion	1	606.102551580016	606.102551580016	122.405271635787	0.0433880439554971	0.001
Residuals	481	2381.72199133253	4.95160497158531	NA	0.170496326373026	NA
Total	499	13969.3449237235	NA	NA	1	NA
