	Df	SumsOfSqs	MeanSqs	F.Model	R2	Pr(>F)
IncomeGroup	4	4069.49390835124	1017.37347708781	191.774490578606	0.283806203277037	0.001
Ethnicity	9	5492.80958379204	610.312175976893	115.04359930526	0.383068132895014	0.001
EducationLevel	4	1652.37000161786	413.092500404466	77.8677699104904	0.115236161333396	0.001
GeoRegion	1	572.585497084427	572.585497084427	107.932135532354	0.0399320700899795	0.001
Residuals	481	2551.72959136948	5.30505112550827	NA	0.177957432404573	NA
Total	499	14338.988582215	NA	NA	1	NA
