	Df	SumsOfSqs	MeanSqs	F.Model	R2	Pr(>F)
IncomeGroup	4	3527.45085994169	881.862714985423	170.045021493615	0.238255148037864	0.001
Ethnicity	9	6275.44026668483	697.271140742759	134.451183953774	0.423863013010614	0.001
EducationLevel	4	1890.87522158193	472.718805395481	91.1519197466462	0.127715671663978	0.001
GeoRegion	1	617.091549813757	617.091549813757	118.990568564114	0.0416803080727315	0.001
Residuals	481	2494.49211851177	5.18605430044028	NA	0.168485859214813	NA
Total	499	14805.350016534	NA	NA	1	NA
