	Df	SumsOfSqs	MeanSqs	F.Model	R2	Pr(>F)
IncomeGroup	4	4224.88494720263	1056.22123680066	199.214721119309	0.281210401685711	0.001
Ethnicity	9	5734.5060961462	637.167344016244	120.176635653542	0.381691521288446	0.001
EducationLevel	4	1864.04844727199	466.012111817997	87.8949122205195	0.12407197336014	0.001
GeoRegion	1	650.26366935023	650.26366935023	122.646743911354	0.0432818668306406	0.001
Residuals	481	2550.2252647125	5.30192362726092	NA	0.169744236835062	NA
Total	499	15023.9284246836	NA	NA	1	NA
