	Df	SumsOfSqs	MeanSqs	F.Model	R2	Pr(>F)
IncomeGroup	4	4308.69607116993	1077.17401779248	206.825335679447	0.273983308389318	0.001
Ethnicity	9	6557.28179071751	728.586865635279	139.89403807332	0.41696739091973	0.001
EducationLevel	4	1748.80256365931	437.200640914828	83.9457393354052	0.111203645881897	0.001
GeoRegion	1	606.233376780516	606.233376780516	116.401268116059	0.0385494412886852	0.001
Residuals	481	2505.1123492975	5.20813378232328	NA	0.15929621352037	NA
Total	499	15726.1261516248	NA	NA	1	NA
