	Df	SumsOfSqs	MeanSqs	F.Model	R2	Pr(>F)
IncomeGroup	4	4478.60405173779	1119.65101293445	217.579819152087	0.29780264817459	0.001
Ethnicity	9	5940.62296736582	660.069218596202	128.270094476688	0.39501890121362	0.001
EducationLevel	4	1626.61544775557	406.653861938892	79.0243323285792	0.108161021226099	0.001
GeoRegion	1	517.796301042623	517.796301042623	100.622447742179	0.0344306189795159	0.001
Residuals	481	2475.19342244247	5.14593227119017	NA	0.164586810406175	NA
Total	499	15038.8321903443	NA	NA	1	NA
