	Df	SumsOfSqs	MeanSqs	F.Model	R2	Pr(>F)
IncomeGroup	4	4373.94841584064	1093.48710396016	199.841856848607	0.289156856218145	0.001
Ethnicity	9	5510.88927002795	612.321030003105	111.905637643195	0.364318749283039	0.001
EducationLevel	4	1906.65424436441	476.663561091103	87.1133557913325	0.126046787657288	0.001
GeoRegion	1	703.150073962648	703.150073962648	128.505234231871	0.0464844679238219	0.001
Residuals	481	2631.91758372868	5.47176212833405	NA	0.173993138917706	NA
Total	499	15126.5595879243	NA	NA	1	NA
