	Df	SumsOfSqs	MeanSqs	F.Model	R2	Pr(>F)
IncomeGroup	4	4061.64020996379	1015.41005249095	202.011560867664	0.283280713677334	0.001
Ethnicity	9	5525.8114403211	613.979048924566	122.148550439332	0.385399919131314	0.001
EducationLevel	4	1838.16442923281	459.541107308203	91.423771256206	0.128203510023356	0.001
GeoRegion	1	494.503458053232	494.503458053232	98.3793839451685	0.0344893405795975	0.001
Residuals	481	2417.74398034626	5.02649476163464	NA	0.168626516588399	NA
Total	499	14337.8635179172	NA	NA	1	NA
