	Df	SumsOfSqs	MeanSqs	F.Model	R2	Pr(>F)
IncomeGroup	4	3483.42069693432	870.855174233581	164.265676783139	0.230224108526488	0.001
Ethnicity	9	6428.85334095891	714.317037884323	134.738559449981	0.424891839958458	0.001
EducationLevel	4	2141.56429644704	535.391074111759	100.988522241967	0.141538956645572	0.001
GeoRegion	1	526.70253336572	526.70253336572	99.3496400625478	0.0348105014445954	0.001
Residuals	481	2550.02351683824	5.30150419301089	NA	0.168534593424887	NA
Total	499	15130.5643845442	NA	NA	1	NA
