	Df	SumsOfSqs	MeanSqs	F.Model	R2	Pr(>F)
IncomeGroup	4	4089.92098814693	1022.48024703673	200.156039670332	0.288277224189321	0.001
Ethnicity	9	5464.19934875538	607.13326097282	118.849620245122	0.38514294658538	0.001
EducationLevel	4	1613.38344717369	403.345861793423	78.9571344267624	0.113718994340514	0.001
GeoRegion	1	562.806206878586	562.806206878586	110.172359610046	0.039669277608463	0.001
Residuals	481	2457.14793135751	5.10841565770793	NA	0.173191557276321	NA
Total	499	14187.4579223121	NA	NA	1	NA
