	Df	SumsOfSqs	MeanSqs	F.Model	R2	Pr(>F)
IncomeGroup	4	4370.43710601275	1092.60927650319	211.326198186709	0.296827095508941	0.001
Ethnicity	9	5475.98679193627	608.442976881808	117.681538938921	0.37191274352388	0.001
EducationLevel	4	1761.85177937742	440.462944844355	85.1918078839489	0.119659735103012	0.001
GeoRegion	1	628.682305926452	628.682305926452	121.596113483394	0.042698233229184	0.001
Residuals	481	2486.89025074736	5.17025000155377	NA	0.168902192634983	NA
Total	499	14723.8482340003	NA	NA	1	NA
