	Df	SumsOfSqs	MeanSqs	F.Model	R2	Pr(>F)
IncomeGroup	4	3910.9405435005	977.735135875126	187.840130065818	0.266111261173794	0.001
Ethnicity	9	5835.62195980135	648.402439977928	124.569522145109	0.397071932488719	0.001
EducationLevel	4	1981.11125797134	495.277814492836	95.1515862317647	0.13480031453316	0.001
GeoRegion	1	465.288198294911	465.288198294911	89.3900530715596	0.031659501820684	0.001
Residuals	481	2503.67480149822	5.20514511745992	NA	0.170356989983643	NA
Total	499	14696.6367610663	NA	NA	1	NA
