	Df	SumsOfSqs	MeanSqs	F.Model	R2	Pr(>F)
IncomeGroup	4	3645.30840494287	911.327101235717	177.146844092124	0.25759033190187	0.001
Ethnicity	9	5698.73714691751	633.193016324168	123.082200003604	0.40269283968005	0.001
EducationLevel	4	1665.95224354039	416.488060885099	80.9583578583388	0.11772205357559	0.001
GeoRegion	1	667.083915091989	667.083915091989	129.670027526811	0.0471384991354764	0.001
Residuals	481	2474.49136303224	5.14447268821671	NA	0.174856275707013	NA
Total	499	14151.573073525	NA	NA	1	NA
