	Df	SumsOfSqs	MeanSqs	F.Model	R2	Pr(>F)
IncomeGroup	4	3979.04539005377	994.761347513442	187.72074995405	0.270228287891461	0.001
Ethnicity	9	5514.96117506768	612.773463896409	115.636071387485	0.374536696628706	0.001
EducationLevel	4	1958.39259289176	489.59814822294	92.3917397778489	0.133000010183173	0.001
GeoRegion	1	723.462505338088	723.462505338088	136.524126520574	0.0491323960917512	0.001
Residuals	481	2548.89354677673	5.29915498290381	NA	0.173102609204908	NA
Total	499	14724.755210128	NA	NA	1	NA
