	Df	SumsOfSqs	MeanSqs	F.Model	R2	Pr(>F)
IncomeGroup	4	4006.6303195322	1001.65757988305	200.439319830629	0.271542945156546	0.001
Ethnicity	9	6113.00190404117	679.222433782353	135.917588380787	0.414298901667755	0.001
EducationLevel	4	1660.35927586	415.089818964999	83.0626380241415	0.1125281874864	0.001
GeoRegion	1	571.354160858098	571.354160858098	114.33232442385	0.0387226120689292	0.001
Residuals	481	2403.70649995652	4.99731081072041	NA	0.16290735362037	NA
Total	499	14755.052160248	NA	NA	1	NA
