	Df	SumsOfSqs	MeanSqs	F.Model	R2	Pr(>F)
IncomeGroup	4	4782.19063751442	1195.5476593786	228.489957629467	0.312766964118456	0.001
Ethnicity	9	5885.45057120989	653.938952356655	124.979110907123	0.384922862168311	0.001
EducationLevel	4	1538.4979865189	384.624496629725	73.5084329334547	0.100621531222765	0.001
GeoRegion	1	567.031194494137	567.031194494137	108.369526374123	0.0370852269817857	0.001
Residuals	481	2516.77767428912	5.2323860172331	NA	0.164603415508682	NA
Total	499	15289.9480640265	NA	NA	1	NA
