	Df	SumsOfSqs	MeanSqs	F.Model	R2	Pr(>F)
IncomeGroup	4	4353.25631476217	1088.31407869054	200.028584438553	0.295009895888491	0.001
Ethnicity	9	5468.74841427927	607.638712697697	111.682017104132	0.370604160123987	0.001
EducationLevel	4	1856.39477673109	464.098694182773	85.2998290244094	0.125803488288582	0.001
GeoRegion	1	460.885226430159	460.885226430159	84.7092041135676	0.0312331029543646	0.001
Residuals	481	2617.02132882393	5.44079278341774	NA	0.177349352744576	NA
Total	499	14756.3060610266	NA	NA	1	NA
