	Df	SumsOfSqs	MeanSqs	F.Model	R2	Pr(>F)
IncomeGroup	4	4219.66487906829	1054.91621976707	195.607479729654	0.300957000605143	0.001
Ethnicity	9	4837.93486394955	537.548318216617	99.6747132985437	0.345053554608062	0.001
EducationLevel	4	1828.4095475392	457.102386884801	84.7580539587187	0.130406719271675	0.001
GeoRegion	1	540.768356580737	540.768356580737	100.271787812364	0.0385689449951405	0.001
Residuals	481	2594.045495649	5.39302597848025	NA	0.185013780519979	NA
Total	499	14020.8231427868	NA	NA	1	NA
