	Df	SumsOfSqs	MeanSqs	F.Model	R2	Pr(>F)
IncomeGroup	4	3939.51924170725	984.879810426811	189.181767214191	0.263142253057564	0.001
Ethnicity	9	6287.77248066277	698.641386740307	134.199331525769	0.419995059234161	0.001
EducationLevel	4	1604.94058444868	401.23514611217	77.0717129200256	0.107202847734367	0.001
GeoRegion	1	634.74586161851	634.74586161851	121.92588634835	0.0423981825947055	0.001
Residuals	481	2504.0848057992	5.20599751725405	NA	0.167261657379203	NA
Total	499	14971.0629742364	NA	NA	1	NA
