	Df	SumsOfSqs	MeanSqs	F.Model	R2	Pr(>F)
IncomeGroup	4	4216.50531181267	1054.12632795317	212.017945698321	0.285871103185403	0.001
Ethnicity	9	5745.48807841606	638.387564268451	128.399809725239	0.389533249421969	0.001
EducationLevel	4	1819.48419334223	454.871048335558	91.4888687136857	0.123357594765021	0.001
GeoRegion	1	576.724508244237	576.724508244237	115.997430506498	0.039100833323737	0.001
Residuals	481	2391.47097702253	4.97187313310296	NA	0.16213721930387	NA
Total	499	14749.6730688377	NA	NA	1	NA
